timestamp,accel_device_id,gyro_device_id,accel_clipping[0],accel_clipping[1],accel_clipping[2],gyro_clipping[0],gyro_clipping[1],gyro_clipping[2],accel_error_count,gyro_error_count,accel_rate_hz,gyro_rate_hz,accel_raw_rate_hz,gyro_raw_rate_hz,accel_vibration_metric,gyro_vibration_metric,delta_angle_coning_metric,mean_accel[0],mean_accel[1],mean_accel[2],mean_gyro[0],mean_gyro[1],mean_gyro[2],var_accel[0],var_accel[1],var_accel[2],var_gyro[0],var_gyro[1],var_gyro[2],temperature_accel,temperature_gyro
9101484089,15728642,15728642,0,0,0,0,0,0,0,0,127.89625,99.87125,127.89625,99.87125,0.047607657,0.0,0.0,-0.42773703,-0.36696887,-9.842634,0.0,0.0,0.0,0.00040242966,0.00028505432,0.00032261392,0.0,0.0,0.0,nan,nan
9102555446,15728642,15728642,0,0,0,0,0,0,0,0,127.834755,99.870766,127.834755,99.870766,0.029015636,0.0,0.0,-0.4334586,-0.37269044,-9.842634,0.0,0.0,0.0,0.00031745815,0.0003057208,0.00032261538,0.0,0.0,0.0,nan,nan
9103507508,15728642,15728642,0,0,0,0,0,0,0,0,127.88791,99.84163,127.88791,99.84163,0.023292834,0.0,0.0,-0.43854275,-0.37564987,-9.841646,0.0,0.0,0.0,0.0002837548,0.00030136097,0.00038557625,0.0,0.0,0.0,nan,nan
9104478455,15728642,15728642,0,0,0,0,0,0,0,0,127.8706,99.84884,127.8706,99.84884,0.022116838,0.0,0.0,-0.44447428,-0.374499,-9.834636,0.0,0.0,0.0,0.00018651555,0.00043620466,0.00041985014,0.0,0.0,0.0,nan,nan
9105540221,15728642,15728642,0,0,0,0,0,0,0,0,127.82664,99.84675,127.82664,99.84675,0.020264763,0.0,0.0,-0.4374045,-0.36913913,-9.845425,0.0,0.0,0.0,0.00029062954,0.00029062954,0.00076696556,0.0,0.0,0.0,nan,nan
9106482177,15728642,15728642,0,0,0,0,0,0,0,0,127.8396,99.84661,127.8396,99.84661,0.019128555,0.0,0.0,-0.44024253,-0.37734964,-9.847356,0.0,0.0,0.0,0.00048006477,0.00040377094,0.00021734077,0.0,0.0,0.0,nan,nan
9107554520,15728642,15728642,0,0,0,0,0,0,0,0,127.828766,99.84736,127.828766,99.84736,0.017733606,0.0,0.0,-0.4419423,-0.36460134,-9.846875,0.0,0.0,0.0,0.00013078956,0.00013078956,0.00027291462,0.0,0.0,0.0,nan,nan
9108504643,15728642,15728642,0,0,0,0,0,0,0,0,127.834915,99.8454,127.834915,99.8454,0.018962333,0.0,0.0,-0.4381178,-0.37607482,-9.847656,0.0,0.0,0.0,0.00085009064,0.00042577912,0.0002466832,0.0,0.0,0.0,nan,nan
9109486128,15728642,15728642,0,0,0,0,0,0,0,0,127.747406,99.841736,127.747406,99.841736,0.01917909,0.00027998077,8.2718166e-11,-0.43112394,-0.36575222,-9.847005,1.0186341e-10,-0.0005524273,0.0021484375,0.000597116,0.00056243676,0.00070699287,1.0172526e-05,3.0517572e-06,1.5640258e-05,nan,nan
9110537891,15728642,15728642,0,0,0,0,0,0,0,0,127.7414,99.85369,127.7414,99.85369,0.088156216,0.039937846,1.2807637e-07,-2.3975344,-0.15586282,-9.364397,0.24470012,-0.27131706,0.08309656,0.0109499525,0.020366626,0.03334732,0.103632286,0.07849439,0.0063982815,nan,nan
9111498813,15728642,15728642,0,0,0,0,0,0,0,0,127.57815,99.85362,127.57815,99.85362,0.070086315,0.031708762,4.7501267e-08,-2.1084967,0.61615413,-9.609096,-0.2470856,0.35983098,0.01882106,0.012408438,0.006683899,0.0006466606,0.0015489407,0.004494233,0.0002123053,nan,nan
9112552266,15728642,15728642,0,0,0,0,0,0,0,0,127.608536,99.84887,127.608536,99.84887,0.11262009,0.04508154,3.3298686e-09,-0.29002485,-0.4995777,-9.833073,0.019460501,0.018456092,-0.028941762,0.0038659223,0.0036804923,0.0034800193,0.0005452935,0.0006154149,0.003674941,nan,nan
9113512619,15728642,15728642,0,0,0,0,0,0,0,0,127.544136,99.85031,127.544136,99.85031,0.22638828,0.10711118,6.178494e-07,0.2988625,-1.1639634,-9.477864,0.7566997,-0.66429365,-0.30184668,0.17902723,0.16298763,0.099216245,0.008857517,0.014059447,0.0032381923,nan,nan
9114484264,15728642,15728642,0,0,0,0,0,0,0,0,127.49893,99.84795,127.49893,99.84795,0.20681342,0.111605786,8.0498626e-07,2.1223063,0.88605434,-9.39202,-0.021594878,0.78068,0.07315346,0.0082709845,0.03705913,0.027523583,0.096057996,0.13143085,0.012987792,nan,nan
9115566012,15728642,15728642,0,0,0,0,0,0,0,0,127.4429,99.84463,127.4429,99.84463,0.19071187,0.10428034,4.6013943e-07,1.4410452,0.8542897,-9.603236,-0.32919636,-0.5559426,0.10564629,0.13383418,0.025892315,0.0991673,0.039548595,0.0046567405,0.0027576115,nan,nan
9116547017,15728642,15728642,0,0,0,0,0,0,0,0,127.41206,99.85053,127.41206,99.85053,0.13226232,0.06753812,2.6068962e-08,-0.14994512,-0.9683253,-9.720145,0.17577228,0.005273168,-0.011186089,0.003853934,0.0061712586,0.0024334367,0.0066879615,0.0005191109,0.0011780482,nan,nan
9117568967,15728642,15728642,0,0,0,0,0,0,0,0,127.43896,99.8445,127.43896,99.8445,0.122698024,0.059695095,1.0151391e-07,1.6591932,0.2624035,-9.589844,0.19776893,-0.12181019,0.013476539,0.0063837506,0.0052452115,0.0072606592,0.019687567,0.024842916,0.008426626,nan,nan
9118510617,15728642,15728642,0,0,0,0,0,0,0,0,127.407715,99.84759,127.407715,99.84759,0.12663175,0.06602298,3.6927634e-07,-0.44959134,-1.3126514,-9.658052,-0.7231271,0.5618184,0.05000008,0.026282197,0.07862492,0.010888687,0.007892269,0.014200762,0.0039683026,nan,nan
9119552539,15728642,15728642,0,0,0,0,0,0,0,0,127.22124,99.847145,127.22124,99.847145,0.14558323,0.07865655,6.253389e-07,0.096674144,0.1830549,-9.943537,-0.110485464,-0.5877825,-0.6046875,0.076228335,0.04552627,0.086735085,0.044976983,0.0011991726,0.026825115,nan,nan
9120514197,15728642,15728642,0,0,0,0,0,0,0,0,127.17921,99.84823,127.17921,99.84823,0.19214235,0.095378734,2.7682796e-07,2.4204197,0.6992156,-9.385881,0.4311443,-0.88262796,0.07439623,0.066295266,0.04402613,0.057563607,0.0037085803,0.036031127,0.010477792,nan,nan
9121484086,15728642,15728642,0,0,0,0,0,0,0,0,127.18588,99.84762,127.18588,99.84762,0.22014154,0.10125057,9.681894e-07,2.4508638,1.4628702,-9.2890625,0.081483,0.988468,-0.09996443,0.50249916,0.3574111,0.2261504,0.01759453,0.012410012,0.020465713,nan,nan
9122547287,15728642,15728642,0,0,0,0,0,0,0,0,127.173874,99.84457,127.173874,99.84457,0.28632885,0.12227462,4.7515616e-07,2.1845977,1.6366916,-9.521662,-0.4876551,1.1864754,-0.3529296,0.13320537,0.07681941,0.033350676,0.016736113,0.0124789085,0.0029636382,nan,nan
9123518058,15728642,15728642,0,0,0,0,0,0,0,0,127.158035,99.84477,127.158035,99.84477,0.22791752,0.11034894,1.4488512e-07,-0.7043452,-1.2875493,-9.837333,-0.1845609,-0.12655604,0.033558242,0.05700918,0.10115271,0.08295529,0.00436717,0.03880473,0.004192978,nan,nan
9124479514,15728642,15728642,0,0,0,0,0,0,0,0,127.148605,99.84638,127.148605,99.84638,0.25155267,0.11970448,7.141752e-08,-1.3058989,-0.21367033,-9.953683,-0.002008826,-0.14538878,0.0053266957,0.028801765,0.030552335,0.088355064,0.003159852,0.033204686,0.0019493802,nan,nan
9125551438,15728642,15728642,0,0,0,0,0,0,0,0,127.1013,99.84708,127.1013,99.84708,0.20401579,0.09442285,1.6127944e-07,-0.49757966,-0.13258189,-10.142578,0.16999692,-0.19786939,0.16690338,0.015165896,0.04018109,0.023988582,0.002789099,0.022974813,0.0067530535,nan,nan
9126513652,15728642,15728642,0,0,0,0,0,0,0,0,127.12971,99.84508,127.12971,99.84508,0.2116552,0.100037694,2.4734715e-07,0.1935462,-0.61023414,-9.784598,0.7556952,-0.15304743,0.016157612,0.0062155672,0.013140709,0.021178864,0.0047549526,0.001655891,0.0031876308,nan,nan
9127475039,15728642,15728642,0,0,0,0,0,0,0,0,127.11276,99.84571,127.11276,99.84571,0.19374423,0.08465309,1.5948436e-07,0.69881976,2.0441935,-9.363582,-0.69453907,0.17387645,0.003906304,0.027394613,0.13597164,0.016099181,0.0009597991,0.0016633993,0.0022566053,nan,nan
9128536176,15728642,15728642,0,0,0,0,0,0,0,0,127.10578,99.845726,127.10578,99.845726,0.21182308,0.09272179,3.5736076e-07,0.22609995,1.2374374,-9.545759,0.8189733,-0.17966437,-0.026100915,0.017093198,0.18698,0.13749912,0.028366849,0.0020925354,0.0012781312,nan,nan
9129487313,15728642,15728642,0,0,0,0,0,0,0,0,127.13352,99.84595,127.13352,99.84595,0.18052186,0.07133377,7.901488e-08,-0.15616748,-4.5738835,-8.848557,0.009667475,-0.06656747,0.020117182,0.021354195,0.001555717,0.20632468,0.037347157,0.001525794,0.00073924556,nan,nan
9130558596,15728642,15728642,0,0,0,0,0,0,0,0,127.12445,99.84436,127.12445,99.84436,0.2324708,0.10201197,2.0233945e-06,-0.9412515,-0.37947437,-10.173377,-0.29872495,1.2179637,0.5935548,0.36908484,0.52681935,0.32958367,0.0395063,0.18943675,0.15518059,nan,nan
9131511543,15728642,15728642,0,0,0,0,0,0,0,0,127.14525,99.84596,127.14525,99.84596,0.19826096,0.08823964,1.5276989e-07,0.29299822,0.028259428,-10.466045,0.046956316,-0.22870485,0.061718732,0.01224068,0.03437571,0.03908636,0.009952121,0.009471131,0.0025195652,nan,nan
9132572299,15728642,15728642,0,0,0,0,0,0,0,0,127.17217,99.84466,127.17217,99.84466,0.4621299,0.14913324,4.6565012e-07,-0.45496383,-0.48416233,-9.807478,-0.016572818,-0.10948102,-0.064098,1.3170134,1.3403454,0.23811087,0.003911588,0.09243279,0.2822844,nan,nan
9133544569,15728642,15728642,0,0,0,0,0,0,0,0,127.19382,99.845024,127.19382,99.845024,0.48923194,0.1601362,4.4312895e-07,1.0196221,1.697925,-10.062779,-0.03364783,0.17476787,0.12500001,0.46822757,0.20833232,0.0865372,0.03187381,0.01919569,0.052121736,nan,nan
9134506204,15728642,15728642,0,0,0,0,0,0,0,0,127.21319,99.844284,127.21319,99.844284,0.5234931,0.23439221,2.0009886e-06,0.9467746,1.3084031,-9.314904,-0.09460315,-0.23464347,-0.21914065,0.6969632,0.624277,0.31680176,0.13074502,1.0373659,0.24998887,nan,nan
9135566722,15728642,15728642,0,0,0,0,0,0,0,0,127.20188,99.84682,127.20188,99.84682,0.42282978,0.18856874,2.5615705e-07,-0.18723395,-0.42240888,-9.80971,0.1819243,0.1879508,-0.11825284,0.17568871,0.9764984,0.26123855,0.067447685,0.06767062,0.038545504,nan,nan
9136539242,15728642,15728642,0,0,0,0,0,0,0,0,127.194664,99.8445,127.194664,99.8445,0.3787642,0.16282295,1.12912005e-07,-0.27600172,-0.48974732,-9.798677,0.013534477,0.007181544,0.16894531,0.014467189,0.17895304,0.008902522,0.004875523,0.0040307776,0.02249082,nan,nan
9137500868,15728642,15728642,0,0,0,0,0,0,0,0,127.21183,99.84674,127.21183,99.84674,0.42238364,0.18832172,1.5258497e-07,-0.372464,-0.7774344,-9.843149,-0.028726215,-0.024306793,-0.060156245,0.0117910355,0.1502274,0.006021769,0.0021882819,0.001249185,0.18533647,nan,nan
9138461967,15728642,15728642,0,0,0,0,0,0,0,0,127.22432,99.84474,127.22432,99.84474,0.46274003,0.18795642,7.2145645e-09,-0.6739617,0.010128433,-9.832683,0.000690535,-0.0012429621,0.016601562,0.00032598295,0.000857729,0.0011841748,6.7922796e-05,5.6563476e-05,5.107456e-05,nan,nan
9139542476,15728642,15728642,0,0,0,0,0,0,0,0,127.24683,99.84595,127.24683,99.84595,0.40471995,0.17848377,1.16586584e-07,-1.2847884,0.5196767,-9.733817,-0.10282678,-0.098306924,-0.013671869,0.018178917,0.07059286,0.015791358,0.04618087,0.030860826,0.030023193,nan,nan
9140494813,15728642,15728642,0,0,0,0,0,0,0,0,127.25654,99.846085,127.25654,99.846085,0.34596595,0.17355931,5.3114314e-07,-0.68303734,0.6491025,-9.926061,0.07307104,-0.011048559,0.11541192,0.046594996,0.046734143,0.13493812,0.057550993,0.14705546,0.10296968,nan,nan
9141565725,15728642,15728642,0,0,0,0,0,0,0,0,127.27303,99.844215,127.27303,99.844215,0.43059105,0.21211591,1.2250992e-07,0.17795987,-0.39735234,-9.859933,-0.008788597,-0.013057385,0.26331675,0.2153,0.3419798,0.022582669,0.0013802607,0.0022183855,0.3108382,nan,nan
9142528261,15728642,15728642,0,0,0,0,0,0,0,0,127.28798,99.84449,127.28798,99.84449,0.4978358,0.2396619,2.638022e-07,-0.5153691,0.23501234,-10.136067,0.20881745,0.19997865,0.084375,0.03732363,0.3361393,0.09281177,0.23273966,0.20788819,0.12983008,nan,nan
9143489622,15728642,15728642,0,0,0,0,0,0,0,0,127.254616,99.84473,127.254616,99.84473,0.45292217,0.22337613,4.8177435e-07,-0.3827537,-0.5177025,-9.775949,0.26579285,0.24595562,0.5687145,0.110907584,0.34058052,0.013241372,0.020992039,0.019370442,0.061234146,nan,nan
9144550695,15728642,15728642,0,0,0,0,0,0,0,0,127.27032,99.84396,127.27032,99.84396,0.52744776,0.27901903,6.3907044e-07,-0.4571341,0.51237684,-10.021484,-0.10558893,-0.08675618,-0.13884944,0.06996946,0.17414945,0.06266137,0.19406144,0.13812093,0.5127872,nan,nan
9145532681,15728642,15728642,0,0,0,0,0,0,0,0,127.263115,99.8461,127.263115,99.8461,0.46857908,0.2370152,4.951969e-08,-0.14323705,-0.3314557,-9.7952,0.16384485,0.16660702,-0.19211648,0.104388736,0.0069415756,0.042176988,0.032330036,0.03533603,0.06366979,nan,nan
9146494489,15728642,15728642,0,0,0,0,0,0,0,0,127.27611,99.84475,127.27611,99.84475,0.62404764,0.26837564,3.330094e-07,-0.13139933,-0.53269696,-9.784598,-0.16221265,-0.17953886,0.6203835,0.17833501,0.6789079,0.067558594,0.025561268,0.026154717,0.24717045,nan,nan
9147566471,15728642,15728642,0,0,0,0,0,0,0,0,127.28942,99.84441,127.28942,99.84441,0.62889117,0.23769602,3.0350193e-07,0.05405833,-0.5678156,-9.891183,-0.033145633,-0.21745542,-0.17737927,0.3301059,0.102257036,0.16336726,0.042878345,0.022225708,0.043743756,nan,nan
9148528073,15728642,15728642,0,0,0,0,0,0,0,0,127.29848,99.845184,127.29848,99.845184,0.69990504,0.28882214,7.234256e-08,-0.15211536,-0.6879685,-9.825614,0.0013810724,0.007658644,0.0625,0.023616457,0.010292013,0.0020601843,0.002280426,0.003601212,0.003038025,nan,nan
9149489440,15728642,15728642,0,0,0,0,0,0,0,0,127.2896,99.84431,127.2896,99.84431,0.28023767,0.112180665,1.5490399e-11,-0.101805024,-0.65738773,-9.827288,2.910383e-11,0.0002511032,0.0007102273,0.0002850544,0.00035212652,0.00037836656,1.9073486e-06,1.0750512e-06,4.0227715e-06,nan,nan
9150561370,15728642,15728642,0,0,0,0,0,0,0,0,127.30275,99.84382,127.30275,99.84382,0.10730971,0.039364785,0.0,-0.09391321,-0.65738773,-9.829241,0.0,0.0,0.0,8.5401774e-18,0.0,0.0004024279,0.0,0.0,0.0,nan,nan
9151522932,15728642,15728642,0,0,0,0,0,0,0,0,127.314224,99.84491,127.314224,99.84491,0.053282432,0.016132027,2.0170057e-11,-0.1045368,-0.65101355,-9.816106,0.0011048544,0.00027621357,0.00019531246,0.00019562551,0.0002738762,0.00036992744,3.729926e-06,2.4583603e-06,1.2291805e-06,nan,nan
9152484653,15728642,15728642,0,0,0,0,0,0,0,0,127.326225,99.8451,127.326225,99.8451,0.030061886,0.006253916,0.0,-0.099437475,-0.6555463,-9.820573,0.0,0.0,0.0,0.00013078965,0.00015985429,0.00028003528,0.0,0.0,0.0,nan,nan
9153556330,15728642,15728642,0,0,0,0,0,0,0,0,127.337494,99.84573,127.337494,99.84573,0.023435542,0.0021336258,0.0,-0.09983207,-0.6514689,-9.823939,0.0,0.0,0.0,0.0002557105,0.0002557113,0.00032973906,0.0,0.0,0.0,nan,nan
9154496554,15728642,15728642,0,0,0,0,0,0,0,0,127.34349,99.84522,127.34349,99.84522,0.021799406,0.00082951994,0.0,-0.10241209,-0.65738773,-9.828726,0.0,0.0,0.0,0.0003032195,0.00063578365,0.00038107854,0.0,0.0,0.0,nan,nan
9155467235,15728642,15728642,0,0,0,0,0,0,0,0,127.35321,99.84448,127.35321,99.84448,0.021015484,0.00031292555,0.0,-0.107723884,-0.6633066,-9.830636,0.0,0.0,0.0,0.00020540683,0.00037308663,0.00044979755,0.0,0.0,0.0,nan,nan
9156499361,15728642,15728642,0,0,0,0,0,0,0,0,127.362656,99.845505,127.362656,99.845505,0.020203482,0.00011113898,0.0,-0.10028737,-0.65101355,-9.83083,0.0,0.0,0.0,0.00014671912,0.00040103245,0.0004002512,0.0,0.0,0.0,nan,nan
9157552083,15728642,15728642,0,0,0,0,0,0,0,0,127.374794,99.84459,127.374794,99.84459,0.019904394,3.868675e-05,0.0,-0.09816264,-0.6488888,-9.827524,0.0,0.0,0.0,0.00023475062,0.00017606326,0.00039125164,0.0,0.0,0.0,nan,nan
9158512326,15728642,15728642,0,0,0,0,0,0,0,0,127.3822,99.84464,127.3822,99.84464,0.017810976,1.4741491e-05,0.0,-0.107723884,-0.64357704,-9.81529,0.0,0.0,0.0,0.00020540679,0.00020540718,0.00010899073,0.0,0.0,0.0,nan,nan
9159474203,15728642,15728642,0,0,0,0,0,0,0,0,127.372635,99.845085,127.372635,99.845085,0.018640095,0.0010099019,1.43702055e-11,-0.09983207,-0.6475229,-9.81529,0.0013810679,-0.00012555157,-0.00088778423,0.0002557105,0.0001886392,0.00010899145,4.577637e-06,1.3178044e-06,1.0403722e-06,nan,nan
9160546457,15728642,15728642,0,0,0,0,0,0,0,0,127.38045,99.84471,127.38045,99.84471,0.018740334,0.0005004101,0.0,-0.09588616,-0.65541476,-9.82394,0.0,0.0,0.0,0.00017187098,0.00017187133,0.00032973933,0.0,0.0,0.0,nan,nan
9161496814,15728642,15728642,0,0,0,0,0,0,0,0,127.38729,99.84484,127.38729,99.84484,0.01973862,0.00019260602,0.0,-0.101805024,-0.65738773,-9.838449,0.0,0.0,0.0,0.00016767903,0.00023475109,0.00063995016,0.0,0.0,0.0,nan,nan
