timestamp,accel_device_id_primary,accel_device_ids[0],accel_device_ids[1],accel_device_ids[2],accel_device_ids[3],accel_inconsistency_m_s_s[0],accel_inconsistency_m_s_s[1],accel_inconsistency_m_s_s[2],accel_inconsistency_m_s_s[3],gyro_device_id_primary,gyro_device_ids[0],gyro_device_ids[1],gyro_device_ids[2],gyro_device_ids[3],gyro_inconsistency_rad_s[0],gyro_inconsistency_rad_s[1],gyro_inconsistency_rad_s[2],gyro_inconsistency_rad_s[3],accel_healthy[0],accel_healthy[1],accel_healthy[2],accel_healthy[3],accel_priority[0],accel_priority[1],accel_priority[2],accel_priority[3],gyro_healthy[0],gyro_healthy[1],gyro_healthy[2],gyro_healthy[3],gyro_priority[0],gyro_priority[1],gyro_priority[2],gyro_priority[3]
9100592730,15728642,15728642,0,0,0,0.0,0.0,0.0,0.0,15728642,15728642,0,0,0,0.0,0.0,0.0,0.0,1,0,0,0,50,0,0,0,1,0,0,0,50,0,0,0
9100602580,15728642,15728642,0,0,0,0.0,0.0,0.0,0.0,15728642,15728642,0,0,0,0.0,0.0,0.0,0.0,1,0,0,0,50,0,0,0,1,0,0,0,50,0,0,0
9100792443,15728642,15728642,0,0,0,0.0,0.0,0.0,0.0,15728642,15728642,0,0,0,0.0,0.0,0.0,0.0,1,0,0,0,50,0,0,0,1,0,0,0,50,0,0,0
9100993106,15728642,15728642,0,0,0,0.0,0.0,0.0,0.0,15728642,15728642,0,0,0,0.0,0.0,0.0,0.0,1,0,0,0,50,0,0,0,1,0,0,0,50,0,0,0
9101194989,15728642,15728642,0,0,0,0.0,0.0,0.0,0.0,15728642,15728642,0,0,0,0.0,0.0,0.0,0.0,1,0,0,0,50,0,0,0,1,0,0,0,50,0,0,0
9101393635,15728642,15728642,0,0,0,0.0,0.0,0.0,0.0,15728642,15728642,0,0,0,0.0,0.0,0.0,0.0,1,0,0,0,50,0,0,0,1,0,0,0,50,0,0,0
9101593890,15728642,15728642,0,0,0,0.0,0.0,0.0,0.0,15728642,15728642,0,0,0,0.0,0.0,0.0,0.0,1,0,0,0,50,0,0,0,1,0,0,0,50,0,0,0
9101794551,15728642,15728642,0,0,0,0.0,0.0,0.0,0.0,15728642,15728642,0,0,0,0.0,0.0,0.0,0.0,1,0,0,0,50,0,0,0,1,0,0,0,50,0,0,0
9101994251,15728642,15728642,0,0,0,0.0,0.0,0.0,0.0,15728642,15728642,0,0,0,0.0,0.0,0.0,0.0,1,0,0,0,50,0,0,0,1,0,0,0,50,0,0,0
9102186140,15728642,15728642,0,0,0,0.0,0.0,0.0,0.0,15728642,15728642,0,0,0,0.0,0.0,0.0,0.0,1,0,0,0,50,0,0,0,1,0,0,0,50,0,0,0
9102394648,15728642,15728642,0,0,0,0.0,0.0,0.0,0.0,15728642,15728642,0,0,0,0.0,0.0,0.0,0.0,1,0,0,0,50,0,0,0,1,0,0,0,50,0,0,0
9102594624,15728642,15728642,0,0,0,0.0,0.0,0.0,0.0,15728642,15728642,0,0,0,0.0,0.0,0.0,0.0,1,0,0,0,50,0,0,0,1,0,0,0,50,0,0,0
9102785538,15728642,15728642,0,0,0,0.0,0.0,0.0,0.0,15728642,15728642,0,0,0,0.0,0.0,0.0,0.0,1,0,0,0,50,0,0,0,1,0,0,0,50,0,0,0
9102986584,15728642,15728642,0,0,0,0.0,0.0,0.0,0.0,15728642,15728642,0,0,0,0.0,0.0,0.0,0.0,1,0,0,0,50,0,0,0,1,0,0,0,50,0,0,0
9103187393,15728642,15728642,0,0,0,0.0,0.0,0.0,0.0,15728642,15728642,0,0,0,0.0,0.0,0.0,0.0,1,0,0,0,50,0,0,0,1,0,0,0,50,0,0,0
9103385888,15728642,15728642,0,0,0,0.0,0.0,0.0,0.0,15728642,15728642,0,0,0,0.0,0.0,0.0,0.0,1,0,0,0,50,0,0,0,1,0,0,0,50,0,0,0
9103587605,15728642,15728642,0,0,0,0.0,0.0,0.0,0.0,15728642,15728642,0,0,0,0.0,0.0,0.0,0.0,1,0,0,0,50,0,0,0,1,0,0,0,50,0,0,0
9103786880,15728642,15728642,0,0,0,0.0,0.0,0.0,0.0,15728642,15728642,0,0,0,0.0,0.0,0.0,0.0,1,0,0,0,50,0,0,0,1,0,0,0,50,0,0,0
9103987311,15728642,15728642,0,0,0,0.0,0.0,0.0,0.0,15728642,15728642,0,0,0,0.0,0.0,0.0,0.0,1,0,0,0,50,0,0,0,1,0,0,0,50,0,0,0
9104189254,15728642,15728642,0,0,0,0.0,0.0,0.0,0.0,15728642,15728642,0,0,0,0.0,0.0,0.0,0.0,1,0,0,0,50,0,0,0,1,0,0,0,50,0,0,0
9104387563,15728642,15728642,0,0,0,0.0,0.0,0.0,0.0,15728642,15728642,0,0,0,0.0,0.0,0.0,0.0,1,0,0,0,50,0,0,0,1,0,0,0,50,0,0,0
9104589992,15728642,15728642,0,0,0,0.0,0.0,0.0,0.0,15728642,15728642,0,0,0,0.0,0.0,0.0,0.0,1,0,0,0,50,0,0,0,1,0,0,0,50,0,0,0
9104788372,15728642,15728642,0,0,0,0.0,0.0,0.0,0.0,15728642,15728642,0,0,0,0.0,0.0,0.0,0.0,1,0,0,0,50,0,0,0,1,0,0,0,50,0,0,0
9104988881,15728642,15728642,0,0,0,0.0,0.0,0.0,0.0,15728642,15728642,0,0,0,0.0,0.0,0.0,0.0,1,0,0,0,50,0,0,0,1,0,0,0,50,0,0,0
9105190883,15728642,15728642,0,0,0,0.0,0.0,0.0,0.0,15728642,15728642,0,0,0,0.0,0.0,0.0,0.0,1,0,0,0,50,0,0,0,1,0,0,0,50,0,0,0
9105389624,15728642,15728642,0,0,0,0.0,0.0,0.0,0.0,15728642,15728642,0,0,0,0.0,0.0,0.0,0.0,1,0,0,0,50,0,0,0,1,0,0,0,50,0,0,0
9105591550,15728642,15728642,0,0,0,0.0,0.0,0.0,0.0,15728642,15728642,0,0,0,0.0,0.0,0.0,0.0,1,0,0,0,50,0,0,0,1,0,0,0,50,0,0,0
9105790195,15728642,15728642,0,0,0,0.0,0.0,0.0,0.0,15728642,15728642,0,0,0,0.0,0.0,0.0,0.0,1,0,0,0,50,0,0,0,1,0,0,0,50,0,0,0
9105989874,15728642,15728642,0,0,0,0.0,0.0,0.0,0.0,15728642,15728642,0,0,0,0.0,0.0,0.0,0.0,1,0,0,0,50,0,0,0,1,0,0,0,50,0,0,0
9106192234,15728642,15728642,0,0,0,0.0,0.0,0.0,0.0,15728642,15728642,0,0,0,0.0,0.0,0.0,0.0,1,0,0,0,50,0,0,0,1,0,0,0,50,0,0,0
9106390761,15728642,15728642,0,0,0,0.0,0.0,0.0,0.0,15728642,15728642,0,0,0,0.0,0.0,0.0,0.0,1,0,0,0,50,0,0,0,1,0,0,0,50,0,0,0
9106592494,15728642,15728642,0,0,0,0.0,0.0,0.0,0.0,15728642,15728642,0,0,0,0.0,0.0,0.0,0.0,1,0,0,0,50,0,0,0,1,0,0,0,50,0,0,0
9106792181,15728642,15728642,0,0,0,0.0,0.0,0.0,0.0,15728642,15728642,0,0,0,0.0,0.0,0.0,0.0,1,0,0,0,50,0,0,0,1,0,0,0,50,0,0,0
9106991743,15728642,15728642,0,0,0,0.0,0.0,0.0,0.0,15728642,15728642,0,0,0,0.0,0.0,0.0,0.0,1,0,0,0,50,0,0,0,1,0,0,0,50,0,0,0
9107193643,15728642,15728642,0,0,0,0.0,0.0,0.0,0.0,15728642,15728642,0,0,0,0.0,0.0,0.0,0.0,1,0,0,0,50,0,0,0,1,0,0,0,50,0,0,0
9107392524,15728642,15728642,0,0,0,0.0,0.0,0.0,0.0,15728642,15728642,0,0,0,0.0,0.0,0.0,0.0,1,0,0,0,50,0,0,0,1,0,0,0,50,0,0,0
9107593378,15728642,15728642,0,0,0,0.0,0.0,0.0,0.0,15728642,15728642,0,0,0,0.0,0.0,0.0,0.0,1,0,0,0,50,0,0,0,1,0,0,0,50,0,0,0
9107793697,15728642,15728642,0,0,0,0.0,0.0,0.0,0.0,15728642,15728642,0,0,0,0.0,0.0,0.0,0.0,1,0,0,0,50,0,0,0,1,0,0,0,50,0,0,0
9107993673,15728642,15728642,0,0,0,0.0,0.0,0.0,0.0,15728642,15728642,0,0,0,0.0,0.0,0.0,0.0,1,0,0,0,50,0,0,0,1,0,0,0,50,0,0,0
9108194798,15728642,15728642,0,0,0,0.0,0.0,0.0,0.0,15728642,15728642,0,0,0,0.0,0.0,0.0,0.0,1,0,0,0,50,0,0,0,1,0,0,0,50,0,0,0
9108394205,15728642,15728642,0,0,0,0.0,0.0,0.0,0.0,15728642,15728642,0,0,0,0.0,0.0,0.0,0.0,1,0,0,0,50,0,0,0,1,0,0,0,50,0,0,0
9108595136,15728642,15728642,0,0,0,0.0,0.0,0.0,0.0,15728642,15728642,0,0,0,0.0,0.0,0.0,0.0,1,0,0,0,50,0,0,0,1,0,0,0,50,0,0,0
9108794765,15728642,15728642,0,0,0,0.0,0.0,0.0,0.0,15728642,15728642,0,0,0,0.0,0.0,0.0,0.0,1,0,0,0,50,0,0,0,1,0,0,0,50,0,0,0
9108995048,15728642,15728642,0,0,0,0.0,0.0,0.0,0.0,15728642,15728642,0,0,0,0.0,0.0,0.0,0.0,1,0,0,0,50,0,0,0,1,0,0,0,50,0,0,0
9109185984,15728642,15728642,0,0,0,0.0,0.0,0.0,0.0,15728642,15728642,0,0,0,0.0,0.0,0.0,0.0,1,0,0,0,50,0,0,0,1,0,0,0,50,0,0,0
9109385621,15728642,15728642,0,0,0,0.0,0.0,0.0,0.0,15728642,15728642,0,0,0,0.0,0.0,0.0,0.0,1,0,0,0,50,0,0,0,1,0,0,0,50,0,0,0
9109586436,15728642,15728642,0,0,0,0.0,0.0,0.0,0.0,15728642,15728642,0,0,0,0.0,0.0,0.0,0.0,1,0,0,0,50,0,0,0,1,0,0,0,50,0,0,0
9109786698,15728642,15728642,0,0,0,0.0,0.0,0.0,0.0,15728642,15728642,0,0,0,0.0,0.0,0.0,0.0,1,0,0,0,50,0,0,0,1,0,0,0,50,0,0,0
9109987090,15728642,15728642,0,0,0,0.0,0.0,0.0,0.0,15728642,15728642,0,0,0,0.0,0.0,0.0,0.0,1,0,0,0,50,0,0,0,1,0,0,0,50,0,0,0
9110186832,15728642,15728642,0,0,0,0.0,0.0,0.0,0.0,15728642,15728642,0,0,0,0.0,0.0,0.0,0.0,1,0,0,0,50,0,0,0,1,0,0,0,50,0,0,0
9110387092,15728642,15728642,0,0,0,0.0,0.0,0.0,0.0,15728642,15728642,0,0,0,0.0,0.0,0.0,0.0,1,0,0,0,50,0,0,0,1,0,0,0,50,0,0,0
9110588989,15728642,15728642,0,0,0,0.0,0.0,0.0,0.0,15728642,15728642,0,0,0,0.0,0.0,0.0,0.0,1,0,0,0,50,0,0,0,1,0,0,0,50,0,0,0
9110787554,15728642,15728642,0,0,0,0.0,0.0,0.0,0.0,15728642,15728642,0,0,0,0.0,0.0,0.0,0.0,1,0,0,0,50,0,0,0,1,0,0,0,50,0,0,0
9110987710,15728642,15728642,0,0,0,0.0,0.0,0.0,0.0,15728642,15728642,0,0,0,0.0,0.0,0.0,0.0,1,0,0,0,50,0,0,0,1,0,0,0,50,0,0,0
9111188701,15728642,15728642,0,0,0,0.0,0.0,0.0,0.0,15728642,15728642,0,0,0,0.0,0.0,0.0,0.0,1,0,0,0,50,0,0,0,1,0,0,0,50,0,0,0
9111389361,15728642,15728642,0,0,0,0.0,0.0,0.0,0.0,15728642,15728642,0,0,0,0.0,0.0,0.0,0.0,1,0,0,0,50,0,0,0,1,0,0,0,50,0,0,0
9111590411,15728642,15728642,0,0,0,0.0,0.0,0.0,0.0,15728642,15728642,0,0,0,0.0,0.0,0.0,0.0,1,0,0,0,50,0,0,0,1,0,0,0,50,0,0,0
9111789650,15728642,15728642,0,0,0,0.0,0.0,0.0,0.0,15728642,15728642,0,0,0,0.0,0.0,0.0,0.0,1,0,0,0,50,0,0,0,1,0,0,0,50,0,0,0
9111989118,15728642,15728642,0,0,0,0.0,0.0,0.0,0.0,15728642,15728642,0,0,0,0.0,0.0,0.0,0.0,1,0,0,0,50,0,0,0,1,0,0,0,50,0,0,0
9112190747,15728642,15728642,0,0,0,0.0,0.0,0.0,0.0,15728642,15728642,0,0,0,0.0,0.0,0.0,0.0,1,0,0,0,50,0,0,0,1,0,0,0,50,0,0,0
9112390462,15728642,15728642,0,0,0,0.0,0.0,0.0,0.0,15728642,15728642,0,0,0,0.0,0.0,0.0,0.0,1,0,0,0,50,0,0,0,1,0,0,0,50,0,0,0
9112590474,15728642,15728642,0,0,0,0.0,0.0,0.0,0.0,15728642,15728642,0,0,0,0.0,0.0,0.0,0.0,1,0,0,0,50,0,0,0,1,0,0,0,50,0,0,0
9112791392,15728642,15728642,0,0,0,0.0,0.0,0.0,0.0,15728642,15728642,0,0,0,0.0,0.0,0.0,0.0,1,0,0,0,50,0,0,0,1,0,0,0,50,0,0,0
9112990620,15728642,15728642,0,0,0,0.0,0.0,0.0,0.0,15728642,15728642,0,0,0,0.0,0.0,0.0,0.0,1,0,0,0,50,0,0,0,1,0,0,0,50,0,0,0
9113191832,15728642,15728642,0,0,0,0.0,0.0,0.0,0.0,15728642,15728642,0,0,0,0.0,0.0,0.0,0.0,1,0,0,0,50,0,0,0,1,0,0,0,50,0,0,0
9113391867,15728642,15728642,0,0,0,0.0,0.0,0.0,0.0,15728642,15728642,0,0,0,0.0,0.0,0.0,0.0,1,0,0,0,50,0,0,0,1,0,0,0,50,0,0,0
9113592204,15728642,15728642,0,0,0,0.0,0.0,0.0,0.0,15728642,15728642,0,0,0,0.0,0.0,0.0,0.0,1,0,0,0,50,0,0,0,1,0,0,0,50,0,0,0
9113793211,15728642,15728642,0,0,0,0.0,0.0,0.0,0.0,15728642,15728642,0,0,0,0.0,0.0,0.0,0.0,1,0,0,0,50,0,0,0,1,0,0,0,50,0,0,0
9113992774,15728642,15728642,0,0,0,0.0,0.0,0.0,0.0,15728642,15728642,0,0,0,0.0,0.0,0.0,0.0,1,0,0,0,50,0,0,0,1,0,0,0,50,0,0,0
9114194476,15728642,15728642,0,0,0,0.0,0.0,0.0,0.0,15728642,15728642,0,0,0,0.0,0.0,0.0,0.0,1,0,0,0,50,0,0,0,1,0,0,0,50,0,0,0
9114393339,15728642,15728642,0,0,0,0.0,0.0,0.0,0.0,15728642,15728642,0,0,0,0.0,0.0,0.0,0.0,1,0,0,0,50,0,0,0,1,0,0,0,50,0,0,0
9114593373,15728642,15728642,0,0,0,0.0,0.0,0.0,0.0,15728642,15728642,0,0,0,0.0,0.0,0.0,0.0,1,0,0,0,50,0,0,0,1,0,0,0,50,0,0,0
9114794185,15728642,15728642,0,0,0,0.0,0.0,0.0,0.0,15728642,15728642,0,0,0,0.0,0.0,0.0,0.0,1,0,0,0,50,0,0,0,1,0,0,0,50,0,0,0
9114994377,15728642,15728642,0,0,0,0.0,0.0,0.0,0.0,15728642,15728642,0,0,0,0.0,0.0,0.0,0.0,1,0,0,0,50,0,0,0,1,0,0,0,50,0,0,0
9115194733,15728642,15728642,0,0,0,0.0,0.0,0.0,0.0,15728642,15728642,0,0,0,0.0,0.0,0.0,0.0,1,0,0,0,50,0,0,0,1,0,0,0,50,0,0,0
9115394717,15728642,15728642,0,0,0,0.0,0.0,0.0,0.0,15728642,15728642,0,0,0,0.0,0.0,0.0,0.0,1,0,0,0,50,0,0,0,1,0,0,0,50,0,0,0
9115587097,15728642,15728642,0,0,0,0.0,0.0,0.0,0.0,15728642,15728642,0,0,0,0.0,0.0,0.0,0.0,1,0,0,0,50,0,0,0,1,0,0,0,50,0,0,0
9115785372,15728642,15728642,0,0,0,0.0,0.0,0.0,0.0,15728642,15728642,0,0,0,0.0,0.0,0.0,0.0,1,0,0,0,50,0,0,0,1,0,0,0,50,0,0,0
9115986042,15728642,15728642,0,0,0,0.0,0.0,0.0,0.0,15728642,15728642,0,0,0,0.0,0.0,0.0,0.0,1,0,0,0,50,0,0,0,1,0,0,0,50,0,0,0
9116186116,15728642,15728642,0,0,0,0.0,0.0,0.0,0.0,15728642,15728642,0,0,0,0.0,0.0,0.0,0.0,1,0,0,0,50,0,0,0,1,0,0,0,50,0,0,0
9116387096,15728642,15728642,0,0,0,0.0,0.0,0.0,0.0,15728642,15728642,0,0,0,0.0,0.0,0.0,0.0,1,0,0,0,50,0,0,0,1,0,0,0,50,0,0,0
9116588349,15728642,15728642,0,0,0,0.0,0.0,0.0,0.0,15728642,15728642,0,0,0,0.0,0.0,0.0,0.0,1,0,0,0,50,0,0,0,1,0,0,0,50,0,0,0
9116787841,15728642,15728642,0,0,0,0.0,0.0,0.0,0.0,15728642,15728642,0,0,0,0.0,0.0,0.0,0.0,1,0,0,0,50,0,0,0,1,0,0,0,50,0,0,0
9116987533,15728642,15728642,0,0,0,0.0,0.0,0.0,0.0,15728642,15728642,0,0,0,0.0,0.0,0.0,0.0,1,0,0,0,50,0,0,0,1,0,0,0,50,0,0,0
9117187931,15728642,15728642,0,0,0,0.0,0.0,0.0,0.0,15728642,15728642,0,0,0,0.0,0.0,0.0,0.0,1,0,0,0,50,0,0,0,1,0,0,0,50,0,0,0
9117388424,15728642,15728642,0,0,0,0.0,0.0,0.0,0.0,15728642,15728642,0,0,0,0.0,0.0,0.0,0.0,1,0,0,0,50,0,0,0,1,0,0,0,50,0,0,0
9117589904,15728642,15728642,0,0,0,0.0,0.0,0.0,0.0,15728642,15728642,0,0,0,0.0,0.0,0.0,0.0,1,0,0,0,50,0,0,0,1,0,0,0,50,0,0,0
9117789430,15728642,15728642,0,0,0,0.0,0.0,0.0,0.0,15728642,15728642,0,0,0,0.0,0.0,0.0,0.0,1,0,0,0,50,0,0,0,1,0,0,0,50,0,0,0
9117989123,15728642,15728642,0,0,0,0.0,0.0,0.0,0.0,15728642,15728642,0,0,0,0.0,0.0,0.0,0.0,1,0,0,0,50,0,0,0,1,0,0,0,50,0,0,0
9118189621,15728642,15728642,0,0,0,0.0,0.0,0.0,0.0,15728642,15728642,0,0,0,0.0,0.0,0.0,0.0,1,0,0,0,50,0,0,0,1,0,0,0,50,0,0,0
9118389538,15728642,15728642,0,0,0,0.0,0.0,0.0,0.0,15728642,15728642,0,0,0,0.0,0.0,0.0,0.0,1,0,0,0,50,0,0,0,1,0,0,0,50,0,0,0
9118590814,15728642,15728642,0,0,0,0.0,0.0,0.0,0.0,15728642,15728642,0,0,0,0.0,0.0,0.0,0.0,1,0,0,0,50,0,0,0,1,0,0,0,50,0,0,0
9118790860,15728642,15728642,0,0,0,0.0,0.0,0.0,0.0,15728642,15728642,0,0,0,0.0,0.0,0.0,0.0,1,0,0,0,50,0,0,0,1,0,0,0,50,0,0,0
9118990521,15728642,15728642,0,0,0,0.0,0.0,0.0,0.0,15728642,15728642,0,0,0,0.0,0.0,0.0,0.0,1,0,0,0,50,0,0,0,1,0,0,0,50,0,0,0
9119192445,15728642,15728642,0,0,0,0.0,0.0,0.0,0.0,15728642,15728642,0,0,0,0.0,0.0,0.0,0.0,1,0,0,0,50,0,0,0,1,0,0,0,50,0,0,0
9119391240,15728642,15728642,0,0,0,0.0,0.0,0.0,0.0,15728642,15728642,0,0,0,0.0,0.0,0.0,0.0,1,0,0,0,50,0,0,0,1,0,0,0,50,0,0,0
9119591540,15728642,15728642,0,0,0,0.0,0.0,0.0,0.0,15728642,15728642,0,0,0,0.0,0.0,0.0,0.0,1,0,0,0,50,0,0,0,1,0,0,0,50,0,0,0
9119792145,15728642,15728642,0,0,0,0.0,0.0,0.0,0.0,15728642,15728642,0,0,0,0.0,0.0,0.0,0.0,1,0,0,0,50,0,0,0,1,0,0,0,50,0,0,0
9119992608,15728642,15728642,0,0,0,0.0,0.0,0.0,0.0,15728642,15728642,0,0,0,0.0,0.0,0.0,0.0,1,0,0,0,50,0,0,0,1,0,0,0,50,0,0,0
9120193811,15728642,15728642,0,0,0,0.0,0.0,0.0,0.0,15728642,15728642,0,0,0,0.0,0.0,0.0,0.0,1,0,0,0,50,0,0,0,1,0,0,0,50,0,0,0
9120392517,15728642,15728642,0,0,0,0.0,0.0,0.0,0.0,15728642,15728642,0,0,0,0.0,0.0,0.0,0.0,1,0,0,0,50,0,0,0,1,0,0,0,50,0,0,0
9120593293,15728642,15728642,0,0,0,0.0,0.0,0.0,0.0,15728642,15728642,0,0,0,0.0,0.0,0.0,0.0,1,0,0,0,50,0,0,0,1,0,0,0,50,0,0,0
9120794406,15728642,15728642,0,0,0,0.0,0.0,0.0,0.0,15728642,15728642,0,0,0,0.0,0.0,0.0,0.0,1,0,0,0,50,0,0,0,1,0,0,0,50,0,0,0
9120994008,15728642,15728642,0,0,0,0.0,0.0,0.0,0.0,15728642,15728642,0,0,0,0.0,0.0,0.0,0.0,1,0,0,0,50,0,0,0,1,0,0,0,50,0,0,0
9121194770,15728642,15728642,0,0,0,0.0,0.0,0.0,0.0,15728642,15728642,0,0,0,0.0,0.0,0.0,0.0,1,0,0,0,50,0,0,0,1,0,0,0,50,0,0,0
9121394580,15728642,15728642,0,0,0,0.0,0.0,0.0,0.0,15728642,15728642,0,0,0,0.0,0.0,0.0,0.0,1,0,0,0,50,0,0,0,1,0,0,0,50,0,0,0
9121594950,15728642,15728642,0,0,0,0.0,0.0,0.0,0.0,15728642,15728642,0,0,0,0.0,0.0,0.0,0.0,1,0,0,0,50,0,0,0,1,0,0,0,50,0,0,0
9121785268,15728642,15728642,0,0,0,0.0,0.0,0.0,0.0,15728642,15728642,0,0,0,0.0,0.0,0.0,0.0,1,0,0,0,50,0,0,0,1,0,0,0,50,0,0,0
9121987184,15728642,15728642,0,0,0,0.0,0.0,0.0,0.0,15728642,15728642,0,0,0,0.0,0.0,0.0,0.0,1,0,0,0,50,0,0,0,1,0,0,0,50,0,0,0
9122185621,15728642,15728642,0,0,0,0.0,0.0,0.0,0.0,15728642,15728642,0,0,0,0.0,0.0,0.0,0.0,1,0,0,0,50,0,0,0,1,0,0,0,50,0,0,0
9122385685,15728642,15728642,0,0,0,0.0,0.0,0.0,0.0,15728642,15728642,0,0,0,0.0,0.0,0.0,0.0,1,0,0,0,50,0,0,0,1,0,0,0,50,0,0,0
9122586780,15728642,15728642,0,0,0,0.0,0.0,0.0,0.0,15728642,15728642,0,0,0,0.0,0.0,0.0,0.0,1,0,0,0,50,0,0,0,1,0,0,0,50,0,0,0
9122786985,15728642,15728642,0,0,0,0.0,0.0,0.0,0.0,15728642,15728642,0,0,0,0.0,0.0,0.0,0.0,1,0,0,0,50,0,0,0,1,0,0,0,50,0,0,0
9122986678,15728642,15728642,0,0,0,0.0,0.0,0.0,0.0,15728642,15728642,0,0,0,0.0,0.0,0.0,0.0,1,0,0,0,50,0,0,0,1,0,0,0,50,0,0,0
9123188060,15728642,15728642,0,0,0,0.0,0.0,0.0,0.0,15728642,15728642,0,0,0,0.0,0.0,0.0,0.0,1,0,0,0,50,0,0,0,1,0,0,0,50,0,0,0
9123387661,15728642,15728642,0,0,0,0.0,0.0,0.0,0.0,15728642,15728642,0,0,0,0.0,0.0,0.0,0.0,1,0,0,0,50,0,0,0,1,0,0,0,50,0,0,0
9123587967,15728642,15728642,0,0,0,0.0,0.0,0.0,0.0,15728642,15728642,0,0,0,0.0,0.0,0.0,0.0,1,0,0,0,50,0,0,0,1,0,0,0,50,0,0,0
9123788129,15728642,15728642,0,0,0,0.0,0.0,0.0,0.0,15728642,15728642,0,0,0,0.0,0.0,0.0,0.0,1,0,0,0,50,0,0,0,1,0,0,0,50,0,0,0
9123988587,15728642,15728642,0,0,0,0.0,0.0,0.0,0.0,15728642,15728642,0,0,0,0.0,0.0,0.0,0.0,1,0,0,0,50,0,0,0,1,0,0,0,50,0,0,0
9124190403,15728642,15728642,0,0,0,0.0,0.0,0.0,0.0,15728642,15728642,0,0,0,0.0,0.0,0.0,0.0,1,0,0,0,50,0,0,0,1,0,0,0,50,0,0,0
9124388767,15728642,15728642,0,0,0,0.0,0.0,0.0,0.0,15728642,15728642,0,0,0,0.0,0.0,0.0,0.0,1,0,0,0,50,0,0,0,1,0,0,0,50,0,0,0
9124589455,15728642,15728642,0,0,0,0.0,0.0,0.0,0.0,15728642,15728642,0,0,0,0.0,0.0,0.0,0.0,1,0,0,0,50,0,0,0,1,0,0,0,50,0,0,0
9124789676,15728642,15728642,0,0,0,0.0,0.0,0.0,0.0,15728642,15728642,0,0,0,0.0,0.0,0.0,0.0,1,0,0,0,50,0,0,0,1,0,0,0,50,0,0,0
9124990188,15728642,15728642,0,0,0,0.0,0.0,0.0,0.0,15728642,15728642,0,0,0,0.0,0.0,0.0,0.0,1,0,0,0,50,0,0,0,1,0,0,0,50,0,0,0
9125191045,15728642,15728642,0,0,0,0.0,0.0,0.0,0.0,15728642,15728642,0,0,0,0.0,0.0,0.0,0.0,1,0,0,0,50,0,0,0,1,0,0,0,50,0,0,0
9125391173,15728642,15728642,0,0,0,0.0,0.0,0.0,0.0,15728642,15728642,0,0,0,0.0,0.0,0.0,0.0,1,0,0,0,50,0,0,0,1,0,0,0,50,0,0,0
9125590418,15728642,15728642,0,0,0,0.0,0.0,0.0,0.0,15728642,15728642,0,0,0,0.0,0.0,0.0,0.0,1,0,0,0,50,0,0,0,1,0,0,0,50,0,0,0
9125792116,15728642,15728642,0,0,0,0.0,0.0,0.0,0.0,15728642,15728642,0,0,0,0.0,0.0,0.0,0.0,1,0,0,0,50,0,0,0,1,0,0,0,50,0,0,0
9125991713,15728642,15728642,0,0,0,0.0,0.0,0.0,0.0,15728642,15728642,0,0,0,0.0,0.0,0.0,0.0,1,0,0,0,50,0,0,0,1,0,0,0,50,0,0,0
9126192264,15728642,15728642,0,0,0,0.0,0.0,0.0,0.0,15728642,15728642,0,0,0,0.0,0.0,0.0,0.0,1,0,0,0,50,0,0,0,1,0,0,0,50,0,0,0
9126392397,15728642,15728642,0,0,0,0.0,0.0,0.0,0.0,15728642,15728642,0,0,0,0.0,0.0,0.0,0.0,1,0,0,0,50,0,0,0,1,0,0,0,50,0,0,0
9126592303,15728642,15728642,0,0,0,0.0,0.0,0.0,0.0,15728642,15728642,0,0,0,0.0,0.0,0.0,0.0,1,0,0,0,50,0,0,0,1,0,0,0,50,0,0,0
9126792631,15728642,15728642,0,0,0,0.0,0.0,0.0,0.0,15728642,15728642,0,0,0,0.0,0.0,0.0,0.0,1,0,0,0,50,0,0,0,1,0,0,0,50,0,0,0
9126992896,15728642,15728642,0,0,0,0.0,0.0,0.0,0.0,15728642,15728642,0,0,0,0.0,0.0,0.0,0.0,1,0,0,0,50,0,0,0,1,0,0,0,50,0,0,0
9127193109,15728642,15728642,0,0,0,0.0,0.0,0.0,0.0,15728642,15728642,0,0,0,0.0,0.0,0.0,0.0,1,0,0,0,50,0,0,0,1,0,0,0,50,0,0,0
9127394192,15728642,15728642,0,0,0,0.0,0.0,0.0,0.0,15728642,15728642,0,0,0,0.0,0.0,0.0,0.0,1,0,0,0,50,0,0,0,1,0,0,0,50,0,0,0
9127594449,15728642,15728642,0,0,0,0.0,0.0,0.0,0.0,15728642,15728642,0,0,0,0.0,0.0,0.0,0.0,1,0,0,0,50,0,0,0,1,0,0,0,50,0,0,0
9127785313,15728642,15728642,0,0,0,0.0,0.0,0.0,0.0,15728642,15728642,0,0,0,0.0,0.0,0.0,0.0,1,0,0,0,50,0,0,0,1,0,0,0,50,0,0,0
9127995031,15728642,15728642,0,0,0,0.0,0.0,0.0,0.0,15728642,15728642,0,0,0,0.0,0.0,0.0,0.0,1,0,0,0,50,0,0,0,1,0,0,0,50,0,0,0
9128194617,15728642,15728642,0,0,0,0.0,0.0,0.0,0.0,15728642,15728642,0,0,0,0.0,0.0,0.0,0.0,1,0,0,0,50,0,0,0,1,0,0,0,50,0,0,0
9128385351,15728642,15728642,0,0,0,0.0,0.0,0.0,0.0,15728642,15728642,0,0,0,0.0,0.0,0.0,0.0,1,0,0,0,50,0,0,0,1,0,0,0,50,0,0,0
9128595250,15728642,15728642,0,0,0,0.0,0.0,0.0,0.0,15728642,15728642,0,0,0,0.0,0.0,0.0,0.0,1,0,0,0,50,0,0,0,1,0,0,0,50,0,0,0
9128786209,15728642,15728642,0,0,0,0.0,0.0,0.0,0.0,15728642,15728642,0,0,0,0.0,0.0,0.0,0.0,1,0,0,0,50,0,0,0,1,0,0,0,50,0,0,0
9128986120,15728642,15728642,0,0,0,0.0,0.0,0.0,0.0,15728642,15728642,0,0,0,0.0,0.0,0.0,0.0,1,0,0,0,50,0,0,0,1,0,0,0,50,0,0,0
9129187603,15728642,15728642,0,0,0,0.0,0.0,0.0,0.0,15728642,15728642,0,0,0,0.0,0.0,0.0,0.0,1,0,0,0,50,0,0,0,1,0,0,0,50,0,0,0
9129387193,15728642,15728642,0,0,0,0.0,0.0,0.0,0.0,15728642,15728642,0,0,0,0.0,0.0,0.0,0.0,1,0,0,0,50,0,0,0,1,0,0,0,50,0,0,0
9129587302,15728642,15728642,0,0,0,0.0,0.0,0.0,0.0,15728642,15728642,0,0,0,0.0,0.0,0.0,0.0,1,0,0,0,50,0,0,0,1,0,0,0,50,0,0,0
9129788051,15728642,15728642,0,0,0,0.0,0.0,0.0,0.0,15728642,15728642,0,0,0,0.0,0.0,0.0,0.0,1,0,0,0,50,0,0,0,1,0,0,0,50,0,0,0
9129988076,15728642,15728642,0,0,0,0.0,0.0,0.0,0.0,15728642,15728642,0,0,0,0.0,0.0,0.0,0.0,1,0,0,0,50,0,0,0,1,0,0,0,50,0,0,0
9130188864,15728642,15728642,0,0,0,0.0,0.0,0.0,0.0,15728642,15728642,0,0,0,0.0,0.0,0.0,0.0,1,0,0,0,50,0,0,0,1,0,0,0,50,0,0,0
9130389044,15728642,15728642,0,0,0,0.0,0.0,0.0,0.0,15728642,15728642,0,0,0,0.0,0.0,0.0,0.0,1,0,0,0,50,0,0,0,1,0,0,0,50,0,0,0
9130588036,15728642,15728642,0,0,0,0.0,0.0,0.0,0.0,15728642,15728642,0,0,0,0.0,0.0,0.0,0.0,1,0,0,0,50,0,0,0,1,0,0,0,50,0,0,0
9130788932,15728642,15728642,0,0,0,0.0,0.0,0.0,0.0,15728642,15728642,0,0,0,0.0,0.0,0.0,0.0,1,0,0,0,50,0,0,0,1,0,0,0,50,0,0,0
9130989751,15728642,15728642,0,0,0,0.0,0.0,0.0,0.0,15728642,15728642,0,0,0,0.0,0.0,0.0,0.0,1,0,0,0,50,0,0,0,1,0,0,0,50,0,0,0
9131189731,15728642,15728642,0,0,0,0.0,0.0,0.0,0.0,15728642,15728642,0,0,0,0.0,0.0,0.0,0.0,1,0,0,0,50,0,0,0,1,0,0,0,50,0,0,0
9131390355,15728642,15728642,0,0,0,0.0,0.0,0.0,0.0,15728642,15728642,0,0,0,0.0,0.0,0.0,0.0,1,0,0,0,50,0,0,0,1,0,0,0,50,0,0,0
9131590449,15728642,15728642,0,0,0,0.0,0.0,0.0,0.0,15728642,15728642,0,0,0,0.0,0.0,0.0,0.0,1,0,0,0,50,0,0,0,1,0,0,0,50,0,0,0
9131792545,15728642,15728642,0,0,0,0.0,0.0,0.0,0.0,15728642,15728642,0,0,0,0.0,0.0,0.0,0.0,1,0,0,0,50,0,0,0,1,0,0,0,50,0,0,0
9131991325,15728642,15728642,0,0,0,0.0,0.0,0.0,0.0,15728642,15728642,0,0,0,0.0,0.0,0.0,0.0,1,0,0,0,50,0,0,0,1,0,0,0,50,0,0,0
9132190820,15728642,15728642,0,0,0,0.0,0.0,0.0,0.0,15728642,15728642,0,0,0,0.0,0.0,0.0,0.0,1,0,0,0,50,0,0,0,1,0,0,0,50,0,0,0
9132392200,15728642,15728642,0,0,0,0.0,0.0,0.0,0.0,15728642,15728642,0,0,0,0.0,0.0,0.0,0.0,1,0,0,0,50,0,0,0,1,0,0,0,50,0,0,0
9132592245,15728642,15728642,0,0,0,0.0,0.0,0.0,0.0,15728642,15728642,0,0,0,0.0,0.0,0.0,0.0,1,0,0,0,50,0,0,0,1,0,0,0,50,0,0,0
9132793669,15728642,15728642,0,0,0,0.0,0.0,0.0,0.0,15728642,15728642,0,0,0,0.0,0.0,0.0,0.0,1,0,0,0,50,0,0,0,1,0,0,0,50,0,0,0
9132992118,15728642,15728642,0,0,0,0.0,0.0,0.0,0.0,15728642,15728642,0,0,0,0.0,0.0,0.0,0.0,1,0,0,0,50,0,0,0,1,0,0,0,50,0,0,0
9133192455,15728642,15728642,0,0,0,0.0,0.0,0.0,0.0,15728642,15728642,0,0,0,0.0,0.0,0.0,0.0,1,0,0,0,50,0,0,0,1,0,0,0,50,0,0,0
9133393955,15728642,15728642,0,0,0,0.0,0.0,0.0,0.0,15728642,15728642,0,0,0,0.0,0.0,0.0,0.0,1,0,0,0,50,0,0,0,1,0,0,0,50,0,0,0
9133593106,15728642,15728642,0,0,0,0.0,0.0,0.0,0.0,15728642,15728642,0,0,0,0.0,0.0,0.0,0.0,1,0,0,0,50,0,0,0,1,0,0,0,50,0,0,0
9133793576,15728642,15728642,0,0,0,0.0,0.0,0.0,0.0,15728642,15728642,0,0,0,0.0,0.0,0.0,0.0,1,0,0,0,50,0,0,0,1,0,0,0,50,0,0,0
9133994150,15728642,15728642,0,0,0,0.0,0.0,0.0,0.0,15728642,15728642,0,0,0,0.0,0.0,0.0,0.0,1,0,0,0,50,0,0,0,1,0,0,0,50,0,0,0
9134194156,15728642,15728642,0,0,0,0.0,0.0,0.0,0.0,15728642,15728642,0,0,0,0.0,0.0,0.0,0.0,1,0,0,0,50,0,0,0,1,0,0,0,50,0,0,0
9134394498,15728642,15728642,0,0,0,0.0,0.0,0.0,0.0,15728642,15728642,0,0,0,0.0,0.0,0.0,0.0,1,0,0,0,50,0,0,0,1,0,0,0,50,0,0,0
9134594641,15728642,15728642,0,0,0,0.0,0.0,0.0,0.0,15728642,15728642,0,0,0,0.0,0.0,0.0,0.0,1,0,0,0,50,0,0,0,1,0,0,0,50,0,0,0
9134795205,15728642,15728642,0,0,0,0.0,0.0,0.0,0.0,15728642,15728642,0,0,0,0.0,0.0,0.0,0.0,1,0,0,0,50,0,0,0,1,0,0,0,50,0,0,0
9134985323,15728642,15728642,0,0,0,0.0,0.0,0.0,0.0,15728642,15728642,0,0,0,0.0,0.0,0.0,0.0,1,0,0,0,50,0,0,0,1,0,0,0,50,0,0,0
9135186043,15728642,15728642,0,0,0,0.0,0.0,0.0,0.0,15728642,15728642,0,0,0,0.0,0.0,0.0,0.0,1,0,0,0,50,0,0,0,1,0,0,0,50,0,0,0
9135387130,15728642,15728642,0,0,0,0.0,0.0,0.0,0.0,15728642,15728642,0,0,0,0.0,0.0,0.0,0.0,1,0,0,0,50,0,0,0,1,0,0,0,50,0,0,0
9135586630,15728642,15728642,0,0,0,0.0,0.0,0.0,0.0,15728642,15728642,0,0,0,0.0,0.0,0.0,0.0,1,0,0,0,50,0,0,0,1,0,0,0,50,0,0,0
9135788696,15728642,15728642,0,0,0,0.0,0.0,0.0,0.0,15728642,15728642,0,0,0,0.0,0.0,0.0,0.0,1,0,0,0,50,0,0,0,1,0,0,0,50,0,0,0
9135987091,15728642,15728642,0,0,0,0.0,0.0,0.0,0.0,15728642,15728642,0,0,0,0.0,0.0,0.0,0.0,1,0,0,0,50,0,0,0,1,0,0,0,50,0,0,0
9136188571,15728642,15728642,0,0,0,0.0,0.0,0.0,0.0,15728642,15728642,0,0,0,0.0,0.0,0.0,0.0,1,0,0,0,50,0,0,0,1,0,0,0,50,0,0,0
9136388123,15728642,15728642,0,0,0,0.0,0.0,0.0,0.0,15728642,15728642,0,0,0,0.0,0.0,0.0,0.0,1,0,0,0,50,0,0,0,1,0,0,0,50,0,0,0
9136587967,15728642,15728642,0,0,0,0.0,0.0,0.0,0.0,15728642,15728642,0,0,0,0.0,0.0,0.0,0.0,1,0,0,0,50,0,0,0,1,0,0,0,50,0,0,0
9136789608,15728642,15728642,0,0,0,0.0,0.0,0.0,0.0,15728642,15728642,0,0,0,0.0,0.0,0.0,0.0,1,0,0,0,50,0,0,0,1,0,0,0,50,0,0,0
9136988600,15728642,15728642,0,0,0,0.0,0.0,0.0,0.0,15728642,15728642,0,0,0,0.0,0.0,0.0,0.0,1,0,0,0,50,0,0,0,1,0,0,0,50,0,0,0
9137189219,15728642,15728642,0,0,0,0.0,0.0,0.0,0.0,15728642,15728642,0,0,0,0.0,0.0,0.0,0.0,1,0,0,0,50,0,0,0,1,0,0,0,50,0,0,0
9137389596,15728642,15728642,0,0,0,0.0,0.0,0.0,0.0,15728642,15728642,0,0,0,0.0,0.0,0.0,0.0,1,0,0,0,50,0,0,0,1,0,0,0,50,0,0,0
9137590014,15728642,15728642,0,0,0,0.0,0.0,0.0,0.0,15728642,15728642,0,0,0,0.0,0.0,0.0,0.0,1,0,0,0,50,0,0,0,1,0,0,0,50,0,0,0
9137790183,15728642,15728642,0,0,0,0.0,0.0,0.0,0.0,15728642,15728642,0,0,0,0.0,0.0,0.0,0.0,1,0,0,0,50,0,0,0,1,0,0,0,50,0,0,0
9137990709,15728642,15728642,0,0,0,0.0,0.0,0.0,0.0,15728642,15728642,0,0,0,0.0,0.0,0.0,0.0,1,0,0,0,50,0,0,0,1,0,0,0,50,0,0,0
9138190557,15728642,15728642,0,0,0,0.0,0.0,0.0,0.0,15728642,15728642,0,0,0,0.0,0.0,0.0,0.0,1,0,0,0,50,0,0,0,1,0,0,0,50,0,0,0
9138391581,15728642,15728642,0,0,0,0.0,0.0,0.0,0.0,15728642,15728642,0,0,0,0.0,0.0,0.0,0.0,1,0,0,0,50,0,0,0,1,0,0,0,50,0,0,0
9138591212,15728642,15728642,0,0,0,0.0,0.0,0.0,0.0,15728642,15728642,0,0,0,0.0,0.0,0.0,0.0,1,0,0,0,50,0,0,0,1,0,0,0,50,0,0,0
9138791528,15728642,15728642,0,0,0,0.0,0.0,0.0,0.0,15728642,15728642,0,0,0,0.0,0.0,0.0,0.0,1,0,0,0,50,0,0,0,1,0,0,0,50,0,0,0
9138992273,15728642,15728642,0,0,0,0.0,0.0,0.0,0.0,15728642,15728642,0,0,0,0.0,0.0,0.0,0.0,1,0,0,0,50,0,0,0,1,0,0,0,50,0,0,0
9139191810,15728642,15728642,0,0,0,0.0,0.0,0.0,0.0,15728642,15728642,0,0,0,0.0,0.0,0.0,0.0,1,0,0,0,50,0,0,0,1,0,0,0,50,0,0,0
9139394457,15728642,15728642,0,0,0,0.0,0.0,0.0,0.0,15728642,15728642,0,0,0,0.0,0.0,0.0,0.0,1,0,0,0,50,0,0,0,1,0,0,0,50,0,0,0
9139593079,15728642,15728642,0,0,0,0.0,0.0,0.0,0.0,15728642,15728642,0,0,0,0.0,0.0,0.0,0.0,1,0,0,0,50,0,0,0,1,0,0,0,50,0,0,0
9139792638,15728642,15728642,0,0,0,0.0,0.0,0.0,0.0,15728642,15728642,0,0,0,0.0,0.0,0.0,0.0,1,0,0,0,50,0,0,0,1,0,0,0,50,0,0,0
9139993926,15728642,15728642,0,0,0,0.0,0.0,0.0,0.0,15728642,15728642,0,0,0,0.0,0.0,0.0,0.0,1,0,0,0,50,0,0,0,1,0,0,0,50,0,0,0
9140193683,15728642,15728642,0,0,0,0.0,0.0,0.0,0.0,15728642,15728642,0,0,0,0.0,0.0,0.0,0.0,1,0,0,0,50,0,0,0,1,0,0,0,50,0,0,0
9140394830,15728642,15728642,0,0,0,0.0,0.0,0.0,0.0,15728642,15728642,0,0,0,0.0,0.0,0.0,0.0,1,0,0,0,50,0,0,0,1,0,0,0,50,0,0,0
9140594636,15728642,15728642,0,0,0,0.0,0.0,0.0,0.0,15728642,15728642,0,0,0,0.0,0.0,0.0,0.0,1,0,0,0,50,0,0,0,1,0,0,0,50,0,0,0
9140794237,15728642,15728642,0,0,0,0.0,0.0,0.0,0.0,15728642,15728642,0,0,0,0.0,0.0,0.0,0.0,1,0,0,0,50,0,0,0,1,0,0,0,50,0,0,0
9140994906,15728642,15728642,0,0,0,0.0,0.0,0.0,0.0,15728642,15728642,0,0,0,0.0,0.0,0.0,0.0,1,0,0,0,50,0,0,0,1,0,0,0,50,0,0,0
9141195254,15728642,15728642,0,0,0,0.0,0.0,0.0,0.0,15728642,15728642,0,0,0,0.0,0.0,0.0,0.0,1,0,0,0,50,0,0,0,1,0,0,0,50,0,0,0
9141385907,15728642,15728642,0,0,0,0.0,0.0,0.0,0.0,15728642,15728642,0,0,0,0.0,0.0,0.0,0.0,1,0,0,0,50,0,0,0,1,0,0,0,50,0,0,0
9141585763,15728642,15728642,0,0,0,0.0,0.0,0.0,0.0,15728642,15728642,0,0,0,0.0,0.0,0.0,0.0,1,0,0,0,50,0,0,0,1,0,0,0,50,0,0,0
9141786187,15728642,15728642,0,0,0,0.0,0.0,0.0,0.0,15728642,15728642,0,0,0,0.0,0.0,0.0,0.0,1,0,0,0,50,0,0,0,1,0,0,0,50,0,0,0
9141986681,15728642,15728642,0,0,0,0.0,0.0,0.0,0.0,15728642,15728642,0,0,0,0.0,0.0,0.0,0.0,1,0,0,0,50,0,0,0,1,0,0,0,50,0,0,0
9142186897,15728642,15728642,0,0,0,0.0,0.0,0.0,0.0,15728642,15728642,0,0,0,0.0,0.0,0.0,0.0,1,0,0,0,50,0,0,0,1,0,0,0,50,0,0,0
9142387118,15728642,15728642,0,0,0,0.0,0.0,0.0,0.0,15728642,15728642,0,0,0,0.0,0.0,0.0,0.0,1,0,0,0,50,0,0,0,1,0,0,0,50,0,0,0
9142587598,15728642,15728642,0,0,0,0.0,0.0,0.0,0.0,15728642,15728642,0,0,0,0.0,0.0,0.0,0.0,1,0,0,0,50,0,0,0,1,0,0,0,50,0,0,0
9142787518,15728642,15728642,0,0,0,0.0,0.0,0.0,0.0,15728642,15728642,0,0,0,0.0,0.0,0.0,0.0,1,0,0,0,50,0,0,0,1,0,0,0,50,0,0,0
9142988871,15728642,15728642,0,0,0,0.0,0.0,0.0,0.0,15728642,15728642,0,0,0,0.0,0.0,0.0,0.0,1,0,0,0,50,0,0,0,1,0,0,0,50,0,0,0
9143188407,15728642,15728642,0,0,0,0.0,0.0,0.0,0.0,15728642,15728642,0,0,0,0.0,0.0,0.0,0.0,1,0,0,0,50,0,0,0,1,0,0,0,50,0,0,0
9143389925,15728642,15728642,0,0,0,0.0,0.0,0.0,0.0,15728642,15728642,0,0,0,0.0,0.0,0.0,0.0,1,0,0,0,50,0,0,0,1,0,0,0,50,0,0,0
9143589260,15728642,15728642,0,0,0,0.0,0.0,0.0,0.0,15728642,15728642,0,0,0,0.0,0.0,0.0,0.0,1,0,0,0,50,0,0,0,1,0,0,0,50,0,0,0
9143789081,15728642,15728642,0,0,0,0.0,0.0,0.0,0.0,15728642,15728642,0,0,0,0.0,0.0,0.0,0.0,1,0,0,0,50,0,0,0,1,0,0,0,50,0,0,0
9143990248,15728642,15728642,0,0,0,0.0,0.0,0.0,0.0,15728642,15728642,0,0,0,0.0,0.0,0.0,0.0,1,0,0,0,50,0,0,0,1,0,0,0,50,0,0,0
9144189675,15728642,15728642,0,0,0,0.0,0.0,0.0,0.0,15728642,15728642,0,0,0,0.0,0.0,0.0,0.0,1,0,0,0,50,0,0,0,1,0,0,0,50,0,0,0
9144390697,15728642,15728642,0,0,0,0.0,0.0,0.0,0.0,15728642,15728642,0,0,0,0.0,0.0,0.0,0.0,1,0,0,0,50,0,0,0,1,0,0,0,50,0,0,0
9144590776,15728642,15728642,0,0,0,0.0,0.0,0.0,0.0,15728642,15728642,0,0,0,0.0,0.0,0.0,0.0,1,0,0,0,50,0,0,0,1,0,0,0,50,0,0,0
9144790454,15728642,15728642,0,0,0,0.0,0.0,0.0,0.0,15728642,15728642,0,0,0,0.0,0.0,0.0,0.0,1,0,0,0,50,0,0,0,1,0,0,0,50,0,0,0
9144991807,15728642,15728642,0,0,0,0.0,0.0,0.0,0.0,15728642,15728642,0,0,0,0.0,0.0,0.0,0.0,1,0,0,0,50,0,0,0,1,0,0,0,50,0,0,0
9145192023,15728642,15728642,0,0,0,0.0,0.0,0.0,0.0,15728642,15728642,0,0,0,0.0,0.0,0.0,0.0,1,0,0,0,50,0,0,0,1,0,0,0,50,0,0,0
9145392336,15728642,15728642,0,0,0,0.0,0.0,0.0,0.0,15728642,15728642,0,0,0,0.0,0.0,0.0,0.0,1,0,0,0,50,0,0,0,1,0,0,0,50,0,0,0
9145592451,15728642,15728642,0,0,0,0.0,0.0,0.0,0.0,15728642,15728642,0,0,0,0.0,0.0,0.0,0.0,1,0,0,0,50,0,0,0,1,0,0,0,50,0,0,0
9145793004,15728642,15728642,0,0,0,0.0,0.0,0.0,0.0,15728642,15728642,0,0,0,0.0,0.0,0.0,0.0,1,0,0,0,50,0,0,0,1,0,0,0,50,0,0,0
9145994676,15728642,15728642,0,0,0,0.0,0.0,0.0,0.0,15728642,15728642,0,0,0,0.0,0.0,0.0,0.0,1,0,0,0,50,0,0,0,1,0,0,0,50,0,0,0
9146192775,15728642,15728642,0,0,0,0.0,0.0,0.0,0.0,15728642,15728642,0,0,0,0.0,0.0,0.0,0.0,1,0,0,0,50,0,0,0,1,0,0,0,50,0,0,0
9146393594,15728642,15728642,0,0,0,0.0,0.0,0.0,0.0,15728642,15728642,0,0,0,0.0,0.0,0.0,0.0,1,0,0,0,50,0,0,0,1,0,0,0,50,0,0,0
9146593652,15728642,15728642,0,0,0,0.0,0.0,0.0,0.0,15728642,15728642,0,0,0,0.0,0.0,0.0,0.0,1,0,0,0,50,0,0,0,1,0,0,0,50,0,0,0
9146793673,15728642,15728642,0,0,0,0.0,0.0,0.0,0.0,15728642,15728642,0,0,0,0.0,0.0,0.0,0.0,1,0,0,0,50,0,0,0,1,0,0,0,50,0,0,0
9146994765,15728642,15728642,0,0,0,0.0,0.0,0.0,0.0,15728642,15728642,0,0,0,0.0,0.0,0.0,0.0,1,0,0,0,50,0,0,0,1,0,0,0,50,0,0,0
9147194456,15728642,15728642,0,0,0,0.0,0.0,0.0,0.0,15728642,15728642,0,0,0,0.0,0.0,0.0,0.0,1,0,0,0,50,0,0,0,1,0,0,0,50,0,0,0
9147394359,15728642,15728642,0,0,0,0.0,0.0,0.0,0.0,15728642,15728642,0,0,0,0.0,0.0,0.0,0.0,1,0,0,0,50,0,0,0,1,0,0,0,50,0,0,0
9147585630,15728642,15728642,0,0,0,0.0,0.0,0.0,0.0,15728642,15728642,0,0,0,0.0,0.0,0.0,0.0,1,0,0,0,50,0,0,0,1,0,0,0,50,0,0,0
9147785121,15728642,15728642,0,0,0,0.0,0.0,0.0,0.0,15728642,15728642,0,0,0,0.0,0.0,0.0,0.0,1,0,0,0,50,0,0,0,1,0,0,0,50,0,0,0
9147986076,15728642,15728642,0,0,0,0.0,0.0,0.0,0.0,15728642,15728642,0,0,0,0.0,0.0,0.0,0.0,1,0,0,0,50,0,0,0,1,0,0,0,50,0,0,0
9148186013,15728642,15728642,0,0,0,0.0,0.0,0.0,0.0,15728642,15728642,0,0,0,0.0,0.0,0.0,0.0,1,0,0,0,50,0,0,0,1,0,0,0,50,0,0,0
9148387473,15728642,15728642,0,0,0,0.0,0.0,0.0,0.0,15728642,15728642,0,0,0,0.0,0.0,0.0,0.0,1,0,0,0,50,0,0,0,1,0,0,0,50,0,0,0
9148587256,15728642,15728642,0,0,0,0.0,0.0,0.0,0.0,15728642,15728642,0,0,0,0.0,0.0,0.0,0.0,1,0,0,0,50,0,0,0,1,0,0,0,50,0,0,0
9148787248,15728642,15728642,0,0,0,0.0,0.0,0.0,0.0,15728642,15728642,0,0,0,0.0,0.0,0.0,0.0,1,0,0,0,50,0,0,0,1,0,0,0,50,0,0,0
9148988885,15728642,15728642,0,0,0,0.0,0.0,0.0,0.0,15728642,15728642,0,0,0,0.0,0.0,0.0,0.0,1,0,0,0,50,0,0,0,1,0,0,0,50,0,0,0
9149187691,15728642,15728642,0,0,0,0.0,0.0,0.0,0.0,15728642,15728642,0,0,0,0.0,0.0,0.0,0.0,1,0,0,0,50,0,0,0,1,0,0,0,50,0,0,0
9149388511,15728642,15728642,0,0,0,0.0,0.0,0.0,0.0,15728642,15728642,0,0,0,0.0,0.0,0.0,0.0,1,0,0,0,50,0,0,0,1,0,0,0,50,0,0,0
9149588596,15728642,15728642,0,0,0,0.0,0.0,0.0,0.0,15728642,15728642,0,0,0,0.0,0.0,0.0,0.0,1,0,0,0,50,0,0,0,1,0,0,0,50,0,0,0
9149789144,15728642,15728642,0,0,0,0.0,0.0,0.0,0.0,15728642,15728642,0,0,0,0.0,0.0,0.0,0.0,1,0,0,0,50,0,0,0,1,0,0,0,50,0,0,0
9149990855,15728642,15728642,0,0,0,0.0,0.0,0.0,0.0,15728642,15728642,0,0,0,0.0,0.0,0.0,0.0,1,0,0,0,50,0,0,0,1,0,0,0,50,0,0,0
9150189284,15728642,15728642,0,0,0,0.0,0.0,0.0,0.0,15728642,15728642,0,0,0,0.0,0.0,0.0,0.0,1,0,0,0,50,0,0,0,1,0,0,0,50,0,0,0
9150389457,15728642,15728642,0,0,0,0.0,0.0,0.0,0.0,15728642,15728642,0,0,0,0.0,0.0,0.0,0.0,1,0,0,0,50,0,0,0,1,0,0,0,50,0,0,0
9150590768,15728642,15728642,0,0,0,0.0,0.0,0.0,0.0,15728642,15728642,0,0,0,0.0,0.0,0.0,0.0,1,0,0,0,50,0,0,0,1,0,0,0,50,0,0,0
9150790686,15728642,15728642,0,0,0,0.0,0.0,0.0,0.0,15728642,15728642,0,0,0,0.0,0.0,0.0,0.0,1,0,0,0,50,0,0,0,1,0,0,0,50,0,0,0
9150991235,15728642,15728642,0,0,0,0.0,0.0,0.0,0.0,15728642,15728642,0,0,0,0.0,0.0,0.0,0.0,1,0,0,0,50,0,0,0,1,0,0,0,50,0,0,0
9151191680,15728642,15728642,0,0,0,0.0,0.0,0.0,0.0,15728642,15728642,0,0,0,0.0,0.0,0.0,0.0,1,0,0,0,50,0,0,0,1,0,0,0,50,0,0,0
9151390938,15728642,15728642,0,0,0,0.0,0.0,0.0,0.0,15728642,15728642,0,0,0,0.0,0.0,0.0,0.0,1,0,0,0,50,0,0,0,1,0,0,0,50,0,0,0
9151592113,15728642,15728642,0,0,0,0.0,0.0,0.0,0.0,15728642,15728642,0,0,0,0.0,0.0,0.0,0.0,1,0,0,0,50,0,0,0,1,0,0,0,50,0,0,0
9151792316,15728642,15728642,0,0,0,0.0,0.0,0.0,0.0,15728642,15728642,0,0,0,0.0,0.0,0.0,0.0,1,0,0,0,50,0,0,0,1,0,0,0,50,0,0,0
9151991947,15728642,15728642,0,0,0,0.0,0.0,0.0,0.0,15728642,15728642,0,0,0,0.0,0.0,0.0,0.0,1,0,0,0,50,0,0,0,1,0,0,0,50,0,0,0
9152192627,15728642,15728642,0,0,0,0.0,0.0,0.0,0.0,15728642,15728642,0,0,0,0.0,0.0,0.0,0.0,1,0,0,0,50,0,0,0,1,0,0,0,50,0,0,0
9152392286,15728642,15728642,0,0,0,0.0,0.0,0.0,0.0,15728642,15728642,0,0,0,0.0,0.0,0.0,0.0,1,0,0,0,50,0,0,0,1,0,0,0,50,0,0,0
9152593364,15728642,15728642,0,0,0,0.0,0.0,0.0,0.0,15728642,15728642,0,0,0,0.0,0.0,0.0,0.0,1,0,0,0,50,0,0,0,1,0,0,0,50,0,0,0
9152793578,15728642,15728642,0,0,0,0.0,0.0,0.0,0.0,15728642,15728642,0,0,0,0.0,0.0,0.0,0.0,1,0,0,0,50,0,0,0,1,0,0,0,50,0,0,0
9152993305,15728642,15728642,0,0,0,0.0,0.0,0.0,0.0,15728642,15728642,0,0,0,0.0,0.0,0.0,0.0,1,0,0,0,50,0,0,0,1,0,0,0,50,0,0,0
9153194363,15728642,15728642,0,0,0,0.0,0.0,0.0,0.0,15728642,15728642,0,0,0,0.0,0.0,0.0,0.0,1,0,0,0,50,0,0,0,1,0,0,0,50,0,0,0
9153394363,15728642,15728642,0,0,0,0.0,0.0,0.0,0.0,15728642,15728642,0,0,0,0.0,0.0,0.0,0.0,1,0,0,0,50,0,0,0,1,0,0,0,50,0,0,0
9153585145,15728642,15728642,0,0,0,0.0,0.0,0.0,0.0,15728642,15728642,0,0,0,0.0,0.0,0.0,0.0,1,0,0,0,50,0,0,0,1,0,0,0,50,0,0,0
9153795260,15728642,15728642,0,0,0,0.0,0.0,0.0,0.0,15728642,15728642,0,0,0,0.0,0.0,0.0,0.0,1,0,0,0,50,0,0,0,1,0,0,0,50,0,0,0
9153986053,15728642,15728642,0,0,0,0.0,0.0,0.0,0.0,15728642,15728642,0,0,0,0.0,0.0,0.0,0.0,1,0,0,0,50,0,0,0,1,0,0,0,50,0,0,0
9154186376,15728642,15728642,0,0,0,0.0,0.0,0.0,0.0,15728642,15728642,0,0,0,0.0,0.0,0.0,0.0,1,0,0,0,50,0,0,0,1,0,0,0,50,0,0,0
9154386032,15728642,15728642,0,0,0,0.0,0.0,0.0,0.0,15728642,15728642,0,0,0,0.0,0.0,0.0,0.0,1,0,0,0,50,0,0,0,1,0,0,0,50,0,0,0
9154586341,15728642,15728642,0,0,0,0.0,0.0,0.0,0.0,15728642,15728642,0,0,0,0.0,0.0,0.0,0.0,1,0,0,0,50,0,0,0,1,0,0,0,50,0,0,0
9154786143,15728642,15728642,0,0,0,0.0,0.0,0.0,0.0,15728642,15728642,0,0,0,0.0,0.0,0.0,0.0,1,0,0,0,50,0,0,0,1,0,0,0,50,0,0,0
9154987658,15728642,15728642,0,0,0,0.0,0.0,0.0,0.0,15728642,15728642,0,0,0,0.0,0.0,0.0,0.0,1,0,0,0,50,0,0,0,1,0,0,0,50,0,0,0
9155187894,15728642,15728642,0,0,0,0.0,0.0,0.0,0.0,15728642,15728642,0,0,0,0.0,0.0,0.0,0.0,1,0,0,0,50,0,0,0,1,0,0,0,50,0,0,0
9155387576,15728642,15728642,0,0,0,0.0,0.0,0.0,0.0,15728642,15728642,0,0,0,0.0,0.0,0.0,0.0,1,0,0,0,50,0,0,0,1,0,0,0,50,0,0,0
9155589221,15728642,15728642,0,0,0,0.0,0.0,0.0,0.0,15728642,15728642,0,0,0,0.0,0.0,0.0,0.0,1,0,0,0,50,0,0,0,1,0,0,0,50,0,0,0
9155788063,15728642,15728642,0,0,0,0.0,0.0,0.0,0.0,15728642,15728642,0,0,0,0.0,0.0,0.0,0.0,1,0,0,0,50,0,0,0,1,0,0,0,50,0,0,0
9155988905,15728642,15728642,0,0,0,0.0,0.0,0.0,0.0,15728642,15728642,0,0,0,0.0,0.0,0.0,0.0,1,0,0,0,50,0,0,0,1,0,0,0,50,0,0,0
9156189188,15728642,15728642,0,0,0,0.0,0.0,0.0,0.0,15728642,15728642,0,0,0,0.0,0.0,0.0,0.0,1,0,0,0,50,0,0,0,1,0,0,0,50,0,0,0
9156388663,15728642,15728642,0,0,0,0.0,0.0,0.0,0.0,15728642,15728642,0,0,0,0.0,0.0,0.0,0.0,1,0,0,0,50,0,0,0,1,0,0,0,50,0,0,0
9156590466,15728642,15728642,0,0,0,0.0,0.0,0.0,0.0,15728642,15728642,0,0,0,0.0,0.0,0.0,0.0,1,0,0,0,50,0,0,0,1,0,0,0,50,0,0,0
9156790143,15728642,15728642,0,0,0,0.0,0.0,0.0,0.0,15728642,15728642,0,0,0,0.0,0.0,0.0,0.0,1,0,0,0,50,0,0,0,1,0,0,0,50,0,0,0
9156990118,15728642,15728642,0,0,0,0.0,0.0,0.0,0.0,15728642,15728642,0,0,0,0.0,0.0,0.0,0.0,1,0,0,0,50,0,0,0,1,0,0,0,50,0,0,0
9157191096,15728642,15728642,0,0,0,0.0,0.0,0.0,0.0,15728642,15728642,0,0,0,0.0,0.0,0.0,0.0,1,0,0,0,50,0,0,0,1,0,0,0,50,0,0,0
9157391032,15728642,15728642,0,0,0,0.0,0.0,0.0,0.0,15728642,15728642,0,0,0,0.0,0.0,0.0,0.0,1,0,0,0,50,0,0,0,1,0,0,0,50,0,0,0
9157591047,15728642,15728642,0,0,0,0.0,0.0,0.0,0.0,15728642,15728642,0,0,0,0.0,0.0,0.0,0.0,1,0,0,0,50,0,0,0,1,0,0,0,50,0,0,0
9157791653,15728642,15728642,0,0,0,0.0,0.0,0.0,0.0,15728642,15728642,0,0,0,0.0,0.0,0.0,0.0,1,0,0,0,50,0,0,0,1,0,0,0,50,0,0,0
9157992087,15728642,15728642,0,0,0,0.0,0.0,0.0,0.0,15728642,15728642,0,0,0,0.0,0.0,0.0,0.0,1,0,0,0,50,0,0,0,1,0,0,0,50,0,0,0
9158193496,15728642,15728642,0,0,0,0.0,0.0,0.0,0.0,15728642,15728642,0,0,0,0.0,0.0,0.0,0.0,1,0,0,0,50,0,0,0,1,0,0,0,50,0,0,0
9158392484,15728642,15728642,0,0,0,0.0,0.0,0.0,0.0,15728642,15728642,0,0,0,0.0,0.0,0.0,0.0,1,0,0,0,50,0,0,0,1,0,0,0,50,0,0,0
9158592931,15728642,15728642,0,0,0,0.0,0.0,0.0,0.0,15728642,15728642,0,0,0,0.0,0.0,0.0,0.0,1,0,0,0,50,0,0,0,1,0,0,0,50,0,0,0
9158792646,15728642,15728642,0,0,0,0.0,0.0,0.0,0.0,15728642,15728642,0,0,0,0.0,0.0,0.0,0.0,1,0,0,0,50,0,0,0,1,0,0,0,50,0,0,0
9158992878,15728642,15728642,0,0,0,0.0,0.0,0.0,0.0,15728642,15728642,0,0,0,0.0,0.0,0.0,0.0,1,0,0,0,50,0,0,0,1,0,0,0,50,0,0,0
9159194429,15728642,15728642,0,0,0,0.0,0.0,0.0,0.0,15728642,15728642,0,0,0,0.0,0.0,0.0,0.0,1,0,0,0,50,0,0,0,1,0,0,0,50,0,0,0
9159394417,15728642,15728642,0,0,0,0.0,0.0,0.0,0.0,15728642,15728642,0,0,0,0.0,0.0,0.0,0.0,1,0,0,0,50,0,0,0,1,0,0,0,50,0,0,0
9159593565,15728642,15728642,0,0,0,0.0,0.0,0.0,0.0,15728642,15728642,0,0,0,0.0,0.0,0.0,0.0,1,0,0,0,50,0,0,0,1,0,0,0,50,0,0,0
9159794968,15728642,15728642,0,0,0,0.0,0.0,0.0,0.0,15728642,15728642,0,0,0,0.0,0.0,0.0,0.0,1,0,0,0,50,0,0,0,1,0,0,0,50,0,0,0
9159995041,15728642,15728642,0,0,0,0.0,0.0,0.0,0.0,15728642,15728642,0,0,0,0.0,0.0,0.0,0.0,1,0,0,0,50,0,0,0,1,0,0,0,50,0,0,0
9160194940,15728642,15728642,0,0,0,0.0,0.0,0.0,0.0,15728642,15728642,0,0,0,0.0,0.0,0.0,0.0,1,0,0,0,50,0,0,0,1,0,0,0,50,0,0,0
9160385657,15728642,15728642,0,0,0,0.0,0.0,0.0,0.0,15728642,15728642,0,0,0,0.0,0.0,0.0,0.0,1,0,0,0,50,0,0,0,1,0,0,0,50,0,0,0
9160594985,15728642,15728642,0,0,0,0.0,0.0,0.0,0.0,15728642,15728642,0,0,0,0.0,0.0,0.0,0.0,1,0,0,0,50,0,0,0,1,0,0,0,50,0,0,0
9160786078,15728642,15728642,0,0,0,0.0,0.0,0.0,0.0,15728642,15728642,0,0,0,0.0,0.0,0.0,0.0,1,0,0,0,50,0,0,0,1,0,0,0,50,0,0,0
9160986012,15728642,15728642,0,0,0,0.0,0.0,0.0,0.0,15728642,15728642,0,0,0,0.0,0.0,0.0,0.0,1,0,0,0,50,0,0,0,1,0,0,0,50,0,0,0
9161187168,15728642,15728642,0,0,0,0.0,0.0,0.0,0.0,15728642,15728642,0,0,0,0.0,0.0,0.0,0.0,1,0,0,0,50,0,0,0,1,0,0,0,50,0,0,0
9161387112,15728642,15728642,0,0,0,0.0,0.0,0.0,0.0,15728642,15728642,0,0,0,0.0,0.0,0.0,0.0,1,0,0,0,50,0,0,0,1,0,0,0,50,0,0,0
9161588614,15728642,15728642,0,0,0,0.0,0.0,0.0,0.0,15728642,15728642,0,0,0,0.0,0.0,0.0,0.0,1,0,0,0,50,0,0,0,1,0,0,0,50,0,0,0
9161788289,15728642,15728642,0,0,0,0.0,0.0,0.0,0.0,15728642,15728642,0,0,0,0.0,0.0,0.0,0.0,1,0,0,0,50,0,0,0,1,0,0,0,50,0,0,0
9161987946,15728642,15728642,0,0,0,0.0,0.0,0.0,0.0,15728642,15728642,0,0,0,0.0,0.0,0.0,0.0,1,0,0,0,50,0,0,0,1,0,0,0,50,0,0,0
