timestamp,unallocated_torque[0],unallocated_torque[1],unallocated_torque[2],unallocated_thrust[0],unallocated_thrust[1],unallocated_thrust[2],handled_motor_failure_mask,motor_stop_mask,torque_setpoint_achieved,thrust_setpoint_achieved,actuator_saturation[0],actuator_saturation[1],actuator_saturation[2],actuator_saturation[3],actuator_saturation[4],actuator_saturation[5],actuator_saturation[6],actuator_saturation[7],actuator_saturation[8],actuator_saturation[9],actuator_saturation[10],actuator_saturation[11],actuator_saturation[12],actuator_saturation[13],actuator_saturation[14],actuator_saturation[15]
9100592633,-0.018878883,0.015408627,0.15287405,0.0,0.0,-0.0,0,0,0,1,-2,-2,-2,-2,2,2,2,2,2,2,2,2,2,2,2,2
9100602452,-0.018879956,0.015409097,0.16176663,0.0,0.0,-0.0,0,0,0,1,-2,-2,-2,-2,2,2,2,2,2,2,2,2,2,2,2,2
9100792360,-0.027386619,0.013218455,0.1564757,0.0,0.0,-0.0,0,0,0,1,-2,-2,-2,-2,2,2,2,2,2,2,2,2,2,2,2,2
9100993021,-0.027401725,0.013223456,0.014348859,0.0,0.0,-0.0,0,0,0,1,-2,-2,-2,-2,2,2,2,2,2,2,2,2,2,2,2,2
9101194908,-0.027413165,0.013229011,0.0011962416,0.0,0.0,-0.0,0,0,0,1,-2,-2,-2,-2,2,2,2,2,2,2,2,2,2,2,2,2
9101393562,-0.02743247,0.013233551,-3.434431e-05,0.0,0.0,-0.0,0,0,0,1,-2,-2,-2,-2,2,2,2,2,2,2,2,2,2,2,2,2
9101593809,-0.027449908,0.013231892,-0.00014962807,0.0,0.0,4.656613e-10,0,0,0,1,-2,-2,-2,-2,2,2,2,2,2,2,2,2,2,2,2,2
9101794477,-0.027470006,0.013234893,-0.00016050157,0.0,0.0,4.656613e-10,0,0,0,1,-2,-2,-2,-2,2,2,2,2,2,2,2,2,2,2,2,2
9101994153,-0.02749451,0.013236194,-0.00016166411,0.0,0.0,-0.0,0,0,0,1,-2,-2,-2,-2,2,2,2,2,2,2,2,2,2,2,2,2
9102186059,-0.027515907,0.013244203,-0.00016197392,0.0,0.0,-0.0,0,0,0,1,-2,-2,-2,-2,2,2,2,2,2,2,2,2,2,2,2,2
9102394571,-0.027521316,0.01324394,-0.00016211312,0.0,0.0,-0.0,0,0,0,1,-2,-2,-2,-2,2,2,2,2,2,2,2,2,2,2,2,2
9102594538,-0.027554156,0.013239813,-0.00016218066,0.0,0.0,4.656613e-10,0,0,0,1,-2,-2,-2,-2,2,2,2,2,2,2,2,2,2,2,2,2
9102785431,-0.027569534,0.013244727,-0.00016229144,0.0,0.0,-0.0,0,0,0,1,-2,-2,-2,-2,2,2,2,2,2,2,2,2,2,2,2,2
9102986498,-0.027592486,0.013248594,-0.00016249374,0.0,0.0,4.656613e-10,0,0,0,1,-2,-2,-2,-2,2,2,2,2,2,2,2,2,2,2,2,2
9103187288,-0.027623134,0.013250869,-0.00016269823,0.0,0.0,4.656613e-10,0,0,0,1,-2,-2,-2,-2,2,2,2,2,2,2,2,2,2,2,2,2
9103385791,-0.027643079,0.01324891,-0.00016281883,0.0,0.0,-0.0,0,0,0,1,-2,-2,-2,-2,2,2,2,2,2,2,2,2,2,2,2,2
9103587526,-0.027673595,0.0132506415,-0.0001629968,0.0,0.0,-0.0,0,0,0,1,-2,-2,-2,-2,2,2,2,2,2,2,2,2,2,2,2,2
9103786798,-0.027680112,0.013254385,-0.0001631156,0.0,0.0,-0.0,0,0,0,1,-2,-2,-2,-2,2,2,2,2,2,2,2,2,2,2,2,2
9103987226,-0.027705839,0.013254977,-0.0001632573,0.0,0.0,-0.0,0,0,0,1,-2,-2,-2,-2,2,2,2,2,2,2,2,2,2,2,2,2
9104189178,-0.027716616,0.013257184,-0.00016333304,0.0,0.0,-0.0,0,0,0,1,-2,-2,-2,-2,2,2,2,2,2,2,2,2,2,2,2,2
9104387474,-0.027736774,0.013254,-0.00016342405,0.0,0.0,-0.0,0,0,0,1,-2,-2,-2,-2,2,2,2,2,2,2,2,2,2,2,2,2
9104589912,-0.027756738,0.013262327,-0.00016364132,0.0,0.0,-0.0,0,0,0,1,-2,-2,-2,-2,2,2,2,2,2,2,2,2,2,2,2,2
9104788283,-0.027763126,0.013264599,-0.00016374684,0.0,0.0,-0.0,0,0,0,1,-2,-2,-2,-2,2,2,2,2,2,2,2,2,2,2,2,2
9104988796,-0.027765526,0.013272601,-0.0001638344,0.0,0.0,-0.0,0,0,0,1,-2,-2,-2,-2,2,2,2,2,2,2,2,2,2,2,2,2
9105190789,-0.027779127,0.013279135,-0.00016397244,0.0,0.0,-0.0,0,0,0,1,-2,-2,-2,-2,2,2,2,2,2,2,2,2,2,2,2,2
9105389552,-0.027797034,0.013283404,-0.00016411542,0.0,0.0,-0.0,0,0,0,1,-2,-2,-2,-2,2,2,2,2,2,2,2,2,2,2,2,2
9105591439,-0.02781505,0.013284871,-0.00016428657,0.0,0.0,-0.0,0,0,0,1,-2,-2,-2,-2,2,2,2,2,2,2,2,2,2,2,2,2
9105790102,-0.027820786,0.013278537,-0.00016432667,0.0,0.0,-0.0,0,0,0,1,-2,-2,-2,-2,2,2,2,2,2,2,2,2,2,2,2,2
9105989790,-0.027826866,0.013272266,-0.00016427778,0.0,0.0,4.656613e-10,0,0,0,1,-2,-2,-2,-2,2,2,2,2,2,2,2,2,2,2,2,2
9106192156,-0.027841087,0.013273668,-0.0001642976,0.0,0.0,-0.0,0,0,0,1,-2,-2,-2,-2,2,2,2,2,2,2,2,2,2,2,2,2
9106390684,-0.027868925,0.013266557,-0.00016440093,0.0,0.0,-0.0,0,0,0,1,-2,-2,-2,-2,2,2,2,2,2,2,2,2,2,2,2,2
9106592410,-0.027886355,0.013269252,-0.00016453463,0.0,0.0,-0.0,0,0,0,1,-2,-2,-2,-2,2,2,2,2,2,2,2,2,2,2,2,2
9106792067,-0.027879266,0.0132701695,-0.00016454827,0.0,0.0,-0.0,0,0,0,1,-2,-2,-2,-2,2,2,2,2,2,2,2,2,2,2,2,2
9106991666,-0.02789079,0.008281028,-0.00016459379,0.0,0.0,0.0,0,0,0,1,0,-2,0,-2,2,2,2,2,2,2,2,2,2,2,2,2
9107193568,-0.023320852,9.313226e-10,-0.00016465202,0.0,0.0,-9.313226e-10,0,0,0,1,0,-2,0,0,2,2,2,2,2,2,2,2,2,2,2,2
9107392444,-0.012627162,-1.8626451e-09,-0.00016469056,0.0,0.0,-1.8626451e-09,0,0,0,1,0,-2,0,0,2,2,2,2,2,2,2,2,2,2,2,2
9107593299,-0.0020229947,0.0,-0.00016474321,0.0,0.0,-3.7252903e-09,0,0,0,1,0,-2,0,0,2,2,2,2,2,2,2,2,2,2,2,2
9107793617,-3.7252903e-09,-1.8626451e-09,-2.6193447e-10,0.0,0.0,3.7252903e-09,0,0,1,1,0,0,0,0,2,2,2,2,2,2,2,2,2,2,2,2
9107993595,0.0,-5.5879354e-09,-5.0931703e-09,0.0,0.0,-3.7252903e-09,0,0,1,1,0,0,0,0,2,2,2,2,2,2,2,2,2,2,2,2
9108194726,0.0,-3.7252903e-09,2.910383e-11,0.0,0.0,-7.450581e-09,0,0,1,1,0,0,0,0,2,2,2,2,2,2,2,2,2,2,2,2
9108394118,3.7252903e-09,0.0,-3.1286618e-09,0.0,0.0,0.0,0,0,1,1,0,0,0,0,2,2,2,2,2,2,2,2,2,2,2,2
9108595031,0.0,0.0,3.5215635e-09,0.0,0.0,0.0,0,0,1,1,0,0,0,0,2,2,2,2,2,2,2,2,2,2,2,2
9108794693,-0.00091154873,3.7252903e-09,-0.00025428084,0.0,0.0,-7.450581e-09,0,0,1,1,0,-2,0,0,2,2,2,2,2,2,2,2,2,2,2,2
9108994961,-0.0029413402,0.0,-0.0002618777,0.0,0.0,-7.450581e-09,0,0,0,1,0,-2,0,0,2,2,2,2,2,2,2,2,2,2,2,2
9109185911,-0.0029478818,-7.450581e-09,-0.00026265346,0.0,0.0,0.0,0,0,0,1,0,-2,0,0,2,2,2,2,2,2,2,2,2,2,2,2
9109385544,-0.014299735,-3.7252903e-09,-0.0002627912,0.0,0.0,-7.450581e-09,0,0,0,1,0,-2,0,0,2,2,2,2,2,2,2,2,2,2,2,2
9109586349,-0.027235936,3.7252903e-09,-0.00047426135,0.0,0.0,-3.7252903e-09,0,0,0,1,0,-2,0,0,2,2,2,2,2,2,2,2,2,2,2,2
9109786617,-0.04731554,0.0011827052,-0.003544779,0.0,0.0,-3.7252903e-09,0,0,0,1,0,-2,0,-2,2,2,2,2,2,2,2,2,2,2,2,2
9109986977,0.0120687075,0.049893778,0.026312662,0.0,0.0,0.0,0,0,0,1,0,-2,0,-2,2,2,2,2,2,2,2,2,2,2,2,2
9110186733,0.0696395,0.12080084,0.008863395,0.0,0.0,-1.1175871e-08,0,0,0,1,0,-2,0,-2,2,2,2,2,2,2,2,2,2,2,2,2
9110386974,-0.09086133,0.19037034,-0.013149118,0.0,0.0,1.8626451e-09,0,0,0,1,0,-2,0,-2,2,2,2,2,2,2,2,2,2,2,2,2
9110588888,-0.08921028,0.11248326,-0.0057443576,0.0,0.0,3.7252903e-09,0,0,0,1,0,-2,0,-2,2,2,2,2,2,2,2,2,2,2,2,2
9110787470,-0.07418298,0.085480765,-0.0012324294,0.0,0.0,0.0,0,0,0,1,0,-2,0,-2,2,2,2,2,2,2,2,2,2,2,2,2
9110987628,-0.04601528,0.04366292,-0.0024225404,0.0,0.0,-3.7252903e-09,0,0,0,1,0,-2,0,-2,2,2,2,2,2,2,2,2,2,2,2,2
9111188588,0.0030543203,0.005141638,-0.005690746,0.0,0.0,-3.7252903e-09,0,0,0,1,0,-2,0,-2,2,2,2,2,2,2,2,2,2,2,2,2
9111389277,0.016086858,-7.450581e-09,5.5879354e-09,0.0,0.0,0.0,0,0,0,1,0,0,0,0,2,2,2,2,2,2,2,2,2,2,2,2
9111590297,0.014836645,-7.450581e-09,9.313226e-10,0.0,0.0,0.0,0,0,0,1,0,0,0,0,2,2,2,2,2,2,2,2,2,2,2,2
9111789577,-9.313226e-10,0.0,0.0,0.0,0.0,-7.450581e-09,0,0,1,1,0,0,0,0,2,2,2,2,2,2,2,2,2,2,2,2
9111989032,7.450581e-09,-3.7252903e-09,-0.030664993,0.0,0.0,-7.450581e-09,0,0,0,1,0,-2,0,0,2,2,2,2,2,2,2,2,2,2,2,2
9112190671,-0.0039394684,-1.1175871e-08,-0.017156634,0.0,0.0,0.0,0,0,0,1,0,-2,0,0,2,2,2,2,2,2,2,2,2,2,2,2
9112390381,-0.015829273,-3.7252903e-09,-0.015172289,0.0,0.0,-7.450581e-09,0,0,0,1,0,-2,0,0,2,2,2,2,2,2,2,2,2,2,2,2
9112590385,-0.019483987,0.0,-4.5401976e-09,0.0,0.0,0.0,0,0,0,1,0,0,0,0,2,2,2,2,2,2,2,2,2,2,2,2
9112791281,-0.013486378,1.8626451e-09,-0.0032303028,0.0,0.0,0.0,0,0,0,1,0,-2,0,0,2,2,2,2,2,2,2,2,2,2,2,2
9112990534,0.16489948,0.07411372,0.07023017,0.0,0.0,0.0,0,0,0,1,0,-2,0,-2,2,2,2,2,2,2,2,2,2,2,2,2
9113191717,-0.09781732,-0.008486822,-0.035304733,0.0,0.0,-7.450581e-09,0,0,0,1,-2,0,-2,0,2,2,2,2,2,2,2,2,2,2,2,2
9113391755,-0.1623612,-7.450581e-09,-0.009687725,0.0,0.0,-1.4901161e-08,0,0,0,1,0,-2,0,0,2,2,2,2,2,2,2,2,2,2,2,2
9113592108,-0.095261015,0.0,0.05035399,0.0,0.0,0.0,0,0,0,1,0,0,-2,0,2,2,2,2,2,2,2,2,2,2,2,2
9113793139,-0.12697092,0.003929138,-0.021523453,0.0,0.0,-1.4901161e-08,0,0,0,1,0,-2,0,-2,2,2,2,2,2,2,2,2,2,2,2,2
9113992666,7.450581e-09,-3.7252903e-09,-1.8626451e-09,0.0,0.0,-7.450581e-09,0,0,1,1,0,0,0,0,2,2,2,2,2,2,2,2,2,2,2,2
9114194395,0.023156779,7.450581e-09,-0.0035936297,0.0,0.0,-7.450581e-09,0,0,0,1,-2,0,0,0,2,2,2,2,2,2,2,2,2,2,2,2
9114393263,0.11060339,-0.13064355,0.021608338,0.0,0.0,-1.4901161e-08,0,0,0,1,-2,0,-2,0,2,2,2,2,2,2,2,2,2,2,2,2
9114593279,-0.004294254,2.7939677e-09,1.8626451e-09,0.0,0.0,0.0,0,0,0,1,0,0,0,0,2,2,2,2,2,2,2,2,2,2,2,2
9114794104,0.023879804,-0.014823794,0.021328991,0.0,0.0,0.0,0,0,0,1,-2,0,-2,0,2,2,2,2,2,2,2,2,2,2,2,2
9114994267,0.059091445,-0.013637222,-0.020344703,0.0,0.0,-1.4901161e-08,0,0,0,1,-2,0,-2,0,2,2,2,2,2,2,2,2,2,2,2,2
9115184535,2.0954758e-09,-3.7252903e-09,-1.8626451e-09,0.0,0.0,-7.450581e-09,0,0,1,1,0,0,0,0,2,2,2,2,2,2,2,2,2,2,2,2
9115394627,-1.3969839e-09,0.0,2.7939677e-09,0.0,0.0,0.0,0,0,1,1,0,0,0,0,2,2,2,2,2,2,2,2,2,2,2,2
9115586978,0.0139142275,5.5879354e-09,-0.01509077,0.0,0.0,0.0,0,0,0,1,-2,0,0,0,2,2,2,2,2,2,2,2,2,2,2,2
9115785293,0.036065467,-7.450581e-09,1.8626451e-09,0.0,0.0,0.0,0,0,0,1,0,0,0,0,2,2,2,2,2,2,2,2,2,2,2,2
9115985940,0.0,-2.7939677e-09,1.3969839e-09,0.0,0.0,-7.450581e-09,0,0,1,1,0,0,0,0,2,2,2,2,2,2,2,2,2,2,2,2
9116186031,-1.8626451e-09,0.0,9.313226e-10,0.0,0.0,-7.450581e-09,0,0,1,1,0,0,0,0,2,2,2,2,2,2,2,2,2,2,2,2
9116386978,-7.450581e-09,3.7252903e-09,4.656613e-10,0.0,0.0,-7.450581e-09,0,0,1,1,0,0,0,0,2,2,2,2,2,2,2,2,2,2,2,2
9116588262,-0.013177723,-8.614734e-09,1.1641532e-09,0.0,0.0,0.0,0,0,0,1,0,0,0,0,2,2,2,2,2,2,2,2,2,2,2,2
9116787758,0.0,5.5879354e-09,4.4237822e-09,0.0,0.0,-7.450581e-09,0,0,1,1,0,0,0,0,2,2,2,2,2,2,2,2,2,2,2,2
9116987442,0.0,-1.8626451e-09,2.7939677e-09,0.0,0.0,-7.450581e-09,0,0,1,1,0,0,0,0,2,2,2,2,2,2,2,2,2,2,2,2
9117187814,0.008736307,-0.015479758,0.01402287,0.0,0.0,-7.450581e-09,0,0,0,1,-2,0,-2,0,2,2,2,2,2,2,2,2,2,2,2,2
9117388338,0.017283808,0.0,-0.0033562663,0.0,0.0,-7.450581e-09,0,0,0,1,-2,0,0,0,2,2,2,2,2,2,2,2,2,2,2,2
9117589827,-0.0076129436,-3.7252903e-09,0.0022346862,0.0,0.0,-1.4901161e-08,0,0,0,1,0,0,-2,0,2,2,2,2,2,2,2,2,2,2,2,2
9117789342,-0.016573742,1.8626451e-09,-5.355105e-09,0.0,0.0,0.0,0,0,0,1,0,0,0,0,2,2,2,2,2,2,2,2,2,2,2,2
9117989031,-0.06913249,3.7252903e-09,-0.0040798923,0.0,0.0,-7.450581e-09,0,0,0,1,0,-2,0,0,2,2,2,2,2,2,2,2,2,2,2,2
9118189517,-0.02891811,5.122274e-09,0.015995605,0.0,0.0,-7.450581e-09,0,0,0,1,0,0,-2,0,2,2,2,2,2,2,2,2,2,2,2,2
9118389387,0.0,1.8626451e-09,-0.0035416596,0.0,0.0,0.0,0,0,0,1,0,-2,0,0,2,2,2,2,2,2,2,2,2,2,2,2
9118590740,0.026435545,0.0,-0.01500762,0.0,0.0,-7.450581e-09,0,0,0,1,-2,0,0,0,2,2,2,2,2,2,2,2,2,2,2,2
9118790786,0.12978676,-0.022200584,-0.021743406,0.0,0.0,-1.4901161e-08,0,0,0,1,-2,0,-2,0,2,2,2,2,2,2,2,2,2,2,2,2
9118990433,0.09759506,0.0,-0.02088362,0.0,0.0,-1.4901161e-08,0,0,0,1,-2,0,0,0,2,2,2,2,2,2,2,2,2,2,2,2
9119192368,-0.040480837,-3.7252903e-09,5.5879354e-09,0.0,0.0,0.0,0,0,0,1,0,0,0,0,2,2,2,2,2,2,2,2,2,2,2,2
9119391166,2.7939677e-09,0.0,0.020040803,0.0,0.0,-7.450581e-09,0,0,0,1,0,0,-2,0,2,2,2,2,2,2,2,2,2,2,2,2
9119591426,-0.033294138,-7.450581e-09,0.097314544,0.0,0.0,0.0,0,0,0,1,0,0,0,-2,2,2,2,2,2,2,2,2,2,2,2,2
9119792047,-0.03512162,-0.074890316,0.0132462,0.0,0.0,0.0,0,0,0,1,-2,0,-2,0,2,2,2,2,2,2,2,2,2,2,2,2
9119992533,0.098713815,-0.07988454,0.056373242,0.0,0.0,-1.4901161e-08,0,0,0,1,-2,0,-2,0,2,2,2,2,2,2,2,2,2,2,2,2
9120193726,0.024374885,-0.046542898,0.024550654,0.0,0.0,-1.4901161e-08,0,0,0,1,-2,0,-2,0,2,2,2,2,2,2,2,2,2,2,2,2
9120392436,1.8626451e-09,-1.1175871e-08,4.656613e-10,0.0,0.0,-7.450581e-09,0,0,1,1,0,0,0,0,2,2,2,2,2,2,2,2,2,2,2,2
9120593184,-0.043421734,0.016384162,-0.004972254,0.0,0.0,-1.4901161e-08,0,0,0,1,0,-2,0,-2,2,2,2,2,2,2,2,2,2,2,2,2
9120794297,-0.09660652,0.024384037,0.020935101,0.0,0.0,-7.450581e-09,0,0,0,1,0,-2,0,-2,2,2,2,2,2,2,2,2,2,2,2,2
9120993933,0.0,3.7252903e-09,-2.7939677e-09,0.0,0.0,0.0,0,0,1,1,0,0,0,0,2,2,2,2,2,2,2,2,2,2,2,2
9121194696,0.08391003,-0.026907697,-0.010129452,0.0,0.0,-7.450581e-09,0,0,0,1,-2,0,-2,0,2,2,2,2,2,2,2,2,2,2,2,2
9121394498,0.038646307,-0.08066862,0.016113773,0.0,0.0,-1.4901161e-08,0,0,0,1,-2,0,-2,0,2,2,2,2,2,2,2,2,2,2,2,2
9121594869,-0.042680547,-7.450581e-09,-0.0050484776,0.0,0.0,-7.450581e-09,0,0,0,1,0,-2,0,0,2,2,2,2,2,2,2,2,2,2,2,2
9121785190,-0.26262558,0.09066321,0.012037294,0.0,0.0,-7.450581e-09,0,0,0,1,0,-2,0,-2,2,2,2,2,2,2,2,2,2,2,2,2
9121987075,-0.052616373,0.11690115,0.043146282,0.0,0.0,-1.4901161e-08,0,0,0,1,0,-2,0,-2,2,2,2,2,2,2,2,2,2,2,2,2
9122185547,0.002591055,-0.051092446,0.012969795,0.0,0.0,-7.450581e-09,0,0,0,1,-2,0,-2,0,2,2,2,2,2,2,2,2,2,2,2,2
9122385588,0.12056493,-0.09753126,0.03165716,0.0,0.0,0.0,0,0,0,1,-2,0,-2,0,2,2,2,2,2,2,2,2,2,2,2,2
9122586705,0.15358947,-0.0434807,0.04760109,0.0,0.0,-1.4901161e-08,0,0,0,1,-2,0,-2,0,2,2,2,2,2,2,2,2,2,2,2,2
9122786911,-3.7252903e-09,-3.0267984e-09,2.6775524e-09,0.0,0.0,-7.450581e-09,0,0,1,1,0,0,0,0,2,2,2,2,2,2,2,2,2,2,2,2
9122986591,-0.032958664,0.0,-0.008973837,0.0,0.0,-7.450581e-09,0,0,0,1,-2,0,0,0,2,2,2,2,2,2,2,2,2,2,2,2
9123187946,-0.157242,0.0,-0.028894812,0.0,0.0,0.0,0,0,0,1,0,-2,0,0,2,2,2,2,2,2,2,2,2,2,2,2
9123387585,-0.056012727,-3.7252903e-09,-0.00699039,0.0,0.0,0.0,0,0,0,1,0,-2,0,0,2,2,2,2,2,2,2,2,2,2,2,2
9123587858,0.11430452,0.0,-0.0064840904,0.0,0.0,0.0,0,0,0,1,-2,0,0,0,2,2,2,2,2,2,2,2,2,2,2,2
9123788053,0.06345561,0.0,-0.0043048495,0.0,0.0,-7.450581e-09,0,0,0,1,-2,0,0,0,2,2,2,2,2,2,2,2,2,2,2,2
9123988434,-1.8626451e-09,0.0,1.6298145e-09,0.0,0.0,-7.450581e-09,0,0,1,1,0,0,0,0,2,2,2,2,2,2,2,2,2,2,2,2
9124190287,-0.028658677,-1.4901161e-08,-3.7252903e-09,0.0,0.0,-7.450581e-09,0,0,0,1,0,0,0,0,2,2,2,2,2,2,2,2,2,2,2,2
9124388652,-0.02291551,7.450581e-09,3.259629e-09,0.0,0.0,-7.450581e-09,0,0,0,1,0,0,0,0,2,2,2,2,2,2,2,2,2,2,2,2
9124589338,-3.7252903e-09,0.0,-0.0077159293,0.0,0.0,0.0,0,0,0,1,-2,0,0,0,2,2,2,2,2,2,2,2,2,2,2,2
9124789598,-3.259629e-09,7.450581e-09,0.011358771,0.0,0.0,0.0,0,0,0,1,0,0,-2,0,2,2,2,2,2,2,2,2,2,2,2,2
9124990104,0.039228786,0.0,0.0012741915,0.0,0.0,0.0,0,0,0,1,0,0,-2,0,2,2,2,2,2,2,2,2,2,2,2,2
9125190937,-1.8626451e-09,-3.7252903e-09,9.313226e-10,0.0,0.0,0.0,0,0,1,1,0,0,0,0,2,2,2,2,2,2,2,2,2,2,2,2
9125391073,0.020996032,0.0,-0.008225605,0.0,0.0,-7.450581e-09,0,0,0,1,0,-2,0,0,2,2,2,2,2,2,2,2,2,2,2,2
9125590295,-4.307367e-09,-3.259629e-09,3.7252903e-09,0.0,0.0,-7.450581e-09,0,0,1,1,0,0,0,0,2,2,2,2,2,2,2,2,2,2,2,2
9125791975,0.008002795,-9.313226e-10,0.015314003,0.0,0.0,-1.4901161e-08,0,0,0,1,0,0,0,-2,2,2,2,2,2,2,2,2,2,2,2,2
9125991618,0.04727733,1.8626451e-09,0.0029088762,0.0,0.0,-1.4901161e-08,0,0,0,1,0,0,0,-2,2,2,2,2,2,2,2,2,2,2,2,2
9126192148,3.7252903e-09,-3.7252903e-09,9.313226e-10,0.0,0.0,-7.450581e-09,0,0,1,1,0,0,0,0,2,2,2,2,2,2,2,2,2,2,2,2
9126392321,0.0,3.7252903e-09,1.8626451e-09,0.0,0.0,-7.450581e-09,0,0,1,1,0,0,0,0,2,2,2,2,2,2,2,2,2,2,2,2
9126592219,-0.15749213,1.1175871e-08,-0.0017712326,0.0,0.0,-1.4901161e-08,0,0,0,1,0,-2,0,0,2,2,2,2,2,2,2,2,2,2,2,2
9126792540,-0.09295272,0.0,0.005278101,0.0,0.0,0.0,0,0,0,1,0,0,-2,0,2,2,2,2,2,2,2,2,2,2,2,2
9126992812,0.0,-5.47152e-09,1.8626451e-09,0.0,0.0,0.0,0,0,1,1,0,0,0,0,2,2,2,2,2,2,2,2,2,2,2,2
9127193028,0.18151087,-3.7252903e-09,-2.3283064e-09,0.0,0.0,-7.450581e-09,0,0,0,1,0,0,0,0,2,2,2,2,2,2,2,2,2,2,2,2
9127394117,0.20201492,7.450581e-09,-0.00542071,0.0,0.0,0.0,0,0,0,1,-2,0,0,0,2,2,2,2,2,2,2,2,2,2,2,2
9127594374,0.12568884,3.7252903e-09,-0.002671511,0.0,0.0,-1.4901161e-08,0,0,0,1,-2,0,0,0,2,2,2,2,2,2,2,2,2,2,2,2
9127785233,0.22515476,-6.519258e-09,-3.4924597e-10,0.0,0.0,-1.4901161e-08,0,0,0,1,0,0,0,0,2,2,2,2,2,2,2,2,2,2,2,2
9127995203,0.12105867,-3.4924597e-09,-0.0026918682,0.0,0.0,0.0,0,0,0,1,-2,0,0,0,2,2,2,2,2,2,2,2,2,2,2,2
9128194535,0.15166563,-7.450581e-09,-0.012873601,0.0,0.0,0.0,0,0,0,1,-2,0,0,0,2,2,2,2,2,2,2,2,2,2,2,2
9128385263,3.4924597e-09,3.7252903e-09,-1.8626451e-09,0.0,0.0,0.0,0,0,1,1,0,0,0,0,2,2,2,2,2,2,2,2,2,2,2,2
9128595165,0.0,0.0,-4.656613e-09,0.0,0.0,-7.450581e-09,0,0,1,1,0,0,0,0,2,2,2,2,2,2,2,2,2,2,2,2
9128786135,-0.034343213,1.8626451e-09,-4.656613e-09,0.0,0.0,-7.450581e-09,0,0,0,1,0,0,0,0,2,2,2,2,2,2,2,2,2,2,2,2
9128986034,-0.25433767,-1.4901161e-08,0.009744519,0.0,0.0,-7.450581e-09,0,0,0,1,0,0,-2,0,2,2,2,2,2,2,2,2,2,2,2,2
9129187526,-0.23984234,0.0,0.009654703,0.0,0.0,0.0,0,0,0,1,0,0,-2,0,2,2,2,2,2,2,2,2,2,2,2,2
9129387075,-0.25902122,-7.450581e-09,0.0006942002,0.0,0.0,0.0,0,0,0,1,0,0,-2,0,2,2,2,2,2,2,2,2,2,2,2,2
9129587197,-0.092591316,7.450581e-09,0.0002703773,0.0,0.0,0.0,0,0,0,1,0,0,-2,0,2,2,2,2,2,2,2,2,2,2,2,2
9129787962,-0.043599635,-1.1175871e-08,-2.7939677e-09,0.0,0.0,-7.450581e-09,0,0,0,1,0,0,0,0,2,2,2,2,2,2,2,2,2,2,2,2
9129987968,3.7252903e-09,-3.7252903e-09,-0.012747422,0.0,0.0,-7.450581e-09,0,0,0,1,0,-2,0,0,2,2,2,2,2,2,2,2,2,2,2,2
9130188781,-0.002803482,-7.450581e-09,-4.656613e-09,0.0,0.0,0.0,0,0,0,1,0,0,0,0,2,2,2,2,2,2,2,2,2,2,2,2
9130388944,-3.7252903e-09,0.0,-4.656613e-10,0.0,0.0,-7.450581e-09,0,0,1,1,0,0,0,0,2,2,2,2,2,2,2,2,2,2,2,2
9130587903,-0.11461452,7.450581e-09,-0.04523637,0.0,0.0,0.0,0,0,0,1,-2,0,0,0,2,2,2,2,2,2,2,2,2,2,2,2
9130788849,-9.313226e-10,0.0,4.1909516e-09,0.0,0.0,-7.450581e-09,0,0,1,1,0,0,0,0,2,2,2,2,2,2,2,2,2,2,2,2
9130989672,9.313226e-10,0.0,1.8626451e-09,0.0,0.0,0.0,0,0,1,1,0,0,0,0,2,2,2,2,2,2,2,2,2,2,2,2
9131189645,-0.04480141,0.009491965,6.0955528e-05,0.0,0.0,0.0,0,0,0,1,0,-2,0,-2,2,2,2,2,2,2,2,2,2,2,2,2
9131390198,-3.7252903e-09,9.313226e-10,-9.313226e-10,0.0,0.0,-7.450581e-09,0,0,1,1,0,0,0,0,2,2,2,2,2,2,2,2,2,2,2,2
9131590369,-0.0082938,-1.8626451e-09,-0.012116742,0.0,0.0,-7.450581e-09,0,0,0,1,0,-2,0,0,2,2,2,2,2,2,2,2,2,2,2,2
9131792464,3.7252903e-09,4.656613e-09,-3.7252903e-09,0.0,0.0,-7.450581e-09,0,0,1,1,0,0,0,0,2,2,2,2,2,2,2,2,2,2,2,2
9131991240,0.0,9.313226e-10,-1.8626451e-09,0.0,0.0,-7.450581e-09,0,0,1,1,0,0,0,0,2,2,2,2,2,2,2,2,2,2,2,2
9132190734,-0.05039426,7.450581e-09,0.0024776754,0.0,0.0,-7.450581e-09,0,0,0,1,0,0,-2,0,2,2,2,2,2,2,2,2,2,2,2,2
9132392124,-0.062279698,0.032435387,-0.0061670775,0.0,0.0,-7.450581e-09,0,0,0,1,0,-2,0,-2,2,2,2,2,2,2,2,2,2,2,2,2
9132592171,-7.450581e-09,0.0,-3.7252903e-09,0.0,0.0,0.0,0,0,1,1,0,0,0,0,2,2,2,2,2,2,2,2,2,2,2,2
9132793548,-1.8626451e-09,-3.3760443e-09,0.0,0.0,0.0,-7.450581e-09,0,0,1,1,0,0,0,0,2,2,2,2,2,2,2,2,2,2,2,2
9132992031,3.434252e-09,3.7252903e-09,-1.8626451e-09,0.0,0.0,0.0,0,0,1,1,0,0,0,0,2,2,2,2,2,2,2,2,2,2,2,2
9133192368,0.074453294,0.0,4.9580864e-05,0.0,0.0,-7.450581e-09,0,0,0,1,0,0,0,-2,2,2,2,2,2,2,2,2,2,2,2,2
9133393870,2.0299922e-09,8.381903e-09,3.7252903e-09,0.0,0.0,0.0,0,0,1,1,0,0,0,0,2,2,2,2,2,2,2,2,2,2,2,2
9133593003,3.7252903e-09,0.0,-4.1909516e-09,0.0,0.0,-7.450581e-09,0,0,1,1,0,0,0,0,2,2,2,2,2,2,2,2,2,2,2,2
9133793466,1.8626451e-09,-7.450581e-09,0.0,0.0,0.0,-7.450581e-09,0,0,1,1,0,0,0,0,2,2,2,2,2,2,2,2,2,2,2,2
9133994072,-0.051779766,-0.15009287,-0.006958086,0.0,0.0,-1.4901161e-08,0,0,0,1,-2,0,-2,0,2,2,2,2,2,2,2,2,2,2,2,2
9134194079,-0.04319632,0.08625634,0.02637406,0.0,0.0,-7.450581e-09,0,0,0,1,0,-2,0,-2,2,2,2,2,2,2,2,2,2,2,2,2
9134394414,0.2395731,-0.38666412,-0.012617813,0.0,0.0,0.0,0,0,0,1,-2,0,-2,0,2,2,2,2,2,2,2,2,2,2,2,2
9134594556,2.7939677e-09,0.0,-3.259629e-09,0.0,0.0,0.0,0,0,1,1,0,0,0,0,2,2,2,2,2,2,2,2,2,2,2,2
9134795095,-0.21241964,8.8475645e-09,0.04303913,0.0,0.0,-1.4901161e-08,0,0,0,1,0,0,-2,0,2,2,2,2,2,2,2,2,2,2,2,2
9134985249,-0.06828028,7.450581e-09,-0.0009289203,0.0,0.0,-7.450581e-09,0,0,0,1,0,-2,0,0,2,2,2,2,2,2,2,2,2,2,2,2
9135185957,-0.025604673,7.450581e-09,0.0016482894,0.0,0.0,0.0,0,0,0,1,0,0,-2,0,2,2,2,2,2,2,2,2,2,2,2,2
9135387016,-3.7252903e-09,-3.7252903e-09,4.1909516e-09,0.0,0.0,-7.450581e-09,0,0,1,1,0,0,0,0,2,2,2,2,2,2,2,2,2,2,2,2
9135586549,3.7252903e-09,0.0,0.0,0.0,0.0,-7.450581e-09,0,0,1,1,0,0,0,0,2,2,2,2,2,2,2,2,2,2,2,2
9135788582,-3.7252903e-09,-4.1909516e-09,-0.019292396,0.0,0.0,-7.450581e-09,0,0,0,1,0,-2,0,0,2,2,2,2,2,2,2,2,2,2,2,2
9135986974,0.0,-2.0954758e-09,-1.8626451e-09,0.0,0.0,0.0,0,0,1,1,0,0,0,0,2,2,2,2,2,2,2,2,2,2,2,2
9136188426,-0.08740593,7.450581e-09,0.0,0.0,0.0,-7.450581e-09,0,0,0,1,0,0,0,0,2,2,2,2,2,2,2,2,2,2,2,2
9136388046,3.7252903e-09,0.0,0.0,0.0,0.0,-7.450581e-09,0,0,1,1,0,0,0,0,2,2,2,2,2,2,2,2,2,2,2,2
9136587853,0.0,-4.656613e-10,0.0,0.0,0.0,-7.450581e-09,0,0,1,1,0,0,0,0,2,2,2,2,2,2,2,2,2,2,2,2
9136789532,7.450581e-09,-1.1641532e-08,-8.8475645e-09,0.0,0.0,0.0,0,0,1,1,0,0,0,0,2,2,2,2,2,2,2,2,2,2,2,2
9136988479,0.0,-6.0535967e-09,-0.015053537,0.0,0.0,0.0,0,0,0,1,0,-2,0,0,2,2,2,2,2,2,2,2,2,2,2,2
9137189139,7.450581e-09,4.0745363e-09,9.313226e-10,0.0,0.0,-7.450581e-09,0,0,1,1,0,0,0,0,2,2,2,2,2,2,2,2,2,2,2,2
9137389485,0.0,-1.8626451e-09,2.7939677e-09,0.0,0.0,-3.7252903e-09,0,0,1,1,0,0,0,0,2,2,2,2,2,2,2,2,2,2,2,2
9137589939,-0.13113281,-0.00442978,0.010884619,0.0,0.0,0.0,0,0,0,1,-2,0,-2,0,2,2,2,2,2,2,2,2,2,2,2,2
9137790090,-0.033280764,-0.11385393,0.011277557,0.0,0.0,-7.450581e-09,0,0,0,1,-2,0,-2,0,2,2,2,2,2,2,2,2,2,2,2,2
9137990634,7.450581e-09,-1.8626451e-09,7.2759576e-10,0.0,0.0,0.0,0,0,1,1,0,0,0,0,2,2,2,2,2,2,2,2,2,2,2,2
9138190474,-0.13158083,0.008392736,0.05065242,0.0,0.0,3.7252903e-09,0,0,0,1,0,-2,0,-2,2,2,2,2,2,2,2,2,2,2,2,2
9138391481,3.7252903e-09,-3.7252903e-09,1.8626451e-09,0.0,0.0,-7.450581e-09,0,0,1,1,0,0,0,0,2,2,2,2,2,2,2,2,2,2,2,2
9138591137,0.0,-7.450581e-09,0.0,0.0,0.0,-7.450581e-09,0,0,1,1,0,0,0,0,2,2,2,2,2,2,2,2,2,2,2,2
9138791376,-0.09297913,0.0,-0.013046049,0.0,0.0,0.0,0,0,0,1,-2,0,0,0,2,2,2,2,2,2,2,2,2,2,2,2
9138992200,1.549779e-09,-3.7252903e-09,5.5879354e-09,0.0,0.0,0.0,0,0,1,1,0,0,0,0,2,2,2,2,2,2,2,2,2,2,2,2
9139191729,4.656613e-10,7.450581e-09,1.8626451e-09,0.0,0.0,-7.450581e-09,0,0,1,1,0,0,0,0,2,2,2,2,2,2,2,2,2,2,2,2
9139394378,-0.074622616,0.0,-0.046797816,0.0,0.0,-7.450581e-09,0,0,0,1,0,-2,0,0,2,2,2,2,2,2,2,2,2,2,2,2
9139592987,-5.5879354e-09,-7.450581e-09,5.5879354e-09,0.0,0.0,0.0,0,0,1,1,0,0,0,0,2,2,2,2,2,2,2,2,2,2,2,2
9139792553,0.0062845196,0.008690134,-0.045794025,0.0,0.0,-7.450581e-09,0,0,0,1,0,-2,0,-2,2,2,2,2,2,2,2,2,2,2,2,2
9139993845,0.05183315,0.0,-0.00931753,0.0,0.0,-7.450581e-09,0,0,0,1,0,-2,0,0,2,2,2,2,2,2,2,2,2,2,2,2
9140193592,0.0,6.519258e-09,6.519258e-09,0.0,0.0,-7.450581e-09,0,0,1,1,0,0,0,0,2,2,2,2,2,2,2,2,2,2,2,2
9140394754,-0.044894606,0.15019406,-0.010952656,0.0,0.0,0.0,0,0,0,1,0,-2,0,-2,2,2,2,2,2,2,2,2,2,2,2,2
9140594559,7.450581e-09,-1.8626451e-09,1.8626451e-09,0.0,0.0,-7.450581e-09,0,0,1,1,0,0,0,0,2,2,2,2,2,2,2,2,2,2,2,2
9140794150,-0.22531891,0.4465326,-0.029768066,0.0,0.0,-1.4901161e-08,0,0,0,1,0,-2,0,-2,2,2,2,2,2,2,2,2,2,2,2,2
9140994833,-3.7252903e-09,0.0,3.7252903e-09,0.0,0.0,-7.450581e-09,0,0,1,1,0,0,0,0,2,2,2,2,2,2,2,2,2,2,2,2
9141195172,0.0,-3.259629e-09,-0.013119802,0.0,0.0,-7.450581e-09,0,0,0,1,0,-2,0,0,2,2,2,2,2,2,2,2,2,2,2,2
9141385835,-5.5879354e-09,7.450581e-09,1.8626451e-09,0.0,0.0,-7.450581e-09,0,0,1,1,0,0,0,0,2,2,2,2,2,2,2,2,2,2,2,2
9141585688,0.0,0.0,0.027450487,0.0,0.0,-7.450581e-09,0,0,0,1,0,0,-2,0,2,2,2,2,2,2,2,2,2,2,2,2
9141786106,0.017789107,0.02837795,0.012662348,0.0,0.0,-7.450581e-09,0,0,0,1,0,-2,0,-2,2,2,2,2,2,2,2,2,2,2,2,2
9141986598,0.23624668,0.2529304,0.019088747,0.0,0.0,-1.4901161e-08,0,0,0,1,0,-2,0,-2,2,2,2,2,2,2,2,2,2,2,2,2
9142186794,7.450581e-09,-2.7939677e-09,3.7252903e-09,0.0,0.0,0.0,0,0,1,1,0,0,0,0,2,2,2,2,2,2,2,2,2,2,2,2
9142386999,-0.0739785,-7.450581e-09,1.8626451e-09,0.0,0.0,-7.450581e-09,0,0,0,1,0,0,0,0,2,2,2,2,2,2,2,2,2,2,2,2
9142587514,-0.08620997,0.0,0.053381246,0.0,0.0,0.0,0,0,0,1,0,0,-2,0,2,2,2,2,2,2,2,2,2,2,2,2
9142787425,0.0,3.7252903e-09,-3.7252903e-09,0.0,0.0,-7.450581e-09,0,0,1,1,0,0,0,0,2,2,2,2,2,2,2,2,2,2,2,2
9142988798,-0.1307766,-1.4901161e-08,0.0,0.0,0.0,-7.450581e-09,0,0,0,1,0,0,0,0,2,2,2,2,2,2,2,2,2,2,2,2
9143188327,7.450581e-09,-5.5879354e-09,-0.006868311,0.0,0.0,-7.450581e-09,0,0,0,1,0,-2,0,0,2,2,2,2,2,2,2,2,2,2,2,2
9143389826,-0.003430456,9.313226e-10,0.047681198,0.0,0.0,-7.450581e-09,0,0,0,1,0,0,-2,0,2,2,2,2,2,2,2,2,2,2,2,2
9143589175,-0.0654602,3.7252903e-09,0.042999193,0.0,0.0,0.0,0,0,0,1,0,0,-2,0,2,2,2,2,2,2,2,2,2,2,2,2
9143788980,-0.086863674,0.0,0.027714018,0.0,0.0,-1.4901161e-08,0,0,0,1,0,0,-2,0,2,2,2,2,2,2,2,2,2,2,2,2
9143990165,0.0,-2.7939677e-09,0.010590211,0.0,0.0,-7.450581e-09,0,0,0,1,0,0,-2,0,2,2,2,2,2,2,2,2,2,2,2,2
9144189584,0.009311734,0.024668224,0.055224232,0.0,0.0,-1.4901161e-08,0,0,0,1,0,-2,0,-2,2,2,2,2,2,2,2,2,2,2,2,2
9144390620,0.0,0.0,9.313226e-10,0.0,0.0,-7.450581e-09,0,0,1,1,0,0,0,0,2,2,2,2,2,2,2,2,2,2,2,2
9144590698,-0.02012612,-3.7252903e-09,-6.519258e-09,0.0,0.0,0.0,0,0,0,1,0,0,0,0,2,2,2,2,2,2,2,2,2,2,2,2
9144790373,-0.083963394,-1.1175871e-08,-1.8626451e-09,0.0,0.0,-7.450581e-09,0,0,0,1,0,0,0,0,2,2,2,2,2,2,2,2,2,2,2,2
9144991706,-0.098806635,0.0,0.0,0.0,0.0,0.0,0,0,0,1,0,0,0,0,2,2,2,2,2,2,2,2,2,2,2,2
9145191885,-0.12768093,7.450581e-09,0.0213187,0.0,0.0,0.0,0,0,0,1,0,0,-2,0,2,2,2,2,2,2,2,2,2,2,2,2
9145392255,1.4901161e-08,2.7939677e-09,-0.04163689,0.0,0.0,0.0,0,0,0,1,0,-2,0,0,2,2,2,2,2,2,2,2,2,2,2,2
9145592376,-0.0039868504,0.0,0.014170826,0.0,0.0,-7.450581e-09,0,0,0,1,0,0,0,-2,2,2,2,2,2,2,2,2,2,2,2,2
9145792911,0.04909783,0.048446365,0.051760364,0.0,0.0,-1.4901161e-08,0,0,0,1,0,-2,0,-2,2,2,2,2,2,2,2,2,2,2,2,2
9145994600,0.10160604,7.450581e-09,-0.0112612005,0.0,0.0,-7.450581e-09,0,0,0,1,-2,0,0,0,2,2,2,2,2,2,2,2,2,2,2,2
9146192662,-1.1175871e-08,0.0,-6.9849193e-10,0.0,0.0,-7.450581e-09,0,0,1,1,0,0,0,0,2,2,2,2,2,2,2,2,2,2,2,2
9146393471,-0.020743346,0.039839774,-0.033832714,0.0,0.0,-1.4901161e-08,0,0,0,1,0,-2,0,-2,2,2,2,2,2,2,2,2,2,2,2,2
9146593577,-0.016857855,-7.450581e-09,-0.0025261557,0.0,0.0,0.0,0,0,0,1,0,-2,0,0,2,2,2,2,2,2,2,2,2,2,2,2
9146793591,-0.012596965,0.0,0.0,0.0,0.0,0.0,0,0,0,1,0,0,0,0,2,2,2,2,2,2,2,2,2,2,2,2
9146994689,0.013943277,0.054913543,-0.019112863,0.0,0.0,-1.4901161e-08,0,0,0,1,0,-2,0,-2,2,2,2,2,2,2,2,2,2,2,2,2
9147194373,-0.006806895,-3.7252903e-09,-0.035320673,0.0,0.0,-7.450581e-09,0,0,0,1,0,-2,0,0,2,2,2,2,2,2,2,2,2,2,2,2
9147394251,-0.020741582,-3.7252903e-09,0.0,0.0,0.0,-7.450581e-09,0,0,0,1,0,0,0,0,2,2,2,2,2,2,2,2,2,2,2,2
9147585555,0.088335745,-0.019709334,-0.011757173,0.0,0.0,0.0,0,0,0,1,-2,0,-2,0,2,2,2,2,2,2,2,2,2,2,2,2
9147785044,-0.19598612,-1.4901161e-08,-0.045463778,0.0,0.0,0.0,0,0,0,1,0,-2,0,0,2,2,2,2,2,2,2,2,2,2,2,2
9147985999,0.0015011672,-0.14194173,0.042821668,0.0,0.0,-1.4901161e-08,0,0,0,1,-2,0,-2,0,2,2,2,2,2,2,2,2,2,2,2,2
9148185940,-0.07174896,3.7252903e-09,4.4237822e-09,0.0,0.0,0.0,0,0,0,1,0,0,0,0,2,2,2,2,2,2,2,2,2,2,2,2
9148387398,-0.12718214,-1.4901161e-08,-5.005859e-09,0.0,0.0,-1.4901161e-08,0,0,0,1,0,0,0,0,2,2,2,2,2,2,2,2,2,2,2,2
9148587177,-0.005621128,-4.656613e-09,-0.0062522087,0.0,0.0,-1.4901161e-08,0,0,0,1,0,-2,0,0,2,2,2,2,2,2,2,2,2,2,2,2
9148787168,-0.013832457,1.1175871e-08,-0.0028872967,0.0,0.0,-1.4901161e-08,0,0,0,1,0,-2,0,0,2,2,2,2,2,2,2,2,2,2,2,2
9148988804,-0.012823492,0.0,-0.0022874514,0.0,0.0,-7.450581e-09,0,0,0,1,0,-2,0,0,2,2,2,2,2,2,2,2,2,2,2,2
9149187615,-0.014502943,-5.5879354e-09,-0.002118704,0.0,0.0,-1.4901161e-08,0,0,0,1,0,-2,0,0,2,2,2,2,2,2,2,2,2,2,2,2
9149388390,-0.027721815,0.0,-0.0020496168,0.0,0.0,-7.450581e-09,0,0,0,1,0,-2,0,0,2,2,2,2,2,2,2,2,2,2,2,2
9149588481,-0.04340335,0.0,-0.0019374362,0.0,0.0,-3.7252903e-09,0,0,0,1,0,-2,0,0,2,2,2,2,2,2,2,2,2,2,2,2
9149789065,-0.056371547,-3.7252903e-09,-0.0018474541,0.0,0.0,3.7252903e-09,0,0,0,1,0,-2,0,0,2,2,2,2,2,2,2,2,2,2,2,2
9149990778,-0.07355431,1.8626451e-09,-0.0020027012,0.0,0.0,-7.450581e-09,0,0,0,1,0,-2,0,0,2,2,2,2,2,2,2,2,2,2,2,2
9150189205,-0.08697947,1.8626451e-09,-0.0021050768,0.0,0.0,1.8626451e-09,0,0,0,1,0,-2,0,0,2,2,2,2,2,2,2,2,2,2,2,2
9150389342,-0.10024131,3.7252903e-09,-0.0018108931,0.0,0.0,0.0,0,0,0,1,0,-2,0,0,2,2,2,2,2,2,2,2,2,2,2,2
9150590697,-0.10346502,0.010749372,-0.0019212877,0.0,0.0,2.7939677e-09,0,0,0,1,0,-2,0,-2,2,2,2,2,2,2,2,2,2,2,2,2
9150790614,-0.10334705,0.023767171,-0.0019302218,0.0,0.0,-0.0,0,0,0,1,-2,-2,-2,-2,2,2,2,2,2,2,2,2,2,2,2,2
9150991150,-0.10384382,0.023580901,-0.0018532694,0.0,0.0,-0.0,0,0,0,1,-2,-2,-2,-2,2,2,2,2,2,2,2,2,2,2,2,2
9151191581,-0.10392057,0.02264145,-0.0017717978,0.0,0.0,-0.0,0,0,0,1,-2,-2,-2,-2,2,2,2,2,2,2,2,2,2,2,2,2
9151390858,-0.10356736,0.02406696,-0.0019985,0.0,0.0,1.8626451e-09,0,0,0,1,-2,-2,-2,-2,2,2,2,2,2,2,2,2,2,2,2,2
9151591983,-0.10368318,0.0249501,-0.0019310088,0.0,0.0,-0.0,0,0,0,1,-2,-2,-2,-2,2,2,2,2,2,2,2,2,2,2,2,2
9151792239,-0.103774525,0.024079068,-0.001936875,0.0,0.0,-0.0,0,0,0,1,-2,-2,-2,-2,2,2,2,2,2,2,2,2,2,2,2,2
9151991808,-0.10378097,0.024082005,-0.0019316957,0.0,0.0,-0.0,0,0,0,1,-2,-2,-2,-2,2,2,2,2,2,2,2,2,2,2,2,2
9152192545,-0.10379352,0.024086911,-0.0019312868,0.0,0.0,-0.0,0,0,0,1,-2,-2,-2,-2,2,2,2,2,2,2,2,2,2,2,2,2
9152392204,-0.10381952,0.024086969,-0.0019313102,0.0,0.0,-0.0,0,0,0,1,-2,-2,-2,-2,2,2,2,2,2,2,2,2,2,2,2,2
9152593269,-0.10383947,0.024086481,-0.001931338,0.0,0.0,-0.0,0,0,0,1,-2,-2,-2,-2,2,2,2,2,2,2,2,2,2,2,2,2
9152793470,-0.103842124,0.024099499,-0.001931486,0.0,0.0,1.8626451e-09,0,0,0,1,-2,-2,-2,-2,2,2,2,2,2,2,2,2,2,2,2,2
9152993225,-0.10387012,0.024104403,-0.0019316878,0.0,0.0,-0.0,0,0,0,1,-2,-2,-2,-2,2,2,2,2,2,2,2,2,2,2,2,2
9153194250,-0.103883356,0.024107886,-0.0019318636,0.0,0.0,-0.0,0,0,0,1,-2,-2,-2,-2,2,2,2,2,2,2,2,2,2,2,2,2
9153394258,-0.103903,0.024115266,-0.001932001,0.0,0.0,-0.0,0,0,0,1,-2,-2,-2,-2,2,2,2,2,2,2,2,2,2,2,2,2
9153585054,-0.10392536,0.024110112,-0.001931996,0.0,0.0,1.8626451e-09,0,0,0,1,-2,-2,-2,-2,2,2,2,2,2,2,2,2,2,2,2,2
9153785021,-0.10396214,0.024115838,-0.0019321194,0.0,0.0,-0.0,0,0,0,1,-2,-2,-2,-2,2,2,2,2,2,2,2,2,2,2,2,2
9153985938,-0.10397988,0.024116982,-0.001932199,0.0,0.0,-0.0,0,0,0,1,-2,-2,-2,-2,2,2,2,2,2,2,2,2,2,2,2,2
9154186260,-0.10401177,0.024127357,-0.0019323769,0.0,0.0,-0.0,0,0,0,1,-2,-2,-2,-2,2,2,2,2,2,2,2,2,2,2,2,2
9154385947,-0.10399902,0.024136303,-0.0019325546,0.0,0.0,-0.0,0,0,0,1,-2,-2,-2,-2,2,2,2,2,2,2,2,2,2,2,2,2
9154586232,-0.10402527,0.024134615,-0.0019326741,0.0,0.0,-0.0,0,0,0,1,-2,-2,-2,-2,2,2,2,2,2,2,2,2,2,2,2,2
9154786051,-0.104034476,0.02413964,-0.0019327399,0.0,0.0,-0.0,0,0,0,1,-2,-2,-2,-2,2,2,2,2,2,2,2,2,2,2,2,2
9154987583,-0.104065284,0.024145188,-0.0019328775,0.0,0.0,-0.0,0,0,0,1,-2,-2,-2,-2,2,2,2,2,2,2,2,2,2,2,2,2
9155187774,-0.049630407,0.003099969,-0.00038082243,0.0,0.0,-0.0,0,0,0,1,-2,-2,-2,-2,2,2,2,2,2,2,2,2,2,2,2,2
9155387492,-0.049648754,0.0031027826,-9.7733566e-05,0.0,0.0,-0.0,0,0,0,1,-2,-2,-2,-2,2,2,2,2,2,2,2,2,2,2,2,2
9155589145,-0.04965925,0.003104252,-7.1248905e-05,0.0,0.0,-0.0,0,0,0,1,-2,-2,-2,-2,2,2,2,2,2,2,2,2,2,2,2,2
9155787948,-0.049659126,0.003111012,-6.887726e-05,0.0,0.0,-0.0,0,0,0,1,-2,-2,-2,-2,2,2,2,2,2,2,2,2,2,2,2,2
9155988814,-0.049658068,0.0031125064,-6.870138e-05,0.0,0.0,-0.0,0,0,0,1,-2,-2,-2,-2,2,2,2,2,2,2,2,2,2,2,2,2
9156189113,-0.049667098,0.0031160566,-6.872937e-05,0.0,0.0,-0.0,0,0,0,1,-2,-2,-2,-2,2,2,2,2,2,2,2,2,2,2,2,2
9156388561,-0.049662102,0.0031140253,-6.8711066e-05,0.0,0.0,-0.0,0,0,0,1,-2,-2,-2,-2,2,2,2,2,2,2,2,2,2,2,2,2
9156590390,-0.049665544,0.0031085256,-6.865462e-05,0.0,0.0,-0.0,0,0,0,1,-2,-2,-2,-2,2,2,2,2,2,2,2,2,2,2,2,2
9156790055,-0.049672715,0.0031056511,-6.857111e-05,0.0,0.0,-0.0,0,0,0,1,-2,-2,-2,-2,2,2,2,2,2,2,2,2,2,2,2,2
9156990040,-0.04967327,0.0031095755,-6.859196e-05,0.0,0.0,-0.0,0,0,0,1,-2,-2,-2,-2,2,2,2,2,2,2,2,2,2,2,2,2
9157190985,-0.04966665,0.003119392,-6.87721e-05,0.0,0.0,-0.0,0,0,0,1,-2,-2,-2,-2,2,2,2,2,2,2,2,2,2,2,2,2
9157390949,-0.049667645,0.0031219213,-6.886916e-05,0.0,0.0,-0.0,0,0,0,1,-2,-2,-2,-2,2,2,2,2,2,2,2,2,2,2,2,2
9157590957,-0.04966875,0.0031190494,-6.886333e-05,0.0,0.0,-0.0,0,0,0,1,-2,-2,-2,-2,2,2,2,2,2,2,2,2,2,2,2,2
9157791550,-0.04965304,0.0031159061,-6.876652e-05,0.0,0.0,-0.0,0,0,0,1,-2,-2,-2,-2,2,2,2,2,2,2,2,2,2,2,2,2
9157991960,-0.049672417,0.0031129753,-6.874164e-05,0.0,0.0,-0.0,0,0,0,1,-2,-2,-2,-2,2,2,2,2,2,2,2,2,2,2,2,2
9158193377,-0.049677044,0.0031153723,-6.874621e-05,0.0,0.0,-0.0,0,0,0,1,-2,-2,-2,-2,2,2,2,2,2,2,2,2,2,2,2,2
9158392403,-0.0496845,0.0031172694,-6.8815934e-05,0.0,0.0,-0.0,0,0,0,1,-2,-2,-2,-2,2,2,2,2,2,2,2,2,2,2,2,2
9158592819,-0.0496835,0.003117849,-6.885193e-05,0.0,0.0,-0.0,0,0,0,1,-2,-2,-2,-2,2,2,2,2,2,2,2,2,2,2,2,2
9158792552,-0.051994853,0.002421904,-1.5415855e-05,0.0,0.0,-0.0,0,0,0,1,-2,-2,-2,-2,2,2,2,2,2,2,2,2,2,2,2,2
9158992797,-0.049303614,0.0037682496,-2.0230127e-05,0.0,0.0,-0.0,0,0,0,1,-2,-2,-2,-2,2,2,2,2,2,2,2,2,2,2,2,2
9159194348,-0.051055048,0.0020888003,4.609028e-06,0.0,0.0,-0.0,0,0,0,1,-2,-2,-2,-2,2,2,2,2,2,2,2,2,2,2,2,2
9159394343,-0.049451564,0.003121553,2.3471735e-05,0.0,0.0,-0.0,0,0,0,1,-2,-2,-2,-2,2,2,2,2,2,2,2,2,2,2,2,2
9159593431,-0.05037208,0.0036741744,-2.90645e-05,0.0,0.0,-0.0,0,0,0,1,-2,-2,-2,-2,2,2,2,2,2,2,2,2,2,2,2,2
9159794887,-0.050207336,0.0031332844,-5.6117737e-05,0.0,0.0,-0.0,0,0,0,1,-2,-2,-2,-2,2,2,2,2,2,2,2,2,2,2,2,2
9159994958,-0.050201025,0.0031321973,-6.8615365e-05,0.0,0.0,-0.0,0,0,0,1,-2,-2,-2,-2,2,2,2,2,2,2,2,2,2,2,2,2
9160184781,-0.050174844,0.0031349738,-6.976264e-05,0.0,0.0,-0.0,0,0,0,1,-2,-2,-2,-2,2,2,2,2,2,2,2,2,2,2,2,2
9160385574,-0.05015193,0.0031314578,-6.983459e-05,0.0,0.0,-0.0,0,0,0,1,-2,-2,-2,-2,2,2,2,2,2,2,2,2,2,2,2,2
9160594905,-0.050127905,0.0031278026,-6.973538e-05,0.0,0.0,-0.0,0,0,0,1,-2,-2,-2,-2,2,2,2,2,2,2,2,2,2,2,2,2
9160785999,-0.050142944,0.0031321247,-6.975901e-05,0.0,0.0,-0.0,0,0,0,1,-2,-2,-2,-2,2,2,2,2,2,2,2,2,2,2,2,2
9160985930,-0.050121974,0.0031382984,-6.983923e-05,0.0,0.0,-0.0,0,0,0,1,-2,-2,-2,-2,2,2,2,2,2,2,2,2,2,2,2,2
9161187063,-0.050103005,0.0031365457,-6.985672e-05,0.0,0.0,-0.0,0,0,0,1,-2,-2,-2,-2,2,2,2,2,2,2,2,2,2,2,2,2
9161386995,-0.05008043,0.0031461988,-6.998676e-05,0.0,0.0,-0.0,0,0,0,1,-2,-2,-2,-2,2,2,2,2,2,2,2,2,2,2,2,2
9161588535,-0.050064623,0.003139624,-6.992346e-05,0.0,0.0,-0.0,0,0,0,1,-2,-2,-2,-2,2,2,2,2,2,2,2,2,2,2,2,2
9161788197,-0.05005461,0.0031480077,-6.998377e-05,0.0,0.0,-0.0,0,0,0,1,-2,-2,-2,-2,2,2,2,2,2,2,2,2,2,2,2,2
9161987839,-0.050057113,0.003154497,-7.011541e-05,0.0,0.0,-0.0,0,0,0,1,-2,-2,-2,-2,2,2,2,2,2,2,2,2,2,2,2,2
