timestamp,noutputs,output[0],output[1],output[2],output[3],output[4],output[5],output[6],output[7],output[8],output[9],output[10],output[11],output[12],output[13],output[14],output[15]
9100588501,16,1000.0,1000.0,1000.0,1000.0,1000.0,1000.0,1000.0,1000.0,1000.0,1000.0,1000.0,1000.0,1000.0,1000.0,1000.0,1000.0
9100608676,16,1000.0,1000.0,1000.0,1000.0,1000.0,1000.0,1000.0,1000.0,1000.0,1000.0,1000.0,1000.0,1000.0,1000.0,1000.0,1000.0
9100688457,16,1000.0,1000.0,1000.0,1000.0,1000.0,1000.0,1000.0,1000.0,1000.0,1000.0,1000.0,1000.0,1000.0,1000.0,1000.0,1000.0
9100788454,16,1000.0,1000.0,1000.0,1000.0,1000.0,1000.0,1000.0,1000.0,1000.0,1000.0,1000.0,1000.0,1000.0,1000.0,1000.0,1000.0
9100888535,16,1000.0,1000.0,1000.0,1000.0,1000.0,1000.0,1000.0,1000.0,1000.0,1000.0,1000.0,1000.0,1000.0,1000.0,1000.0,1000.0
9100988451,16,1000.0,1000.0,1000.0,1000.0,1000.0,1000.0,1000.0,1000.0,1000.0,1000.0,1000.0,1000.0,1000.0,1000.0,1000.0,1000.0
9101088445,16,1000.0,1000.0,1000.0,1000.0,1000.0,1000.0,1000.0,1000.0,1000.0,1000.0,1000.0,1000.0,1000.0,1000.0,1000.0,1000.0
9101188465,16,1000.0,1000.0,1000.0,1000.0,1000.0,1000.0,1000.0,1000.0,1000.0,1000.0,1000.0,1000.0,1000.0,1000.0,1000.0,1000.0
9101288448,16,1000.0,1000.0,1000.0,1000.0,1000.0,1000.0,1000.0,1000.0,1000.0,1000.0,1000.0,1000.0,1000.0,1000.0,1000.0,1000.0
9101388460,16,1000.0,1000.0,1000.0,1000.0,1000.0,1000.0,1000.0,1000.0,1000.0,1000.0,1000.0,1000.0,1000.0,1000.0,1000.0,1000.0
9101488455,16,1000.0,1000.0,1000.0,1000.0,1000.0,1000.0,1000.0,1000.0,1000.0,1000.0,1000.0,1000.0,1000.0,1000.0,1000.0,1000.0
9101588466,16,1000.0,1000.0,1000.0,1000.0,1000.0,1000.0,1000.0,1000.0,1000.0,1000.0,1000.0,1000.0,1000.0,1000.0,1000.0,1000.0
9101688464,16,1000.0,1000.0,1000.0,1000.0,1000.0,1000.0,1000.0,1000.0,1000.0,1000.0,1000.0,1000.0,1000.0,1000.0,1000.0,1000.0
9101788451,16,1000.0,1000.0,1000.0,1000.0,1000.0,1000.0,1000.0,1000.0,1000.0,1000.0,1000.0,1000.0,1000.0,1000.0,1000.0,1000.0
9101888447,16,1000.0,1000.0,1000.0,1000.0,1000.0,1000.0,1000.0,1000.0,1000.0,1000.0,1000.0,1000.0,1000.0,1000.0,1000.0,1000.0
9101988463,16,1000.0,1000.0,1000.0,1000.0,1000.0,1000.0,1000.0,1000.0,1000.0,1000.0,1000.0,1000.0,1000.0,1000.0,1000.0,1000.0
9102088452,16,1000.0,1000.0,1000.0,1000.0,1000.0,1000.0,1000.0,1000.0,1000.0,1000.0,1000.0,1000.0,1000.0,1000.0,1000.0,1000.0
9102188457,16,1000.0,1000.0,1000.0,1000.0,1000.0,1000.0,1000.0,1000.0,1000.0,1000.0,1000.0,1000.0,1000.0,1000.0,1000.0,1000.0
9102288459,16,1000.0,1000.0,1000.0,1000.0,1000.0,1000.0,1000.0,1000.0,1000.0,1000.0,1000.0,1000.0,1000.0,1000.0,1000.0,1000.0
9102388463,16,1000.0,1000.0,1000.0,1000.0,1000.0,1000.0,1000.0,1000.0,1000.0,1000.0,1000.0,1000.0,1000.0,1000.0,1000.0,1000.0
9102488458,16,1000.0,1000.0,1000.0,1000.0,1000.0,1000.0,1000.0,1000.0,1000.0,1000.0,1000.0,1000.0,1000.0,1000.0,1000.0,1000.0
9102588459,16,1000.0,1000.0,1000.0,1000.0,1000.0,1000.0,1000.0,1000.0,1000.0,1000.0,1000.0,1000.0,1000.0,1000.0,1000.0,1000.0
9102688476,16,1000.0,1000.0,1000.0,1000.0,1000.0,1000.0,1000.0,1000.0,1000.0,1000.0,1000.0,1000.0,1000.0,1000.0,1000.0,1000.0
9102788488,16,1000.0,1000.0,1000.0,1000.0,1000.0,1000.0,1000.0,1000.0,1000.0,1000.0,1000.0,1000.0,1000.0,1000.0,1000.0,1000.0
9102888457,16,1000.0,1000.0,1000.0,1000.0,1000.0,1000.0,1000.0,1000.0,1000.0,1000.0,1000.0,1000.0,1000.0,1000.0,1000.0,1000.0
9102988444,16,1000.0,1000.0,1000.0,1000.0,1000.0,1000.0,1000.0,1000.0,1000.0,1000.0,1000.0,1000.0,1000.0,1000.0,1000.0,1000.0
9103088455,16,1000.0,1000.0,1000.0,1000.0,1000.0,1000.0,1000.0,1000.0,1000.0,1000.0,1000.0,1000.0,1000.0,1000.0,1000.0,1000.0
9103188464,16,1000.0,1000.0,1000.0,1000.0,1000.0,1000.0,1000.0,1000.0,1000.0,1000.0,1000.0,1000.0,1000.0,1000.0,1000.0,1000.0
9103288455,16,1000.0,1000.0,1000.0,1000.0,1000.0,1000.0,1000.0,1000.0,1000.0,1000.0,1000.0,1000.0,1000.0,1000.0,1000.0,1000.0
9103388480,16,1000.0,1000.0,1000.0,1000.0,1000.0,1000.0,1000.0,1000.0,1000.0,1000.0,1000.0,1000.0,1000.0,1000.0,1000.0,1000.0
9103488451,16,1000.0,1000.0,1000.0,1000.0,1000.0,1000.0,1000.0,1000.0,1000.0,1000.0,1000.0,1000.0,1000.0,1000.0,1000.0,1000.0
9103588459,16,1000.0,1000.0,1000.0,1000.0,1000.0,1000.0,1000.0,1000.0,1000.0,1000.0,1000.0,1000.0,1000.0,1000.0,1000.0,1000.0
9103688450,16,1000.0,1000.0,1000.0,1000.0,1000.0,1000.0,1000.0,1000.0,1000.0,1000.0,1000.0,1000.0,1000.0,1000.0,1000.0,1000.0
9103788458,16,1000.0,1000.0,1000.0,1000.0,1000.0,1000.0,1000.0,1000.0,1000.0,1000.0,1000.0,1000.0,1000.0,1000.0,1000.0,1000.0
9103888458,16,1000.0,1000.0,1000.0,1000.0,1000.0,1000.0,1000.0,1000.0,1000.0,1000.0,1000.0,1000.0,1000.0,1000.0,1000.0,1000.0
9103988453,16,1000.0,1000.0,1000.0,1000.0,1000.0,1000.0,1000.0,1000.0,1000.0,1000.0,1000.0,1000.0,1000.0,1000.0,1000.0,1000.0
9104088532,16,1000.0,1000.0,1000.0,1000.0,1000.0,1000.0,1000.0,1000.0,1000.0,1000.0,1000.0,1000.0,1000.0,1000.0,1000.0,1000.0
9104188447,16,1000.0,1000.0,1000.0,1000.0,1000.0,1000.0,1000.0,1000.0,1000.0,1000.0,1000.0,1000.0,1000.0,1000.0,1000.0,1000.0
9104288523,16,1000.0,1000.0,1000.0,1000.0,1000.0,1000.0,1000.0,1000.0,1000.0,1000.0,1000.0,1000.0,1000.0,1000.0,1000.0,1000.0
9104388452,16,1000.0,1000.0,1000.0,1000.0,1000.0,1000.0,1000.0,1000.0,1000.0,1000.0,1000.0,1000.0,1000.0,1000.0,1000.0,1000.0
9104488510,16,1000.0,1000.0,1000.0,1000.0,1000.0,1000.0,1000.0,1000.0,1000.0,1000.0,1000.0,1000.0,1000.0,1000.0,1000.0,1000.0
9104588447,16,1000.0,1000.0,1000.0,1000.0,1000.0,1000.0,1000.0,1000.0,1000.0,1000.0,1000.0,1000.0,1000.0,1000.0,1000.0,1000.0
9104688517,16,1000.0,1000.0,1000.0,1000.0,1000.0,1000.0,1000.0,1000.0,1000.0,1000.0,1000.0,1000.0,1000.0,1000.0,1000.0,1000.0
9104788452,16,1000.0,1000.0,1000.0,1000.0,1000.0,1000.0,1000.0,1000.0,1000.0,1000.0,1000.0,1000.0,1000.0,1000.0,1000.0,1000.0
9104888452,16,1000.0,1000.0,1000.0,1000.0,1000.0,1000.0,1000.0,1000.0,1000.0,1000.0,1000.0,1000.0,1000.0,1000.0,1000.0,1000.0
9104988452,16,1000.0,1000.0,1000.0,1000.0,1000.0,1000.0,1000.0,1000.0,1000.0,1000.0,1000.0,1000.0,1000.0,1000.0,1000.0,1000.0
9105088469,16,1000.0,1000.0,1000.0,1000.0,1000.0,1000.0,1000.0,1000.0,1000.0,1000.0,1000.0,1000.0,1000.0,1000.0,1000.0,1000.0
9105188451,16,1000.0,1000.0,1000.0,1000.0,1000.0,1000.0,1000.0,1000.0,1000.0,1000.0,1000.0,1000.0,1000.0,1000.0,1000.0,1000.0
9105288464,16,1000.0,1000.0,1000.0,1000.0,1000.0,1000.0,1000.0,1000.0,1000.0,1000.0,1000.0,1000.0,1000.0,1000.0,1000.0,1000.0
9105388451,16,1000.0,1000.0,1000.0,1000.0,1000.0,1000.0,1000.0,1000.0,1000.0,1000.0,1000.0,1000.0,1000.0,1000.0,1000.0,1000.0
9105488453,16,1000.0,1000.0,1000.0,1000.0,1000.0,1000.0,1000.0,1000.0,1000.0,1000.0,1000.0,1000.0,1000.0,1000.0,1000.0,1000.0
9105588464,16,1000.0,1000.0,1000.0,1000.0,1000.0,1000.0,1000.0,1000.0,1000.0,1000.0,1000.0,1000.0,1000.0,1000.0,1000.0,1000.0
9105688543,16,1000.0,1000.0,1000.0,1000.0,1000.0,1000.0,1000.0,1000.0,1000.0,1000.0,1000.0,1000.0,1000.0,1000.0,1000.0,1000.0
9105788450,16,1000.0,1000.0,1000.0,1000.0,1000.0,1000.0,1000.0,1000.0,1000.0,1000.0,1000.0,1000.0,1000.0,1000.0,1000.0,1000.0
9105888574,16,1000.0,1000.0,1000.0,1000.0,1000.0,1000.0,1000.0,1000.0,1000.0,1000.0,1000.0,1000.0,1000.0,1000.0,1000.0,1000.0
9105988450,16,1000.0,1000.0,1000.0,1000.0,1000.0,1000.0,1000.0,1000.0,1000.0,1000.0,1000.0,1000.0,1000.0,1000.0,1000.0,1000.0
9106088450,16,1000.0,1000.0,1000.0,1000.0,1000.0,1000.0,1000.0,1000.0,1000.0,1000.0,1000.0,1000.0,1000.0,1000.0,1000.0,1000.0
9106188447,16,1000.0,1000.0,1000.0,1000.0,1000.0,1000.0,1000.0,1000.0,1000.0,1000.0,1000.0,1000.0,1000.0,1000.0,1000.0,1000.0
9106288457,16,1000.0,1000.0,1000.0,1000.0,1000.0,1000.0,1000.0,1000.0,1000.0,1000.0,1000.0,1000.0,1000.0,1000.0,1000.0,1000.0
9106388450,16,1000.0,1000.0,1000.0,1000.0,1000.0,1000.0,1000.0,1000.0,1000.0,1000.0,1000.0,1000.0,1000.0,1000.0,1000.0,1000.0
9106488443,16,1000.0,1000.0,1000.0,1000.0,1000.0,1000.0,1000.0,1000.0,1000.0,1000.0,1000.0,1000.0,1000.0,1000.0,1000.0,1000.0
9106588453,16,1000.0,1000.0,1000.0,1000.0,1000.0,1000.0,1000.0,1000.0,1000.0,1000.0,1000.0,1000.0,1000.0,1000.0,1000.0,1000.0
9106688446,16,1000.0,1000.0,1000.0,1000.0,1000.0,1000.0,1000.0,1000.0,1000.0,1000.0,1000.0,1000.0,1000.0,1000.0,1000.0,1000.0
9106788455,16,1000.0,1000.0,1000.0,1000.0,1000.0,1000.0,1000.0,1000.0,1000.0,1000.0,1000.0,1000.0,1000.0,1000.0,1000.0,1000.0
9106888479,16,1000.0,1000.0,1000.0,1000.0,1000.0,1000.0,1000.0,1000.0,1000.0,1000.0,1000.0,1000.0,1000.0,1000.0,1000.0,1000.0
9106988446,16,1000.0,1000.0,1000.0,1000.0,1000.0,1000.0,1000.0,1000.0,1008.0,1007.0,1007.0,1008.0,1000.0,1000.0,1000.0,1000.0
9107088679,16,1000.0,1000.0,1000.0,1000.0,1000.0,1000.0,1000.0,1000.0,1021.0,1016.0,1016.0,1021.0,1000.0,1000.0,1000.0,1000.0
9107188446,16,1000.0,1000.0,1000.0,1000.0,1000.0,1000.0,1000.0,1000.0,1036.0,1026.0,1023.0,1033.0,1000.0,1000.0,1000.0,1000.0
9107288460,16,1000.0,1000.0,1000.0,1000.0,1000.0,1000.0,1000.0,1000.0,1054.0,1040.0,1032.0,1046.0,1000.0,1000.0,1000.0,1000.0
9107388457,16,1000.0,1000.0,1000.0,1000.0,1000.0,1000.0,1000.0,1000.0,1075.0,1055.0,1039.0,1059.0,1000.0,1000.0,1000.0,1000.0
9107488467,16,1000.0,1000.0,1000.0,1000.0,1000.0,1000.0,1000.0,1000.0,1083.0,1062.0,1040.0,1062.0,1000.0,1000.0,1000.0,1000.0
9107588455,16,1000.0,1000.0,1000.0,1000.0,1000.0,1000.0,1000.0,1000.0,1090.0,1067.0,1040.0,1064.0,1000.0,1000.0,1000.0,1000.0
9107688524,16,1000.0,1000.0,1000.0,1000.0,1000.0,1000.0,1000.0,1000.0,1097.0,1073.0,1040.0,1066.0,1000.0,1000.0,1000.0,1000.0
9107788459,16,1000.0,1000.0,1000.0,1000.0,1000.0,1000.0,1000.0,1000.0,1104.0,1078.0,1041.0,1069.0,1000.0,1000.0,1000.0,1000.0
9107888453,16,1000.0,1000.0,1000.0,1000.0,1000.0,1000.0,1000.0,1000.0,1110.0,1083.0,1042.0,1072.0,1000.0,1000.0,1000.0,1000.0
9107988466,16,1000.0,1000.0,1000.0,1000.0,1000.0,1000.0,1000.0,1000.0,1116.0,1087.0,1043.0,1074.0,1000.0,1000.0,1000.0,1000.0
9108088449,16,1000.0,1000.0,1000.0,1000.0,1000.0,1000.0,1000.0,1000.0,1123.0,1092.0,1044.0,1077.0,1000.0,1000.0,1000.0,1000.0
9108188449,16,1000.0,1000.0,1000.0,1000.0,1000.0,1000.0,1000.0,1000.0,1129.0,1097.0,1045.0,1080.0,1000.0,1000.0,1000.0,1000.0
9108288453,16,1000.0,1000.0,1000.0,1000.0,1000.0,1000.0,1000.0,1000.0,1135.0,1102.0,1046.0,1083.0,1000.0,1000.0,1000.0,1000.0
9108388458,16,1000.0,1000.0,1000.0,1000.0,1000.0,1000.0,1000.0,1000.0,1141.0,1106.0,1046.0,1085.0,1000.0,1000.0,1000.0,1000.0
9108488498,16,1000.0,1000.0,1000.0,1000.0,1000.0,1000.0,1000.0,1000.0,1148.0,1111.0,1047.0,1088.0,1000.0,1000.0,1000.0,1000.0
9108588494,16,1000.0,1000.0,1000.0,1000.0,1000.0,1000.0,1000.0,1000.0,1152.0,1114.0,1046.0,1089.0,1000.0,1000.0,1000.0,1000.0
9108688443,16,1000.0,1000.0,1000.0,1000.0,1000.0,1000.0,1000.0,1000.0,1155.0,1115.0,1043.0,1088.0,1000.0,1000.0,1000.0,1000.0
9108788446,16,1000.0,1000.0,1000.0,1000.0,1000.0,1000.0,1000.0,1000.0,1157.0,1116.0,1040.0,1087.0,1000.0,1000.0,1000.0,1000.0
9108888450,16,1000.0,1000.0,1000.0,1000.0,1000.0,1000.0,1000.0,1000.0,1157.0,1114.0,1040.0,1088.0,1000.0,1000.0,1000.0,1000.0
9108988454,16,1000.0,1000.0,1000.0,1000.0,1000.0,1000.0,1000.0,1000.0,1157.0,1114.0,1040.0,1088.0,1000.0,1000.0,1000.0,1000.0
9109088463,16,1000.0,1000.0,1000.0,1000.0,1000.0,1000.0,1000.0,1000.0,1157.0,1114.0,1040.0,1088.0,1000.0,1000.0,1000.0,1000.0
9109188449,16,1000.0,1000.0,1000.0,1000.0,1000.0,1000.0,1000.0,1000.0,1157.0,1114.0,1040.0,1088.0,1000.0,1000.0,1000.0,1000.0
9109288454,16,1000.0,1000.0,1000.0,1000.0,1000.0,1000.0,1000.0,1000.0,1154.0,1110.0,1040.0,1088.0,1000.0,1000.0,1000.0,1000.0
9109388451,16,1000.0,1000.0,1000.0,1000.0,1000.0,1000.0,1000.0,1000.0,1147.0,1103.0,1040.0,1088.0,1000.0,1000.0,1000.0,1000.0
9109488456,16,1000.0,1000.0,1000.0,1000.0,1000.0,1000.0,1000.0,1000.0,1141.0,1097.0,1040.0,1088.0,1000.0,1000.0,1000.0,1000.0
9109588457,16,1000.0,1000.0,1000.0,1000.0,1000.0,1000.0,1000.0,1000.0,1134.0,1089.0,1040.0,1088.0,1000.0,1000.0,1000.0,1000.0
9109688451,16,1000.0,1000.0,1000.0,1000.0,1000.0,1000.0,1000.0,1000.0,1127.0,1081.0,1040.0,1089.0,1000.0,1000.0,1000.0,1000.0
9109788473,16,1000.0,1000.0,1000.0,1000.0,1000.0,1000.0,1000.0,1000.0,1120.0,1067.0,1040.0,1095.0,1000.0,1000.0,1000.0,1000.0
9109888457,16,1000.0,1000.0,1000.0,1000.0,1000.0,1000.0,1000.0,1000.0,1116.0,1042.0,1044.0,1104.0,1000.0,1000.0,1000.0,1000.0
9109988454,16,1000.0,1000.0,1000.0,1000.0,1000.0,1000.0,1000.0,1000.0,1105.0,1040.0,1040.0,1105.0,1000.0,1000.0,1000.0,1000.0
9110088460,16,1000.0,1000.0,1000.0,1000.0,1000.0,1000.0,1000.0,1000.0,1098.0,1040.0,1040.0,1098.0,1000.0,1000.0,1000.0,1000.0
9110188461,16,1000.0,1000.0,1000.0,1000.0,1000.0,1000.0,1000.0,1000.0,1091.0,1040.0,1040.0,1091.0,1000.0,1000.0,1000.0,1000.0
9110288462,16,1000.0,1000.0,1000.0,1000.0,1000.0,1000.0,1000.0,1000.0,1083.0,1040.0,1040.0,1083.0,1000.0,1000.0,1000.0,1000.0
9110388457,16,1000.0,1000.0,1000.0,1000.0,1000.0,1000.0,1000.0,1000.0,1076.0,1040.0,1040.0,1076.0,1000.0,1000.0,1000.0,1000.0
9110488465,16,1000.0,1000.0,1000.0,1000.0,1000.0,1000.0,1000.0,1000.0,1076.0,1040.0,1040.0,1076.0,1000.0,1000.0,1000.0,1000.0
9110588446,16,1000.0,1000.0,1000.0,1000.0,1000.0,1000.0,1000.0,1000.0,1083.0,1040.0,1040.0,1083.0,1000.0,1000.0,1000.0,1000.0
9110688547,16,1000.0,1000.0,1000.0,1000.0,1000.0,1000.0,1000.0,1000.0,1091.0,1040.0,1040.0,1091.0,1000.0,1000.0,1000.0,1000.0
9110788453,16,1000.0,1000.0,1000.0,1000.0,1000.0,1000.0,1000.0,1000.0,1098.0,1040.0,1040.0,1098.0,1000.0,1000.0,1000.0,1000.0
9110888541,16,1000.0,1000.0,1000.0,1000.0,1000.0,1000.0,1000.0,1000.0,1105.0,1040.0,1040.0,1105.0,1000.0,1000.0,1000.0,1000.0
9110988453,16,1000.0,1000.0,1000.0,1000.0,1000.0,1000.0,1000.0,1000.0,1113.0,1040.0,1040.0,1113.0,1000.0,1000.0,1000.0,1000.0
9111088459,16,1000.0,1000.0,1000.0,1000.0,1000.0,1000.0,1000.0,1000.0,1120.0,1040.0,1040.0,1120.0,1000.0,1000.0,1000.0,1000.0
9111188462,16,1000.0,1000.0,1000.0,1000.0,1000.0,1000.0,1000.0,1000.0,1118.0,1045.0,1041.0,1130.0,1000.0,1000.0,1000.0,1000.0
9111288532,16,1000.0,1000.0,1000.0,1000.0,1000.0,1000.0,1000.0,1000.0,1123.0,1045.0,1043.0,1138.0,1000.0,1000.0,1000.0,1000.0
9111388450,16,1000.0,1000.0,1000.0,1000.0,1000.0,1000.0,1000.0,1000.0,1106.0,1045.0,1069.0,1145.0,1000.0,1000.0,1000.0,1000.0
9111488446,16,1000.0,1000.0,1000.0,1000.0,1000.0,1000.0,1000.0,1000.0,1070.0,1044.0,1115.0,1150.0,1000.0,1000.0,1000.0,1000.0
9111588454,16,1000.0,1000.0,1000.0,1000.0,1000.0,1000.0,1000.0,1000.0,1131.0,1050.0,1048.0,1163.0,1000.0,1000.0,1000.0,1000.0
9111688447,16,1000.0,1000.0,1000.0,1000.0,1000.0,1000.0,1000.0,1000.0,1125.0,1076.0,1059.0,1142.0,1000.0,1000.0,1000.0,1000.0
9111788448,16,1000.0,1000.0,1000.0,1000.0,1000.0,1000.0,1000.0,1000.0,1131.0,1081.0,1055.0,1135.0,1000.0,1000.0,1000.0,1000.0
9111888457,16,1000.0,1000.0,1000.0,1000.0,1000.0,1000.0,1000.0,1000.0,1124.0,1164.0,1040.0,1070.0,1000.0,1000.0,1000.0,1000.0
9111988449,16,1000.0,1000.0,1000.0,1000.0,1000.0,1000.0,1000.0,1000.0,1150.0,1103.0,1040.0,1108.0,1000.0,1000.0,1000.0,1000.0
9112088449,16,1000.0,1000.0,1000.0,1000.0,1000.0,1000.0,1000.0,1000.0,1157.0,1056.0,1040.0,1144.0,1000.0,1000.0,1000.0,1000.0
9112188443,16,1000.0,1000.0,1000.0,1000.0,1000.0,1000.0,1000.0,1000.0,1157.0,1095.0,1040.0,1107.0,1000.0,1000.0,1000.0,1000.0
9112288443,16,1000.0,1000.0,1000.0,1000.0,1000.0,1000.0,1000.0,1000.0,1172.0,1121.0,1057.0,1047.0,1000.0,1000.0,1000.0,1000.0
9112388466,16,1000.0,1000.0,1000.0,1000.0,1000.0,1000.0,1000.0,1000.0,1157.0,1084.0,1040.0,1118.0,1000.0,1000.0,1000.0,1000.0
9112488464,16,1000.0,1000.0,1000.0,1000.0,1000.0,1000.0,1000.0,1000.0,1157.0,1097.0,1040.0,1105.0,1000.0,1000.0,1000.0,1000.0
9112588464,16,1000.0,1000.0,1000.0,1000.0,1000.0,1000.0,1000.0,1000.0,1159.0,1093.0,1042.0,1105.0,1000.0,1000.0,1000.0,1000.0
9112688451,16,1000.0,1000.0,1000.0,1000.0,1000.0,1000.0,1000.0,1000.0,1157.0,1090.0,1040.0,1112.0,1000.0,1000.0,1000.0,1000.0
9112788449,16,1000.0,1000.0,1000.0,1000.0,1000.0,1000.0,1000.0,1000.0,1154.0,1112.0,1040.0,1087.0,1000.0,1000.0,1000.0,1000.0
9112888458,16,1000.0,1000.0,1000.0,1000.0,1000.0,1000.0,1000.0,1000.0,1126.0,1100.0,1040.0,1114.0,1000.0,1000.0,1000.0,1000.0
9112988457,16,1000.0,1000.0,1000.0,1000.0,1000.0,1000.0,1000.0,1000.0,1147.0,1040.0,1040.0,1147.0,1000.0,1000.0,1000.0,1000.0
9113088462,16,1000.0,1000.0,1000.0,1000.0,1000.0,1000.0,1000.0,1000.0,1054.0,1040.0,1142.0,1154.0,1000.0,1000.0,1000.0,1000.0
9113188455,16,1000.0,1000.0,1000.0,1000.0,1000.0,1000.0,1000.0,1000.0,1064.0,1179.0,1090.0,1065.0,1000.0,1000.0,1000.0,1000.0
9113288451,16,1000.0,1000.0,1000.0,1000.0,1000.0,1000.0,1000.0,1000.0,1157.0,1109.0,1040.0,1093.0,1000.0,1000.0,1000.0,1000.0
9113388573,16,1000.0,1000.0,1000.0,1000.0,1000.0,1000.0,1000.0,1000.0,1157.0,1077.0,1040.0,1125.0,1000.0,1000.0,1000.0,1000.0
9113488488,16,1000.0,1000.0,1000.0,1000.0,1000.0,1000.0,1000.0,1000.0,1172.0,1040.0,1057.0,1127.0,1000.0,1000.0,1000.0,1000.0
9113588722,16,1000.0,1000.0,1000.0,1000.0,1000.0,1000.0,1000.0,1000.0,1164.0,1143.0,1048.0,1040.0,1000.0,1000.0,1000.0,1000.0
9113688475,16,1000.0,1000.0,1000.0,1000.0,1000.0,1000.0,1000.0,1000.0,1167.0,1040.0,1051.0,1138.0,1000.0,1000.0,1000.0,1000.0
9113788568,16,1000.0,1000.0,1000.0,1000.0,1000.0,1000.0,1000.0,1000.0,1146.0,1067.0,1040.0,1146.0,1000.0,1000.0,1000.0,1000.0
9113888451,16,1000.0,1000.0,1000.0,1000.0,1000.0,1000.0,1000.0,1000.0,1040.0,1149.0,1157.0,1050.0,1000.0,1000.0,1000.0,1000.0
9113988455,16,1000.0,1000.0,1000.0,1000.0,1000.0,1000.0,1000.0,1000.0,1087.0,1121.0,1131.0,1064.0,1000.0,1000.0,1000.0,1000.0
9114088450,16,1000.0,1000.0,1000.0,1000.0,1000.0,1000.0,1000.0,1000.0,1062.0,1106.0,1145.0,1090.0,1000.0,1000.0,1000.0,1000.0
9114188453,16,1000.0,1000.0,1000.0,1000.0,1000.0,1000.0,1000.0,1000.0,1040.0,1124.0,1157.0,1077.0,1000.0,1000.0,1000.0,1000.0
9114288523,16,1000.0,1000.0,1000.0,1000.0,1000.0,1000.0,1000.0,1000.0,1040.0,1157.0,1157.0,1040.0,1000.0,1000.0,1000.0,1000.0
9114388518,16,1000.0,1000.0,1000.0,1000.0,1000.0,1000.0,1000.0,1000.0,1040.0,1157.0,1157.0,1040.0,1000.0,1000.0,1000.0,1000.0
9114488480,16,1000.0,1000.0,1000.0,1000.0,1000.0,1000.0,1000.0,1000.0,1107.0,1152.0,1081.0,1060.0,1000.0,1000.0,1000.0,1000.0
9114588447,16,1000.0,1000.0,1000.0,1000.0,1000.0,1000.0,1000.0,1000.0,1113.0,1162.0,1078.0,1046.0,1000.0,1000.0,1000.0,1000.0
9114688445,16,1000.0,1000.0,1000.0,1000.0,1000.0,1000.0,1000.0,1000.0,1123.0,1157.0,1079.0,1040.0,1000.0,1000.0,1000.0,1000.0
9114788448,16,1000.0,1000.0,1000.0,1000.0,1000.0,1000.0,1000.0,1000.0,1040.0,1157.0,1157.0,1040.0,1000.0,1000.0,1000.0,1000.0
9114888459,16,1000.0,1000.0,1000.0,1000.0,1000.0,1000.0,1000.0,1000.0,1040.0,1157.0,1157.0,1040.0,1000.0,1000.0,1000.0,1000.0
9114988451,16,1000.0,1000.0,1000.0,1000.0,1000.0,1000.0,1000.0,1000.0,1040.0,1157.0,1157.0,1040.0,1000.0,1000.0,1000.0,1000.0
9115088451,16,1000.0,1000.0,1000.0,1000.0,1000.0,1000.0,1000.0,1000.0,1040.0,1157.0,1157.0,1040.0,1000.0,1000.0,1000.0,1000.0
9115188456,16,1000.0,1000.0,1000.0,1000.0,1000.0,1000.0,1000.0,1000.0,1121.0,1108.0,1102.0,1073.0,1000.0,1000.0,1000.0,1000.0
9115288447,16,1000.0,1000.0,1000.0,1000.0,1000.0,1000.0,1000.0,1000.0,1063.0,1118.0,1152.0,1069.0,1000.0,1000.0,1000.0,1000.0
9115388464,16,1000.0,1000.0,1000.0,1000.0,1000.0,1000.0,1000.0,1000.0,1088.0,1088.0,1092.0,1135.0,1000.0,1000.0,1000.0,1000.0
9115488452,16,1000.0,1000.0,1000.0,1000.0,1000.0,1000.0,1000.0,1000.0,1040.0,1062.0,1157.0,1138.0,1000.0,1000.0,1000.0,1000.0
9115588454,16,1000.0,1000.0,1000.0,1000.0,1000.0,1000.0,1000.0,1000.0,1040.0,1070.0,1157.0,1131.0,1000.0,1000.0,1000.0,1000.0
9115688507,16,1000.0,1000.0,1000.0,1000.0,1000.0,1000.0,1000.0,1000.0,1081.0,1057.0,1090.0,1172.0,1000.0,1000.0,1000.0,1000.0
9115788449,16,1000.0,1000.0,1000.0,1000.0,1000.0,1000.0,1000.0,1000.0,1058.0,1044.0,1134.0,1161.0,1000.0,1000.0,1000.0,1000.0
9115888450,16,1000.0,1000.0,1000.0,1000.0,1000.0,1000.0,1000.0,1000.0,1061.0,1042.0,1135.0,1160.0,1000.0,1000.0,1000.0,1000.0
9115988557,16,1000.0,1000.0,1000.0,1000.0,1000.0,1000.0,1000.0,1000.0,1075.0,1052.0,1133.0,1140.0,1000.0,1000.0,1000.0,1000.0
9116088452,16,1000.0,1000.0,1000.0,1000.0,1000.0,1000.0,1000.0,1000.0,1104.0,1093.0,1107.0,1101.0,1000.0,1000.0,1000.0,1000.0
9116188453,16,1000.0,1000.0,1000.0,1000.0,1000.0,1000.0,1000.0,1000.0,1113.0,1117.0,1090.0,1084.0,1000.0,1000.0,1000.0,1000.0
9116288453,16,1000.0,1000.0,1000.0,1000.0,1000.0,1000.0,1000.0,1000.0,1136.0,1118.0,1076.0,1073.0,1000.0,1000.0,1000.0,1000.0
9116388452,16,1000.0,1000.0,1000.0,1000.0,1000.0,1000.0,1000.0,1000.0,1157.0,1136.0,1049.0,1057.0,1000.0,1000.0,1000.0,1000.0
9116488454,16,1000.0,1000.0,1000.0,1000.0,1000.0,1000.0,1000.0,1000.0,1144.0,1136.0,1070.0,1051.0,1000.0,1000.0,1000.0,1000.0
9116588472,16,1000.0,1000.0,1000.0,1000.0,1000.0,1000.0,1000.0,1000.0,1159.0,1148.0,1042.0,1047.0,1000.0,1000.0,1000.0,1000.0
9116688488,16,1000.0,1000.0,1000.0,1000.0,1000.0,1000.0,1000.0,1000.0,1160.0,1145.0,1043.0,1047.0,1000.0,1000.0,1000.0,1000.0
9116788448,16,1000.0,1000.0,1000.0,1000.0,1000.0,1000.0,1000.0,1000.0,1140.0,1143.0,1056.0,1061.0,1000.0,1000.0,1000.0,1000.0
9116888463,16,1000.0,1000.0,1000.0,1000.0,1000.0,1000.0,1000.0,1000.0,1098.0,1099.0,1114.0,1094.0,1000.0,1000.0,1000.0,1000.0
9116988471,16,1000.0,1000.0,1000.0,1000.0,1000.0,1000.0,1000.0,1000.0,1083.0,1086.0,1132.0,1102.0,1000.0,1000.0,1000.0,1000.0
9117088479,16,1000.0,1000.0,1000.0,1000.0,1000.0,1000.0,1000.0,1000.0,1046.0,1101.0,1159.0,1095.0,1000.0,1000.0,1000.0,1000.0
9117188452,16,1000.0,1000.0,1000.0,1000.0,1000.0,1000.0,1000.0,1000.0,1040.0,1157.0,1157.0,1040.0,1000.0,1000.0,1000.0,1000.0
9117288453,16,1000.0,1000.0,1000.0,1000.0,1000.0,1000.0,1000.0,1000.0,1040.0,1157.0,1157.0,1040.0,1000.0,1000.0,1000.0,1000.0
9117388489,16,1000.0,1000.0,1000.0,1000.0,1000.0,1000.0,1000.0,1000.0,1040.0,1145.0,1157.0,1054.0,1000.0,1000.0,1000.0,1000.0
9117488454,16,1000.0,1000.0,1000.0,1000.0,1000.0,1000.0,1000.0,1000.0,1049.0,1137.0,1122.0,1093.0,1000.0,1000.0,1000.0,1000.0
9117588450,16,1000.0,1000.0,1000.0,1000.0,1000.0,1000.0,1000.0,1000.0,1131.0,1147.0,1071.0,1050.0,1000.0,1000.0,1000.0,1000.0
9117688554,16,1000.0,1000.0,1000.0,1000.0,1000.0,1000.0,1000.0,1000.0,1157.0,1129.0,1047.0,1065.0,1000.0,1000.0,1000.0,1000.0
9117788461,16,1000.0,1000.0,1000.0,1000.0,1000.0,1000.0,1000.0,1000.0,1148.0,1157.0,1051.0,1040.0,1000.0,1000.0,1000.0,1000.0
9117888525,16,1000.0,1000.0,1000.0,1000.0,1000.0,1000.0,1000.0,1000.0,1157.0,1131.0,1040.0,1069.0,1000.0,1000.0,1000.0,1000.0
9117988461,16,1000.0,1000.0,1000.0,1000.0,1000.0,1000.0,1000.0,1000.0,1157.0,1105.0,1040.0,1097.0,1000.0,1000.0,1000.0,1000.0
9118088449,16,1000.0,1000.0,1000.0,1000.0,1000.0,1000.0,1000.0,1000.0,1159.0,1069.0,1041.0,1129.0,1000.0,1000.0,1000.0,1000.0
9118188451,16,1000.0,1000.0,1000.0,1000.0,1000.0,1000.0,1000.0,1000.0,1148.0,1157.0,1051.0,1040.0,1000.0,1000.0,1000.0,1000.0
9118288450,16,1000.0,1000.0,1000.0,1000.0,1000.0,1000.0,1000.0,1000.0,1160.0,1140.0,1043.0,1055.0,1000.0,1000.0,1000.0,1000.0
9118388464,16,1000.0,1000.0,1000.0,1000.0,1000.0,1000.0,1000.0,1000.0,1157.0,1104.0,1040.0,1098.0,1000.0,1000.0,1000.0,1000.0
9118488454,16,1000.0,1000.0,1000.0,1000.0,1000.0,1000.0,1000.0,1000.0,1064.0,1131.0,1117.0,1090.0,1000.0,1000.0,1000.0,1000.0
9118588446,16,1000.0,1000.0,1000.0,1000.0,1000.0,1000.0,1000.0,1000.0,1040.0,1136.0,1157.0,1064.0,1000.0,1000.0,1000.0,1000.0
9118688451,16,1000.0,1000.0,1000.0,1000.0,1000.0,1000.0,1000.0,1000.0,1040.0,1157.0,1157.0,1040.0,1000.0,1000.0,1000.0,1000.0
9118788447,16,1000.0,1000.0,1000.0,1000.0,1000.0,1000.0,1000.0,1000.0,1040.0,1157.0,1157.0,1040.0,1000.0,1000.0,1000.0,1000.0
9118888450,16,1000.0,1000.0,1000.0,1000.0,1000.0,1000.0,1000.0,1000.0,1040.0,1157.0,1157.0,1040.0,1000.0,1000.0,1000.0,1000.0
9118988468,16,1000.0,1000.0,1000.0,1000.0,1000.0,1000.0,1000.0,1000.0,1040.0,1153.0,1157.0,1045.0,1000.0,1000.0,1000.0,1000.0
9119088452,16,1000.0,1000.0,1000.0,1000.0,1000.0,1000.0,1000.0,1000.0,1161.0,1057.0,1044.0,1135.0,1000.0,1000.0,1000.0,1000.0
9119188447,16,1000.0,1000.0,1000.0,1000.0,1000.0,1000.0,1000.0,1000.0,1174.0,1089.0,1059.0,1078.0,1000.0,1000.0,1000.0,1000.0
9119288456,16,1000.0,1000.0,1000.0,1000.0,1000.0,1000.0,1000.0,1000.0,1181.0,1104.0,1068.0,1043.0,1000.0,1000.0,1000.0,1000.0
9119388507,16,1000.0,1000.0,1000.0,1000.0,1000.0,1000.0,1000.0,1000.0,1165.0,1063.0,1130.0,1040.0,1000.0,1000.0,1000.0,1000.0
9119488497,16,1000.0,1000.0,1000.0,1000.0,1000.0,1000.0,1000.0,1000.0,1164.0,1040.0,1072.0,1122.0,1000.0,1000.0,1000.0,1000.0
9119588465,16,1000.0,1000.0,1000.0,1000.0,1000.0,1000.0,1000.0,1000.0,1157.0,1040.0,1040.0,1157.0,1000.0,1000.0,1000.0,1000.0
9119688565,16,1000.0,1000.0,1000.0,1000.0,1000.0,1000.0,1000.0,1000.0,1157.0,1040.0,1040.0,1157.0,1000.0,1000.0,1000.0,1000.0
9119788464,16,1000.0,1000.0,1000.0,1000.0,1000.0,1000.0,1000.0,1000.0,1040.0,1157.0,1157.0,1040.0,1000.0,1000.0,1000.0,1000.0
9119888455,16,1000.0,1000.0,1000.0,1000.0,1000.0,1000.0,1000.0,1000.0,1040.0,1157.0,1157.0,1040.0,1000.0,1000.0,1000.0,1000.0
9119988455,16,1000.0,1000.0,1000.0,1000.0,1000.0,1000.0,1000.0,1000.0,1040.0,1157.0,1157.0,1040.0,1000.0,1000.0,1000.0,1000.0
9120088465,16,1000.0,1000.0,1000.0,1000.0,1000.0,1000.0,1000.0,1000.0,1040.0,1157.0,1157.0,1040.0,1000.0,1000.0,1000.0,1000.0
9120188454,16,1000.0,1000.0,1000.0,1000.0,1000.0,1000.0,1000.0,1000.0,1040.0,1157.0,1157.0,1040.0,1000.0,1000.0,1000.0,1000.0
9120288449,16,1000.0,1000.0,1000.0,1000.0,1000.0,1000.0,1000.0,1000.0,1068.0,1115.0,1154.0,1064.0,1000.0,1000.0,1000.0,1000.0
9120388450,16,1000.0,1000.0,1000.0,1000.0,1000.0,1000.0,1000.0,1000.0,1139.0,1098.0,1069.0,1096.0,1000.0,1000.0,1000.0,1000.0
9120488454,16,1000.0,1000.0,1000.0,1000.0,1000.0,1000.0,1000.0,1000.0,1157.0,1040.0,1040.0,1157.0,1000.0,1000.0,1000.0,1000.0
9120588505,16,1000.0,1000.0,1000.0,1000.0,1000.0,1000.0,1000.0,1000.0,1133.0,1104.0,1051.0,1114.0,1000.0,1000.0,1000.0,1000.0
9120688448,16,1000.0,1000.0,1000.0,1000.0,1000.0,1000.0,1000.0,1000.0,1166.0,1044.0,1050.0,1137.0,1000.0,1000.0,1000.0,1000.0
9120788453,16,1000.0,1000.0,1000.0,1000.0,1000.0,1000.0,1000.0,1000.0,1160.0,1040.0,1043.0,1152.0,1000.0,1000.0,1000.0,1000.0
9120888503,16,1000.0,1000.0,1000.0,1000.0,1000.0,1000.0,1000.0,1000.0,1168.0,1112.0,1076.0,1042.0,1000.0,1000.0,1000.0,1000.0
9120988499,16,1000.0,1000.0,1000.0,1000.0,1000.0,1000.0,1000.0,1000.0,1133.0,1135.0,1093.0,1040.0,1000.0,1000.0,1000.0,1000.0
9121088456,16,1000.0,1000.0,1000.0,1000.0,1000.0,1000.0,1000.0,1000.0,1040.0,1129.0,1157.0,1072.0,1000.0,1000.0,1000.0,1000.0
9121188450,16,1000.0,1000.0,1000.0,1000.0,1000.0,1000.0,1000.0,1000.0,1040.0,1157.0,1157.0,1040.0,1000.0,1000.0,1000.0,1000.0
9121288458,16,1000.0,1000.0,1000.0,1000.0,1000.0,1000.0,1000.0,1000.0,1040.0,1157.0,1157.0,1040.0,1000.0,1000.0,1000.0,1000.0
9121388455,16,1000.0,1000.0,1000.0,1000.0,1000.0,1000.0,1000.0,1000.0,1040.0,1157.0,1157.0,1040.0,1000.0,1000.0,1000.0,1000.0
9121488452,16,1000.0,1000.0,1000.0,1000.0,1000.0,1000.0,1000.0,1000.0,1053.0,1117.0,1169.0,1059.0,1000.0,1000.0,1000.0,1000.0
9121588445,16,1000.0,1000.0,1000.0,1000.0,1000.0,1000.0,1000.0,1000.0,1137.0,1098.0,1059.0,1108.0,1000.0,1000.0,1000.0,1000.0
9121688444,16,1000.0,1000.0,1000.0,1000.0,1000.0,1000.0,1000.0,1000.0,1158.0,1080.0,1041.0,1120.0,1000.0,1000.0,1000.0,1000.0
9121788451,16,1000.0,1000.0,1000.0,1000.0,1000.0,1000.0,1000.0,1000.0,1157.0,1040.0,1040.0,1157.0,1000.0,1000.0,1000.0,1000.0
9121888459,16,1000.0,1000.0,1000.0,1000.0,1000.0,1000.0,1000.0,1000.0,1157.0,1040.0,1040.0,1157.0,1000.0,1000.0,1000.0,1000.0
9121988452,16,1000.0,1000.0,1000.0,1000.0,1000.0,1000.0,1000.0,1000.0,1157.0,1040.0,1040.0,1157.0,1000.0,1000.0,1000.0,1000.0
9122088453,16,1000.0,1000.0,1000.0,1000.0,1000.0,1000.0,1000.0,1000.0,1157.0,1040.0,1040.0,1157.0,1000.0,1000.0,1000.0,1000.0
9122188472,16,1000.0,1000.0,1000.0,1000.0,1000.0,1000.0,1000.0,1000.0,1092.0,1128.0,1125.0,1057.0,1000.0,1000.0,1000.0,1000.0
9122288447,16,1000.0,1000.0,1000.0,1000.0,1000.0,1000.0,1000.0,1000.0,1040.0,1157.0,1157.0,1040.0,1000.0,1000.0,1000.0,1000.0
9122388456,16,1000.0,1000.0,1000.0,1000.0,1000.0,1000.0,1000.0,1000.0,1040.0,1157.0,1157.0,1040.0,1000.0,1000.0,1000.0,1000.0
9122488454,16,1000.0,1000.0,1000.0,1000.0,1000.0,1000.0,1000.0,1000.0,1040.0,1157.0,1157.0,1040.0,1000.0,1000.0,1000.0,1000.0
9122588453,16,1000.0,1000.0,1000.0,1000.0,1000.0,1000.0,1000.0,1000.0,1040.0,1157.0,1157.0,1040.0,1000.0,1000.0,1000.0,1000.0
9122688450,16,1000.0,1000.0,1000.0,1000.0,1000.0,1000.0,1000.0,1000.0,1040.0,1157.0,1157.0,1040.0,1000.0,1000.0,1000.0,1000.0
9122788448,16,1000.0,1000.0,1000.0,1000.0,1000.0,1000.0,1000.0,1000.0,1100.0,1058.0,1110.0,1134.0,1000.0,1000.0,1000.0,1000.0
9122888457,16,1000.0,1000.0,1000.0,1000.0,1000.0,1000.0,1000.0,1000.0,1157.0,1040.0,1040.0,1157.0,1000.0,1000.0,1000.0,1000.0
9122988474,16,1000.0,1000.0,1000.0,1000.0,1000.0,1000.0,1000.0,1000.0,1040.0,1157.0,1157.0,1040.0,1000.0,1000.0,1000.0,1000.0
9123088453,16,1000.0,1000.0,1000.0,1000.0,1000.0,1000.0,1000.0,1000.0,1157.0,1138.0,1040.0,1062.0,1000.0,1000.0,1000.0,1000.0
9123188453,16,1000.0,1000.0,1000.0,1000.0,1000.0,1000.0,1000.0,1000.0,1157.0,1044.0,1040.0,1154.0,1000.0,1000.0,1000.0,1000.0
9123288511,16,1000.0,1000.0,1000.0,1000.0,1000.0,1000.0,1000.0,1000.0,1157.0,1065.0,1040.0,1136.0,1000.0,1000.0,1000.0,1000.0
9123388450,16,1000.0,1000.0,1000.0,1000.0,1000.0,1000.0,1000.0,1000.0,1157.0,1143.0,1040.0,1057.0,1000.0,1000.0,1000.0,1000.0
9123488464,16,1000.0,1000.0,1000.0,1000.0,1000.0,1000.0,1000.0,1000.0,1157.0,1139.0,1040.0,1061.0,1000.0,1000.0,1000.0,1000.0
9123588447,16,1000.0,1000.0,1000.0,1000.0,1000.0,1000.0,1000.0,1000.0,1040.0,1086.0,1157.0,1116.0,1000.0,1000.0,1000.0,1000.0
9123688558,16,1000.0,1000.0,1000.0,1000.0,1000.0,1000.0,1000.0,1000.0,1118.0,1143.0,1047.0,1092.0,1000.0,1000.0,1000.0,1000.0
9123788455,16,1000.0,1000.0,1000.0,1000.0,1000.0,1000.0,1000.0,1000.0,1040.0,1136.0,1157.0,1064.0,1000.0,1000.0,1000.0,1000.0
9123888477,16,1000.0,1000.0,1000.0,1000.0,1000.0,1000.0,1000.0,1000.0,1126.0,1116.0,1080.0,1082.0,1000.0,1000.0,1000.0,1000.0
9123988530,16,1000.0,1000.0,1000.0,1000.0,1000.0,1000.0,1000.0,1000.0,1102.0,1074.0,1098.0,1130.0,1000.0,1000.0,1000.0,1000.0
9124088489,16,1000.0,1000.0,1000.0,1000.0,1000.0,1000.0,1000.0,1000.0,1157.0,1040.0,1040.0,1157.0,1000.0,1000.0,1000.0,1000.0
9124188464,16,1000.0,1000.0,1000.0,1000.0,1000.0,1000.0,1000.0,1000.0,1146.0,1104.0,1057.0,1094.0,1000.0,1000.0,1000.0,1000.0
9124288458,16,1000.0,1000.0,1000.0,1000.0,1000.0,1000.0,1000.0,1000.0,1157.0,1070.0,1040.0,1131.0,1000.0,1000.0,1000.0,1000.0
9124388480,16,1000.0,1000.0,1000.0,1000.0,1000.0,1000.0,1000.0,1000.0,1160.0,1074.0,1043.0,1122.0,1000.0,1000.0,1000.0,1000.0
9124488451,16,1000.0,1000.0,1000.0,1000.0,1000.0,1000.0,1000.0,1000.0,1114.0,1121.0,1090.0,1078.0,1000.0,1000.0,1000.0,1000.0
9124588471,16,1000.0,1000.0,1000.0,1000.0,1000.0,1000.0,1000.0,1000.0,1040.0,1142.0,1128.0,1090.0,1000.0,1000.0,1000.0,1000.0
9124688450,16,1000.0,1000.0,1000.0,1000.0,1000.0,1000.0,1000.0,1000.0,1040.0,1139.0,1157.0,1061.0,1000.0,1000.0,1000.0,1000.0
9124788449,16,1000.0,1000.0,1000.0,1000.0,1000.0,1000.0,1000.0,1000.0,1040.0,1157.0,1157.0,1040.0,1000.0,1000.0,1000.0,1000.0
9124888452,16,1000.0,1000.0,1000.0,1000.0,1000.0,1000.0,1000.0,1000.0,1041.0,1157.0,1158.0,1040.0,1000.0,1000.0,1000.0,1000.0
9124988454,16,1000.0,1000.0,1000.0,1000.0,1000.0,1000.0,1000.0,1000.0,1040.0,1157.0,1157.0,1040.0,1000.0,1000.0,1000.0,1000.0
9125088461,16,1000.0,1000.0,1000.0,1000.0,1000.0,1000.0,1000.0,1000.0,1067.0,1043.0,1159.0,1129.0,1000.0,1000.0,1000.0,1000.0
9125188463,16,1000.0,1000.0,1000.0,1000.0,1000.0,1000.0,1000.0,1000.0,1151.0,1042.0,1063.0,1142.0,1000.0,1000.0,1000.0,1000.0
9125288481,16,1000.0,1000.0,1000.0,1000.0,1000.0,1000.0,1000.0,1000.0,1157.0,1058.0,1040.0,1142.0,1000.0,1000.0,1000.0,1000.0
9125388527,16,1000.0,1000.0,1000.0,1000.0,1000.0,1000.0,1000.0,1000.0,1157.0,1040.0,1040.0,1157.0,1000.0,1000.0,1000.0,1000.0
9125488451,16,1000.0,1000.0,1000.0,1000.0,1000.0,1000.0,1000.0,1000.0,1092.0,1116.0,1040.0,1152.0,1000.0,1000.0,1000.0,1000.0
9125588458,16,1000.0,1000.0,1000.0,1000.0,1000.0,1000.0,1000.0,1000.0,1125.0,1107.0,1040.0,1130.0,1000.0,1000.0,1000.0,1000.0
9125688505,16,1000.0,1000.0,1000.0,1000.0,1000.0,1000.0,1000.0,1000.0,1049.0,1140.0,1165.0,1043.0,1000.0,1000.0,1000.0,1000.0
9125788447,16,1000.0,1000.0,1000.0,1000.0,1000.0,1000.0,1000.0,1000.0,1064.0,1040.0,1178.0,1115.0,1000.0,1000.0,1000.0,1000.0
9125888453,16,1000.0,1000.0,1000.0,1000.0,1000.0,1000.0,1000.0,1000.0,1065.0,1112.0,1179.0,1040.0,1000.0,1000.0,1000.0,1000.0
9125988453,16,1000.0,1000.0,1000.0,1000.0,1000.0,1000.0,1000.0,1000.0,1052.0,1040.0,1167.0,1137.0,1000.0,1000.0,1000.0,1000.0
9126088457,16,1000.0,1000.0,1000.0,1000.0,1000.0,1000.0,1000.0,1000.0,1082.0,1073.0,1152.0,1095.0,1000.0,1000.0,1000.0,1000.0
9126188455,16,1000.0,1000.0,1000.0,1000.0,1000.0,1000.0,1000.0,1000.0,1040.0,1150.0,1157.0,1048.0,1000.0,1000.0,1000.0,1000.0
9126288453,16,1000.0,1000.0,1000.0,1000.0,1000.0,1000.0,1000.0,1000.0,1096.0,1149.0,1092.0,1065.0,1000.0,1000.0,1000.0,1000.0
9126388459,16,1000.0,1000.0,1000.0,1000.0,1000.0,1000.0,1000.0,1000.0,1081.0,1174.0,1084.0,1060.0,1000.0,1000.0,1000.0,1000.0
9126488461,16,1000.0,1000.0,1000.0,1000.0,1000.0,1000.0,1000.0,1000.0,1117.0,1165.0,1067.0,1049.0,1000.0,1000.0,1000.0,1000.0
9126588503,16,1000.0,1000.0,1000.0,1000.0,1000.0,1000.0,1000.0,1000.0,1156.0,1158.0,1040.0,1041.0,1000.0,1000.0,1000.0,1000.0
9126688448,16,1000.0,1000.0,1000.0,1000.0,1000.0,1000.0,1000.0,1000.0,1162.0,1119.0,1045.0,1074.0,1000.0,1000.0,1000.0,1000.0
9126788465,16,1000.0,1000.0,1000.0,1000.0,1000.0,1000.0,1000.0,1000.0,1148.0,1157.0,1051.0,1040.0,1000.0,1000.0,1000.0,1000.0
9126888460,16,1000.0,1000.0,1000.0,1000.0,1000.0,1000.0,1000.0,1000.0,1149.0,1157.0,1050.0,1040.0,1000.0,1000.0,1000.0,1000.0
9126988503,16,1000.0,1000.0,1000.0,1000.0,1000.0,1000.0,1000.0,1000.0,1069.0,1048.0,1117.0,1164.0,1000.0,1000.0,1000.0,1000.0
9127088451,16,1000.0,1000.0,1000.0,1000.0,1000.0,1000.0,1000.0,1000.0,1040.0,1092.0,1157.0,1110.0,1000.0,1000.0,1000.0,1000.0
9127188444,16,1000.0,1000.0,1000.0,1000.0,1000.0,1000.0,1000.0,1000.0,1051.0,1071.0,1166.0,1111.0,1000.0,1000.0,1000.0,1000.0
9127288452,16,1000.0,1000.0,1000.0,1000.0,1000.0,1000.0,1000.0,1000.0,1040.0,1130.0,1157.0,1072.0,1000.0,1000.0,1000.0,1000.0
9127388455,16,1000.0,1000.0,1000.0,1000.0,1000.0,1000.0,1000.0,1000.0,1040.0,1126.0,1157.0,1076.0,1000.0,1000.0,1000.0,1000.0
9127488490,16,1000.0,1000.0,1000.0,1000.0,1000.0,1000.0,1000.0,1000.0,1040.0,1122.0,1157.0,1080.0,1000.0,1000.0,1000.0,1000.0
9127588518,16,1000.0,1000.0,1000.0,1000.0,1000.0,1000.0,1000.0,1000.0,1040.0,1101.0,1157.0,1102.0,1000.0,1000.0,1000.0,1000.0
9127688464,16,1000.0,1000.0,1000.0,1000.0,1000.0,1000.0,1000.0,1000.0,1040.0,1082.0,1157.0,1120.0,1000.0,1000.0,1000.0,1000.0
9127788446,16,1000.0,1000.0,1000.0,1000.0,1000.0,1000.0,1000.0,1000.0,1043.0,1068.0,1160.0,1127.0,1000.0,1000.0,1000.0,1000.0
9127888484,16,1000.0,1000.0,1000.0,1000.0,1000.0,1000.0,1000.0,1000.0,1040.0,1114.0,1157.0,1088.0,1000.0,1000.0,1000.0,1000.0
9127988450,16,1000.0,1000.0,1000.0,1000.0,1000.0,1000.0,1000.0,1000.0,1040.0,1080.0,1157.0,1122.0,1000.0,1000.0,1000.0,1000.0
9128088452,16,1000.0,1000.0,1000.0,1000.0,1000.0,1000.0,1000.0,1000.0,1040.0,1109.0,1157.0,1093.0,1000.0,1000.0,1000.0,1000.0
9128188451,16,1000.0,1000.0,1000.0,1000.0,1000.0,1000.0,1000.0,1000.0,1040.0,1091.0,1157.0,1111.0,1000.0,1000.0,1000.0,1000.0
9128288456,16,1000.0,1000.0,1000.0,1000.0,1000.0,1000.0,1000.0,1000.0,1040.0,1122.0,1157.0,1079.0,1000.0,1000.0,1000.0,1000.0
9128388461,16,1000.0,1000.0,1000.0,1000.0,1000.0,1000.0,1000.0,1000.0,1056.0,1147.0,1126.0,1072.0,1000.0,1000.0,1000.0,1000.0
9128488465,16,1000.0,1000.0,1000.0,1000.0,1000.0,1000.0,1000.0,1000.0,1064.0,1086.0,1135.0,1117.0,1000.0,1000.0,1000.0,1000.0
9128588453,16,1000.0,1000.0,1000.0,1000.0,1000.0,1000.0,1000.0,1000.0,1097.0,1096.0,1124.0,1087.0,1000.0,1000.0,1000.0,1000.0
9128688452,16,1000.0,1000.0,1000.0,1000.0,1000.0,1000.0,1000.0,1000.0,1140.0,1150.0,1069.0,1040.0,1000.0,1000.0,1000.0,1000.0
9128788448,16,1000.0,1000.0,1000.0,1000.0,1000.0,1000.0,1000.0,1000.0,1167.0,1131.0,1051.0,1049.0,1000.0,1000.0,1000.0,1000.0
9128888466,16,1000.0,1000.0,1000.0,1000.0,1000.0,1000.0,1000.0,1000.0,1105.0,1157.0,1097.0,1040.0,1000.0,1000.0,1000.0,1000.0
9128988460,16,1000.0,1000.0,1000.0,1000.0,1000.0,1000.0,1000.0,1000.0,1090.0,1157.0,1112.0,1040.0,1000.0,1000.0,1000.0,1000.0
9129088461,16,1000.0,1000.0,1000.0,1000.0,1000.0,1000.0,1000.0,1000.0,1080.0,1157.0,1121.0,1040.0,1000.0,1000.0,1000.0,1000.0
9129188448,16,1000.0,1000.0,1000.0,1000.0,1000.0,1000.0,1000.0,1000.0,1097.0,1157.0,1105.0,1040.0,1000.0,1000.0,1000.0,1000.0
9129288460,16,1000.0,1000.0,1000.0,1000.0,1000.0,1000.0,1000.0,1000.0,1123.0,1157.0,1078.0,1040.0,1000.0,1000.0,1000.0,1000.0
9129388458,16,1000.0,1000.0,1000.0,1000.0,1000.0,1000.0,1000.0,1000.0,1135.0,1157.0,1065.0,1040.0,1000.0,1000.0,1000.0,1000.0
9129488456,16,1000.0,1000.0,1000.0,1000.0,1000.0,1000.0,1000.0,1000.0,1121.0,1157.0,1081.0,1040.0,1000.0,1000.0,1000.0,1000.0
9129588474,16,1000.0,1000.0,1000.0,1000.0,1000.0,1000.0,1000.0,1000.0,1121.0,1157.0,1081.0,1040.0,1000.0,1000.0,1000.0,1000.0
9129688450,16,1000.0,1000.0,1000.0,1000.0,1000.0,1000.0,1000.0,1000.0,1166.0,1138.0,1050.0,1043.0,1000.0,1000.0,1000.0,1000.0
9129788452,16,1000.0,1000.0,1000.0,1000.0,1000.0,1000.0,1000.0,1000.0,1151.0,1157.0,1047.0,1040.0,1000.0,1000.0,1000.0,1000.0
9129888471,16,1000.0,1000.0,1000.0,1000.0,1000.0,1000.0,1000.0,1000.0,1157.0,1075.0,1040.0,1127.0,1000.0,1000.0,1000.0,1000.0
9129988521,16,1000.0,1000.0,1000.0,1000.0,1000.0,1000.0,1000.0,1000.0,1154.0,1105.0,1040.0,1101.0,1000.0,1000.0,1000.0,1000.0
9130088453,16,1000.0,1000.0,1000.0,1000.0,1000.0,1000.0,1000.0,1000.0,1157.0,1083.0,1040.0,1119.0,1000.0,1000.0,1000.0,1000.0
9130188462,16,1000.0,1000.0,1000.0,1000.0,1000.0,1000.0,1000.0,1000.0,1159.0,1087.0,1042.0,1111.0,1000.0,1000.0,1000.0,1000.0
9130288503,16,1000.0,1000.0,1000.0,1000.0,1000.0,1000.0,1000.0,1000.0,1159.0,1117.0,1042.0,1081.0,1000.0,1000.0,1000.0,1000.0
9130388451,16,1000.0,1000.0,1000.0,1000.0,1000.0,1000.0,1000.0,1000.0,1143.0,1063.0,1050.0,1143.0,1000.0,1000.0,1000.0,1000.0
9130488525,16,1000.0,1000.0,1000.0,1000.0,1000.0,1000.0,1000.0,1000.0,1040.0,1157.0,1157.0,1040.0,1000.0,1000.0,1000.0,1000.0
9130588518,16,1000.0,1000.0,1000.0,1000.0,1000.0,1000.0,1000.0,1000.0,1040.0,1157.0,1157.0,1040.0,1000.0,1000.0,1000.0,1000.0
9130688456,16,1000.0,1000.0,1000.0,1000.0,1000.0,1000.0,1000.0,1000.0,1040.0,1157.0,1157.0,1040.0,1000.0,1000.0,1000.0,1000.0
9130788490,16,1000.0,1000.0,1000.0,1000.0,1000.0,1000.0,1000.0,1000.0,1079.0,1157.0,1123.0,1040.0,1000.0,1000.0,1000.0,1000.0
9130888454,16,1000.0,1000.0,1000.0,1000.0,1000.0,1000.0,1000.0,1000.0,1040.0,1157.0,1157.0,1040.0,1000.0,1000.0,1000.0,1000.0
9130988449,16,1000.0,1000.0,1000.0,1000.0,1000.0,1000.0,1000.0,1000.0,1070.0,1144.0,1130.0,1057.0,1000.0,1000.0,1000.0,1000.0
9131088451,16,1000.0,1000.0,1000.0,1000.0,1000.0,1000.0,1000.0,1000.0,1096.0,1124.0,1109.0,1074.0,1000.0,1000.0,1000.0,1000.0
9131188449,16,1000.0,1000.0,1000.0,1000.0,1000.0,1000.0,1000.0,1000.0,1157.0,1040.0,1040.0,1157.0,1000.0,1000.0,1000.0,1000.0
9131288451,16,1000.0,1000.0,1000.0,1000.0,1000.0,1000.0,1000.0,1000.0,1113.0,1127.0,1084.0,1079.0,1000.0,1000.0,1000.0,1000.0
9131388461,16,1000.0,1000.0,1000.0,1000.0,1000.0,1000.0,1000.0,1000.0,1119.0,1087.0,1062.0,1134.0,1000.0,1000.0,1000.0,1000.0
9131488448,16,1000.0,1000.0,1000.0,1000.0,1000.0,1000.0,1000.0,1000.0,1124.0,1131.0,1064.0,1084.0,1000.0,1000.0,1000.0,1000.0
9131588450,16,1000.0,1000.0,1000.0,1000.0,1000.0,1000.0,1000.0,1000.0,1147.0,1146.0,1040.0,1066.0,1000.0,1000.0,1000.0,1000.0
9131688547,16,1000.0,1000.0,1000.0,1000.0,1000.0,1000.0,1000.0,1000.0,1108.0,1088.0,1156.0,1049.0,1000.0,1000.0,1000.0,1000.0
9131788454,16,1000.0,1000.0,1000.0,1000.0,1000.0,1000.0,1000.0,1000.0,1125.0,1121.0,1040.0,1116.0,1000.0,1000.0,1000.0,1000.0
9131888460,16,1000.0,1000.0,1000.0,1000.0,1000.0,1000.0,1000.0,1000.0,1089.0,1147.0,1116.0,1049.0,1000.0,1000.0,1000.0,1000.0
9131988454,16,1000.0,1000.0,1000.0,1000.0,1000.0,1000.0,1000.0,1000.0,1151.0,1100.0,1080.0,1071.0,1000.0,1000.0,1000.0,1000.0
9132088455,16,1000.0,1000.0,1000.0,1000.0,1000.0,1000.0,1000.0,1000.0,1157.0,1069.0,1040.0,1132.0,1000.0,1000.0,1000.0,1000.0
9132188460,16,1000.0,1000.0,1000.0,1000.0,1000.0,1000.0,1000.0,1000.0,1040.0,1157.0,1157.0,1040.0,1000.0,1000.0,1000.0,1000.0
9132288454,16,1000.0,1000.0,1000.0,1000.0,1000.0,1000.0,1000.0,1000.0,1166.0,1140.0,1050.0,1040.0,1000.0,1000.0,1000.0,1000.0
9132388456,16,1000.0,1000.0,1000.0,1000.0,1000.0,1000.0,1000.0,1000.0,1157.0,1053.0,1040.0,1146.0,1000.0,1000.0,1000.0,1000.0
9132488453,16,1000.0,1000.0,1000.0,1000.0,1000.0,1000.0,1000.0,1000.0,1072.0,1157.0,1129.0,1040.0,1000.0,1000.0,1000.0,1000.0
9132588467,16,1000.0,1000.0,1000.0,1000.0,1000.0,1000.0,1000.0,1000.0,1109.0,1134.0,1118.0,1040.0,1000.0,1000.0,1000.0,1000.0
9132688573,16,1000.0,1000.0,1000.0,1000.0,1000.0,1000.0,1000.0,1000.0,1095.0,1096.0,1060.0,1150.0,1000.0,1000.0,1000.0,1000.0
9132788462,16,1000.0,1000.0,1000.0,1000.0,1000.0,1000.0,1000.0,1000.0,1109.0,1057.0,1124.0,1113.0,1000.0,1000.0,1000.0,1000.0
9132888682,16,1000.0,1000.0,1000.0,1000.0,1000.0,1000.0,1000.0,1000.0,1123.0,1060.0,1040.0,1174.0,1000.0,1000.0,1000.0,1000.0
9132988478,16,1000.0,1000.0,1000.0,1000.0,1000.0,1000.0,1000.0,1000.0,1044.0,1131.0,1161.0,1063.0,1000.0,1000.0,1000.0,1000.0
9133088466,16,1000.0,1000.0,1000.0,1000.0,1000.0,1000.0,1000.0,1000.0,1101.0,1076.0,1115.0,1112.0,1000.0,1000.0,1000.0,1000.0
9133188452,16,1000.0,1000.0,1000.0,1000.0,1000.0,1000.0,1000.0,1000.0,1062.0,1065.0,1139.0,1134.0,1000.0,1000.0,1000.0,1000.0
9133288456,16,1000.0,1000.0,1000.0,1000.0,1000.0,1000.0,1000.0,1000.0,1040.0,1157.0,1157.0,1040.0,1000.0,1000.0,1000.0,1000.0
9133388453,16,1000.0,1000.0,1000.0,1000.0,1000.0,1000.0,1000.0,1000.0,1040.0,1157.0,1157.0,1040.0,1000.0,1000.0,1000.0,1000.0
9133488456,16,1000.0,1000.0,1000.0,1000.0,1000.0,1000.0,1000.0,1000.0,1040.0,1157.0,1157.0,1040.0,1000.0,1000.0,1000.0,1000.0
9133588454,16,1000.0,1000.0,1000.0,1000.0,1000.0,1000.0,1000.0,1000.0,1054.0,1105.0,1112.0,1131.0,1000.0,1000.0,1000.0,1000.0
9133688447,16,1000.0,1000.0,1000.0,1000.0,1000.0,1000.0,1000.0,1000.0,1044.0,1095.0,1161.0,1099.0,1000.0,1000.0,1000.0,1000.0
9133788448,16,1000.0,1000.0,1000.0,1000.0,1000.0,1000.0,1000.0,1000.0,1040.0,1157.0,1157.0,1040.0,1000.0,1000.0,1000.0,1000.0
9133888461,16,1000.0,1000.0,1000.0,1000.0,1000.0,1000.0,1000.0,1000.0,1040.0,1153.0,1125.0,1081.0,1000.0,1000.0,1000.0,1000.0
9133988452,16,1000.0,1000.0,1000.0,1000.0,1000.0,1000.0,1000.0,1000.0,1040.0,1157.0,1157.0,1040.0,1000.0,1000.0,1000.0,1000.0
9134088452,16,1000.0,1000.0,1000.0,1000.0,1000.0,1000.0,1000.0,1000.0,1040.0,1157.0,1157.0,1040.0,1000.0,1000.0,1000.0,1000.0
9134188447,16,1000.0,1000.0,1000.0,1000.0,1000.0,1000.0,1000.0,1000.0,1157.0,1040.0,1040.0,1157.0,1000.0,1000.0,1000.0,1000.0
9134288446,16,1000.0,1000.0,1000.0,1000.0,1000.0,1000.0,1000.0,1000.0,1157.0,1040.0,1040.0,1157.0,1000.0,1000.0,1000.0,1000.0
9134388458,16,1000.0,1000.0,1000.0,1000.0,1000.0,1000.0,1000.0,1000.0,1040.0,1157.0,1157.0,1040.0,1000.0,1000.0,1000.0,1000.0
9134488452,16,1000.0,1000.0,1000.0,1000.0,1000.0,1000.0,1000.0,1000.0,1157.0,1040.0,1040.0,1157.0,1000.0,1000.0,1000.0,1000.0
9134588458,16,1000.0,1000.0,1000.0,1000.0,1000.0,1000.0,1000.0,1000.0,1061.0,1091.0,1159.0,1090.0,1000.0,1000.0,1000.0,1000.0
9134688452,16,1000.0,1000.0,1000.0,1000.0,1000.0,1000.0,1000.0,1000.0,1106.0,1040.0,1096.0,1157.0,1000.0,1000.0,1000.0,1000.0
9134788449,16,1000.0,1000.0,1000.0,1000.0,1000.0,1000.0,1000.0,1000.0,1040.0,1157.0,1158.0,1040.0,1000.0,1000.0,1000.0,1000.0
9134888448,16,1000.0,1000.0,1000.0,1000.0,1000.0,1000.0,1000.0,1000.0,1040.0,1157.0,1157.0,1040.0,1000.0,1000.0,1000.0,1000.0
9134988461,16,1000.0,1000.0,1000.0,1000.0,1000.0,1000.0,1000.0,1000.0,1157.0,1040.0,1040.0,1157.0,1000.0,1000.0,1000.0,1000.0
9135088454,16,1000.0,1000.0,1000.0,1000.0,1000.0,1000.0,1000.0,1000.0,1099.0,1147.0,1070.0,1086.0,1000.0,1000.0,1000.0,1000.0
9135188454,16,1000.0,1000.0,1000.0,1000.0,1000.0,1000.0,1000.0,1000.0,1090.0,1150.0,1112.0,1049.0,1000.0,1000.0,1000.0,1000.0
9135288452,16,1000.0,1000.0,1000.0,1000.0,1000.0,1000.0,1000.0,1000.0,1157.0,1040.0,1040.0,1157.0,1000.0,1000.0,1000.0,1000.0
9135388449,16,1000.0,1000.0,1000.0,1000.0,1000.0,1000.0,1000.0,1000.0,1116.0,1115.0,1079.0,1093.0,1000.0,1000.0,1000.0,1000.0
9135488458,16,1000.0,1000.0,1000.0,1000.0,1000.0,1000.0,1000.0,1000.0,1097.0,1165.0,1065.0,1073.0,1000.0,1000.0,1000.0,1000.0
9135588449,16,1000.0,1000.0,1000.0,1000.0,1000.0,1000.0,1000.0,1000.0,1130.0,1132.0,1086.0,1053.0,1000.0,1000.0,1000.0,1000.0
9135688454,16,1000.0,1000.0,1000.0,1000.0,1000.0,1000.0,1000.0,1000.0,1132.0,1125.0,1064.0,1083.0,1000.0,1000.0,1000.0,1000.0
9135788454,16,1000.0,1000.0,1000.0,1000.0,1000.0,1000.0,1000.0,1000.0,1089.0,1168.0,1040.0,1101.0,1000.0,1000.0,1000.0,1000.0
9135888454,16,1000.0,1000.0,1000.0,1000.0,1000.0,1000.0,1000.0,1000.0,1110.0,1150.0,1053.0,1089.0,1000.0,1000.0,1000.0,1000.0
9135988457,16,1000.0,1000.0,1000.0,1000.0,1000.0,1000.0,1000.0,1000.0,1125.0,1134.0,1065.0,1078.0,1000.0,1000.0,1000.0,1000.0
9136088459,16,1000.0,1000.0,1000.0,1000.0,1000.0,1000.0,1000.0,1000.0,1098.0,1143.0,1040.0,1119.0,1000.0,1000.0,1000.0,1000.0
9136188521,16,1000.0,1000.0,1000.0,1000.0,1000.0,1000.0,1000.0,1000.0,1102.0,1157.0,1100.0,1040.0,1000.0,1000.0,1000.0,1000.0
9136288531,16,1000.0,1000.0,1000.0,1000.0,1000.0,1000.0,1000.0,1000.0,1154.0,1093.0,1101.0,1053.0,1000.0,1000.0,1000.0,1000.0
9136388459,16,1000.0,1000.0,1000.0,1000.0,1000.0,1000.0,1000.0,1000.0,1129.0,1129.0,1058.0,1087.0,1000.0,1000.0,1000.0,1000.0
9136488492,16,1000.0,1000.0,1000.0,1000.0,1000.0,1000.0,1000.0,1000.0,1131.0,1147.0,1059.0,1063.0,1000.0,1000.0,1000.0,1000.0
9136588511,16,1000.0,1000.0,1000.0,1000.0,1000.0,1000.0,1000.0,1000.0,1150.0,1107.0,1074.0,1070.0,1000.0,1000.0,1000.0,1000.0
9136688538,16,1000.0,1000.0,1000.0,1000.0,1000.0,1000.0,1000.0,1000.0,1121.0,1151.0,1040.0,1087.0,1000.0,1000.0,1000.0,1000.0
9136788448,16,1000.0,1000.0,1000.0,1000.0,1000.0,1000.0,1000.0,1000.0,1147.0,1131.0,1072.0,1050.0,1000.0,1000.0,1000.0,1000.0
9136888513,16,1000.0,1000.0,1000.0,1000.0,1000.0,1000.0,1000.0,1000.0,1145.0,1060.0,1070.0,1126.0,1000.0,1000.0,1000.0,1000.0
9136988556,16,1000.0,1000.0,1000.0,1000.0,1000.0,1000.0,1000.0,1000.0,1122.0,1160.0,1040.0,1075.0,1000.0,1000.0,1000.0,1000.0
9137088461,16,1000.0,1000.0,1000.0,1000.0,1000.0,1000.0,1000.0,1000.0,1139.0,1137.0,1067.0,1040.0,1000.0,1000.0,1000.0,1000.0
9137188446,16,1000.0,1000.0,1000.0,1000.0,1000.0,1000.0,1000.0,1000.0,1122.0,1144.0,1040.0,1062.0,1000.0,1000.0,1000.0,1000.0
9137288453,16,1000.0,1000.0,1000.0,1000.0,1000.0,1000.0,1000.0,1000.0,1171.0,1049.0,1091.0,1040.0,1000.0,1000.0,1000.0,1000.0
9137388448,16,1000.0,1000.0,1000.0,1000.0,1000.0,1000.0,1000.0,1000.0,1101.0,1143.0,1040.0,1056.0,1000.0,1000.0,1000.0,1000.0
9137488448,16,1000.0,1000.0,1000.0,1000.0,1000.0,1000.0,1000.0,1000.0,1123.0,1110.0,1041.0,1051.0,1000.0,1000.0,1000.0,1000.0
9137588462,16,1000.0,1000.0,1000.0,1000.0,1000.0,1000.0,1000.0,1000.0,1069.0,1115.0,1088.0,1040.0,1000.0,1000.0,1000.0,1000.0
9137688450,16,1000.0,1000.0,1000.0,1000.0,1000.0,1000.0,1000.0,1000.0,1080.0,1114.0,1054.0,1048.0,1000.0,1000.0,1000.0,1000.0
9137788519,16,1000.0,1000.0,1000.0,1000.0,1000.0,1000.0,1000.0,1000.0,1040.0,1103.0,1103.0,1040.0,1000.0,1000.0,1000.0,1000.0
9137888452,16,1000.0,1000.0,1000.0,1000.0,1000.0,1000.0,1000.0,1000.0,1107.0,1040.0,1047.0,1108.0,1000.0,1000.0,1000.0,1000.0
9137988459,16,1000.0,1000.0,1000.0,1000.0,1000.0,1000.0,1000.0,1000.0,1117.0,1106.0,1043.0,1051.0,1000.0,1000.0,1000.0,1000.0
9138088453,16,1000.0,1000.0,1000.0,1000.0,1000.0,1000.0,1000.0,1000.0,1118.0,1097.0,1040.0,1077.0,1000.0,1000.0,1000.0,1000.0
9138188451,16,1000.0,1000.0,1000.0,1000.0,1000.0,1000.0,1000.0,1000.0,1065.0,1132.0,1109.0,1040.0,1000.0,1000.0,1000.0,1000.0
9138288546,16,1000.0,1000.0,1000.0,1000.0,1000.0,1000.0,1000.0,1000.0,1040.0,1139.0,1139.0,1040.0,1000.0,1000.0,1000.0,1000.0
9138388459,16,1000.0,1000.0,1000.0,1000.0,1000.0,1000.0,1000.0,1000.0,1102.0,1130.0,1065.0,1081.0,1000.0,1000.0,1000.0,1000.0
9138488452,16,1000.0,1000.0,1000.0,1000.0,1000.0,1000.0,1000.0,1000.0,1127.0,1101.0,1057.0,1108.0,1000.0,1000.0,1000.0,1000.0
9138588454,16,1000.0,1000.0,1000.0,1000.0,1000.0,1000.0,1000.0,1000.0,1125.0,1123.0,1057.0,1097.0,1000.0,1000.0,1000.0,1000.0
9138688497,16,1000.0,1000.0,1000.0,1000.0,1000.0,1000.0,1000.0,1000.0,1157.0,1040.0,1040.0,1157.0,1000.0,1000.0,1000.0,1000.0
9138788453,16,1000.0,1000.0,1000.0,1000.0,1000.0,1000.0,1000.0,1000.0,1040.0,1183.0,1103.0,1070.0,1000.0,1000.0,1000.0,1000.0
9138888482,16,1000.0,1000.0,1000.0,1000.0,1000.0,1000.0,1000.0,1000.0,1157.0,1040.0,1040.0,1157.0,1000.0,1000.0,1000.0,1000.0
9138988448,16,1000.0,1000.0,1000.0,1000.0,1000.0,1000.0,1000.0,1000.0,1116.0,1099.0,1045.0,1142.0,1000.0,1000.0,1000.0,1000.0
9139088454,16,1000.0,1000.0,1000.0,1000.0,1000.0,1000.0,1000.0,1000.0,1134.0,1061.0,1081.0,1126.0,1000.0,1000.0,1000.0,1000.0
9139188455,16,1000.0,1000.0,1000.0,1000.0,1000.0,1000.0,1000.0,1000.0,1119.0,1080.0,1053.0,1148.0,1000.0,1000.0,1000.0,1000.0
9139288446,16,1000.0,1000.0,1000.0,1000.0,1000.0,1000.0,1000.0,1000.0,1157.0,1040.0,1040.0,1157.0,1000.0,1000.0,1000.0,1000.0
9139388511,16,1000.0,1000.0,1000.0,1000.0,1000.0,1000.0,1000.0,1000.0,1063.0,1171.0,1092.0,1073.0,1000.0,1000.0,1000.0,1000.0
9139488647,16,1000.0,1000.0,1000.0,1000.0,1000.0,1000.0,1000.0,1000.0,1143.0,1046.0,1044.0,1163.0,1000.0,1000.0,1000.0,1000.0
9139588459,16,1000.0,1000.0,1000.0,1000.0,1000.0,1000.0,1000.0,1000.0,1108.0,1089.0,1055.0,1149.0,1000.0,1000.0,1000.0,1000.0
9139688461,16,1000.0,1000.0,1000.0,1000.0,1000.0,1000.0,1000.0,1000.0,1049.0,1105.0,1149.0,1097.0,1000.0,1000.0,1000.0,1000.0
9139788450,16,1000.0,1000.0,1000.0,1000.0,1000.0,1000.0,1000.0,1000.0,1141.0,1050.0,1040.0,1166.0,1000.0,1000.0,1000.0,1000.0
9139888454,16,1000.0,1000.0,1000.0,1000.0,1000.0,1000.0,1000.0,1000.0,1040.0,1142.0,1157.0,1058.0,1000.0,1000.0,1000.0,1000.0
9139988459,16,1000.0,1000.0,1000.0,1000.0,1000.0,1000.0,1000.0,1000.0,1040.0,1157.0,1157.0,1040.0,1000.0,1000.0,1000.0,1000.0
9140088453,16,1000.0,1000.0,1000.0,1000.0,1000.0,1000.0,1000.0,1000.0,1157.0,1040.0,1040.0,1157.0,1000.0,1000.0,1000.0,1000.0
9140188466,16,1000.0,1000.0,1000.0,1000.0,1000.0,1000.0,1000.0,1000.0,1131.0,1097.0,1074.0,1101.0,1000.0,1000.0,1000.0,1000.0
9140288460,16,1000.0,1000.0,1000.0,1000.0,1000.0,1000.0,1000.0,1000.0,1155.0,1040.0,1043.0,1157.0,1000.0,1000.0,1000.0,1000.0
9140388464,16,1000.0,1000.0,1000.0,1000.0,1000.0,1000.0,1000.0,1000.0,1157.0,1040.0,1040.0,1157.0,1000.0,1000.0,1000.0,1000.0
9140488450,16,1000.0,1000.0,1000.0,1000.0,1000.0,1000.0,1000.0,1000.0,1061.0,1078.0,1127.0,1136.0,1000.0,1000.0,1000.0,1000.0
9140588462,16,1000.0,1000.0,1000.0,1000.0,1000.0,1000.0,1000.0,1000.0,1096.0,1052.0,1125.0,1130.0,1000.0,1000.0,1000.0,1000.0
9140688446,16,1000.0,1000.0,1000.0,1000.0,1000.0,1000.0,1000.0,1000.0,1040.0,1157.0,1157.0,1040.0,1000.0,1000.0,1000.0,1000.0
9140788463,16,1000.0,1000.0,1000.0,1000.0,1000.0,1000.0,1000.0,1000.0,1157.0,1040.0,1040.0,1157.0,1000.0,1000.0,1000.0,1000.0
9140888455,16,1000.0,1000.0,1000.0,1000.0,1000.0,1000.0,1000.0,1000.0,1157.0,1040.0,1040.0,1157.0,1000.0,1000.0,1000.0,1000.0
9140988452,16,1000.0,1000.0,1000.0,1000.0,1000.0,1000.0,1000.0,1000.0,1091.0,1105.0,1040.0,1164.0,1000.0,1000.0,1000.0,1000.0
9141088456,16,1000.0,1000.0,1000.0,1000.0,1000.0,1000.0,1000.0,1000.0,1040.0,1157.0,1157.0,1040.0,1000.0,1000.0,1000.0,1000.0
9141188511,16,1000.0,1000.0,1000.0,1000.0,1000.0,1000.0,1000.0,1000.0,1151.0,1044.0,1040.0,1161.0,1000.0,1000.0,1000.0,1000.0
9141288458,16,1000.0,1000.0,1000.0,1000.0,1000.0,1000.0,1000.0,1000.0,1130.0,1118.0,1040.0,1113.0,1000.0,1000.0,1000.0,1000.0
9141388453,16,1000.0,1000.0,1000.0,1000.0,1000.0,1000.0,1000.0,1000.0,1146.0,1125.0,1047.0,1082.0,1000.0,1000.0,1000.0,1000.0
9141488453,16,1000.0,1000.0,1000.0,1000.0,1000.0,1000.0,1000.0,1000.0,1140.0,1131.0,1050.0,1080.0,1000.0,1000.0,1000.0,1000.0
9141588449,16,1000.0,1000.0,1000.0,1000.0,1000.0,1000.0,1000.0,1000.0,1155.0,1040.0,1042.0,1157.0,1000.0,1000.0,1000.0,1000.0
9141688454,16,1000.0,1000.0,1000.0,1000.0,1000.0,1000.0,1000.0,1000.0,1191.0,1081.0,1084.0,1040.0,1000.0,1000.0,1000.0,1000.0
9141788440,16,1000.0,1000.0,1000.0,1000.0,1000.0,1000.0,1000.0,1000.0,1157.0,1098.0,1040.0,1104.0,1000.0,1000.0,1000.0,1000.0
9141888484,16,1000.0,1000.0,1000.0,1000.0,1000.0,1000.0,1000.0,1000.0,1176.0,1086.0,1072.0,1065.0,1000.0,1000.0,1000.0,1000.0
9141988458,16,1000.0,1000.0,1000.0,1000.0,1000.0,1000.0,1000.0,1000.0,1157.0,1040.0,1040.0,1157.0,1000.0,1000.0,1000.0,1000.0
9142088490,16,1000.0,1000.0,1000.0,1000.0,1000.0,1000.0,1000.0,1000.0,1042.0,1184.0,1099.0,1071.0,1000.0,1000.0,1000.0,1000.0
9142188484,16,1000.0,1000.0,1000.0,1000.0,1000.0,1000.0,1000.0,1000.0,1121.0,1114.0,1040.0,1126.0,1000.0,1000.0,1000.0,1000.0
9142288456,16,1000.0,1000.0,1000.0,1000.0,1000.0,1000.0,1000.0,1000.0,1157.0,1040.0,1040.0,1157.0,1000.0,1000.0,1000.0,1000.0
9142388453,16,1000.0,1000.0,1000.0,1000.0,1000.0,1000.0,1000.0,1000.0,1109.0,1165.0,1077.0,1048.0,1000.0,1000.0,1000.0,1000.0
9142488459,16,1000.0,1000.0,1000.0,1000.0,1000.0,1000.0,1000.0,1000.0,1157.0,1040.0,1040.0,1157.0,1000.0,1000.0,1000.0,1000.0
9142588466,16,1000.0,1000.0,1000.0,1000.0,1000.0,1000.0,1000.0,1000.0,1098.0,1157.0,1104.0,1040.0,1000.0,1000.0,1000.0,1000.0
9142688455,16,1000.0,1000.0,1000.0,1000.0,1000.0,1000.0,1000.0,1000.0,1146.0,1158.0,1040.0,1053.0,1000.0,1000.0,1000.0,1000.0
9142788451,16,1000.0,1000.0,1000.0,1000.0,1000.0,1000.0,1000.0,1000.0,1153.0,1087.0,1081.0,1081.0,1000.0,1000.0,1000.0,1000.0
9142888455,16,1000.0,1000.0,1000.0,1000.0,1000.0,1000.0,1000.0,1000.0,1137.0,1148.0,1040.0,1074.0,1000.0,1000.0,1000.0,1000.0
9142988497,16,1000.0,1000.0,1000.0,1000.0,1000.0,1000.0,1000.0,1000.0,1111.0,1169.0,1058.0,1062.0,1000.0,1000.0,1000.0,1000.0
9143088457,16,1000.0,1000.0,1000.0,1000.0,1000.0,1000.0,1000.0,1000.0,1157.0,1040.0,1040.0,1157.0,1000.0,1000.0,1000.0,1000.0
9143188474,16,1000.0,1000.0,1000.0,1000.0,1000.0,1000.0,1000.0,1000.0,1133.0,1160.0,1040.0,1065.0,1000.0,1000.0,1000.0,1000.0
9143288450,16,1000.0,1000.0,1000.0,1000.0,1000.0,1000.0,1000.0,1000.0,1164.0,1138.0,1051.0,1044.0,1000.0,1000.0,1000.0,1000.0
9143388461,16,1000.0,1000.0,1000.0,1000.0,1000.0,1000.0,1000.0,1000.0,1144.0,1157.0,1055.0,1040.0,1000.0,1000.0,1000.0,1000.0
9143488445,16,1000.0,1000.0,1000.0,1000.0,1000.0,1000.0,1000.0,1000.0,1101.0,1184.0,1040.0,1071.0,1000.0,1000.0,1000.0,1000.0
9143588464,16,1000.0,1000.0,1000.0,1000.0,1000.0,1000.0,1000.0,1000.0,1174.0,1113.0,1071.0,1040.0,1000.0,1000.0,1000.0,1000.0
9143688488,16,1000.0,1000.0,1000.0,1000.0,1000.0,1000.0,1000.0,1000.0,1157.0,1086.0,1040.0,1116.0,1000.0,1000.0,1000.0,1000.0
9143788518,16,1000.0,1000.0,1000.0,1000.0,1000.0,1000.0,1000.0,1000.0,1143.0,1157.0,1057.0,1040.0,1000.0,1000.0,1000.0,1000.0
9143888451,16,1000.0,1000.0,1000.0,1000.0,1000.0,1000.0,1000.0,1000.0,1157.0,1125.0,1040.0,1077.0,1000.0,1000.0,1000.0,1000.0
9143988446,16,1000.0,1000.0,1000.0,1000.0,1000.0,1000.0,1000.0,1000.0,1178.0,1052.0,1089.0,1080.0,1000.0,1000.0,1000.0,1000.0
9144088464,16,1000.0,1000.0,1000.0,1000.0,1000.0,1000.0,1000.0,1000.0,1040.0,1208.0,1046.0,1099.0,1000.0,1000.0,1000.0,1000.0
9144188451,16,1000.0,1000.0,1000.0,1000.0,1000.0,1000.0,1000.0,1000.0,1157.0,1040.0,1040.0,1157.0,1000.0,1000.0,1000.0,1000.0
9144288462,16,1000.0,1000.0,1000.0,1000.0,1000.0,1000.0,1000.0,1000.0,1089.0,1189.0,1040.0,1078.0,1000.0,1000.0,1000.0,1000.0
9144388445,16,1000.0,1000.0,1000.0,1000.0,1000.0,1000.0,1000.0,1000.0,1157.0,1040.0,1040.0,1157.0,1000.0,1000.0,1000.0,1000.0
9144488449,16,1000.0,1000.0,1000.0,1000.0,1000.0,1000.0,1000.0,1000.0,1157.0,1040.0,1040.0,1157.0,1000.0,1000.0,1000.0,1000.0
9144588472,16,1000.0,1000.0,1000.0,1000.0,1000.0,1000.0,1000.0,1000.0,1130.0,1158.0,1070.0,1040.0,1000.0,1000.0,1000.0,1000.0
9144688443,16,1000.0,1000.0,1000.0,1000.0,1000.0,1000.0,1000.0,1000.0,1157.0,1040.0,1040.0,1157.0,1000.0,1000.0,1000.0,1000.0
9144788451,16,1000.0,1000.0,1000.0,1000.0,1000.0,1000.0,1000.0,1000.0,1040.0,1157.0,1157.0,1040.0,1000.0,1000.0,1000.0,1000.0
9144888452,16,1000.0,1000.0,1000.0,1000.0,1000.0,1000.0,1000.0,1000.0,1148.0,1061.0,1040.0,1148.0,1000.0,1000.0,1000.0,1000.0
9144988452,16,1000.0,1000.0,1000.0,1000.0,1000.0,1000.0,1000.0,1000.0,1089.0,1179.0,1065.0,1066.0,1000.0,1000.0,1000.0,1000.0
9145088449,16,1000.0,1000.0,1000.0,1000.0,1000.0,1000.0,1000.0,1000.0,1157.0,1040.0,1040.0,1157.0,1000.0,1000.0,1000.0,1000.0
9145188453,16,1000.0,1000.0,1000.0,1000.0,1000.0,1000.0,1000.0,1000.0,1118.0,1157.0,1084.0,1040.0,1000.0,1000.0,1000.0,1000.0
9145288482,16,1000.0,1000.0,1000.0,1000.0,1000.0,1000.0,1000.0,1000.0,1157.0,1085.0,1040.0,1117.0,1000.0,1000.0,1000.0,1000.0
9145388527,16,1000.0,1000.0,1000.0,1000.0,1000.0,1000.0,1000.0,1000.0,1148.0,1118.0,1040.0,1094.0,1000.0,1000.0,1000.0,1000.0
9145488454,16,1000.0,1000.0,1000.0,1000.0,1000.0,1000.0,1000.0,1000.0,1145.0,1153.0,1040.0,1060.0,1000.0,1000.0,1000.0,1000.0
9145588457,16,1000.0,1000.0,1000.0,1000.0,1000.0,1000.0,1000.0,1000.0,1173.0,1077.0,1058.0,1092.0,1000.0,1000.0,1000.0,1000.0
9145688452,16,1000.0,1000.0,1000.0,1000.0,1000.0,1000.0,1000.0,1000.0,1072.0,1194.0,1046.0,1083.0,1000.0,1000.0,1000.0,1000.0
9145788464,16,1000.0,1000.0,1000.0,1000.0,1000.0,1000.0,1000.0,1000.0,1157.0,1040.0,1040.0,1157.0,1000.0,1000.0,1000.0,1000.0
9145888469,16,1000.0,1000.0,1000.0,1000.0,1000.0,1000.0,1000.0,1000.0,1157.0,1040.0,1040.0,1157.0,1000.0,1000.0,1000.0,1000.0
9145988449,16,1000.0,1000.0,1000.0,1000.0,1000.0,1000.0,1000.0,1000.0,1120.0,1131.0,1073.0,1078.0,1000.0,1000.0,1000.0,1000.0
9146088611,16,1000.0,1000.0,1000.0,1000.0,1000.0,1000.0,1000.0,1000.0,1157.0,1040.0,1040.0,1157.0,1000.0,1000.0,1000.0,1000.0
9146188447,16,1000.0,1000.0,1000.0,1000.0,1000.0,1000.0,1000.0,1000.0,1040.0,1157.0,1157.0,1040.0,1000.0,1000.0,1000.0,1000.0
9146288451,16,1000.0,1000.0,1000.0,1000.0,1000.0,1000.0,1000.0,1000.0,1062.0,1157.0,1138.0,1040.0,1000.0,1000.0,1000.0,1000.0
9146388466,16,1000.0,1000.0,1000.0,1000.0,1000.0,1000.0,1000.0,1000.0,1157.0,1139.0,1040.0,1062.0,1000.0,1000.0,1000.0,1000.0
9146488451,16,1000.0,1000.0,1000.0,1000.0,1000.0,1000.0,1000.0,1000.0,1091.0,1189.0,1040.0,1077.0,1000.0,1000.0,1000.0,1000.0
9146588458,16,1000.0,1000.0,1000.0,1000.0,1000.0,1000.0,1000.0,1000.0,1157.0,1117.0,1040.0,1085.0,1000.0,1000.0,1000.0,1000.0
9146688451,16,1000.0,1000.0,1000.0,1000.0,1000.0,1000.0,1000.0,1000.0,1157.0,1069.0,1040.0,1132.0,1000.0,1000.0,1000.0,1000.0
9146788451,16,1000.0,1000.0,1000.0,1000.0,1000.0,1000.0,1000.0,1000.0,1169.0,1110.0,1053.0,1067.0,1000.0,1000.0,1000.0,1000.0
9146888455,16,1000.0,1000.0,1000.0,1000.0,1000.0,1000.0,1000.0,1000.0,1157.0,1149.0,1040.0,1049.0,1000.0,1000.0,1000.0,1000.0
9146988462,16,1000.0,1000.0,1000.0,1000.0,1000.0,1000.0,1000.0,1000.0,1098.0,1172.0,1071.0,1057.0,1000.0,1000.0,1000.0,1000.0
9147088453,16,1000.0,1000.0,1000.0,1000.0,1000.0,1000.0,1000.0,1000.0,1157.0,1120.0,1040.0,1082.0,1000.0,1000.0,1000.0,1000.0
9147188459,16,1000.0,1000.0,1000.0,1000.0,1000.0,1000.0,1000.0,1000.0,1157.0,1040.0,1040.0,1157.0,1000.0,1000.0,1000.0,1000.0
9147288449,16,1000.0,1000.0,1000.0,1000.0,1000.0,1000.0,1000.0,1000.0,1157.0,1152.0,1040.0,1046.0,1000.0,1000.0,1000.0,1000.0
9147388449,16,1000.0,1000.0,1000.0,1000.0,1000.0,1000.0,1000.0,1000.0,1194.0,1070.0,1083.0,1049.0,1000.0,1000.0,1000.0,1000.0
9147488461,16,1000.0,1000.0,1000.0,1000.0,1000.0,1000.0,1000.0,1000.0,1185.0,1068.0,1073.0,1071.0,1000.0,1000.0,1000.0,1000.0
9147588449,16,1000.0,1000.0,1000.0,1000.0,1000.0,1000.0,1000.0,1000.0,1074.0,1157.0,1128.0,1040.0,1000.0,1000.0,1000.0,1000.0
9147688452,16,1000.0,1000.0,1000.0,1000.0,1000.0,1000.0,1000.0,1000.0,1140.0,1092.0,1060.0,1109.0,1000.0,1000.0,1000.0,1000.0
9147788451,16,1000.0,1000.0,1000.0,1000.0,1000.0,1000.0,1000.0,1000.0,1157.0,1040.0,1040.0,1157.0,1000.0,1000.0,1000.0,1000.0
9147888453,16,1000.0,1000.0,1000.0,1000.0,1000.0,1000.0,1000.0,1000.0,1157.0,1076.0,1040.0,1125.0,1000.0,1000.0,1000.0,1000.0
9147988463,16,1000.0,1000.0,1000.0,1000.0,1000.0,1000.0,1000.0,1000.0,1040.0,1157.0,1157.0,1040.0,1000.0,1000.0,1000.0,1000.0
9148088475,16,1000.0,1000.0,1000.0,1000.0,1000.0,1000.0,1000.0,1000.0,1157.0,1040.0,1040.0,1157.0,1000.0,1000.0,1000.0,1000.0
9148188445,16,1000.0,1000.0,1000.0,1000.0,1000.0,1000.0,1000.0,1000.0,1132.0,1154.0,1040.0,1073.0,1000.0,1000.0,1000.0,1000.0
9148288460,16,1000.0,1000.0,1000.0,1000.0,1000.0,1000.0,1000.0,1000.0,1108.0,1086.0,1116.0,1094.0,1000.0,1000.0,1000.0,1000.0
9148388457,16,1000.0,1000.0,1000.0,1000.0,1000.0,1000.0,1000.0,1000.0,1040.0,1157.0,1157.0,1040.0,1000.0,1000.0,1000.0,1000.0
9148488450,16,1000.0,1000.0,1000.0,1000.0,1000.0,1000.0,1000.0,1000.0,1157.0,1146.0,1040.0,1053.0,1000.0,1000.0,1000.0,1000.0
9148588460,16,1000.0,1000.0,1000.0,1000.0,1000.0,1000.0,1000.0,1000.0,1157.0,1156.0,1040.0,1042.0,1000.0,1000.0,1000.0,1000.0
9148688453,16,1000.0,1000.0,1000.0,1000.0,1000.0,1000.0,1000.0,1000.0,1157.0,1135.0,1040.0,1066.0,1000.0,1000.0,1000.0,1000.0
9148788449,16,1000.0,1000.0,1000.0,1000.0,1000.0,1000.0,1000.0,1000.0,1157.0,1135.0,1040.0,1065.0,1000.0,1000.0,1000.0,1000.0
9148888462,16,1000.0,1000.0,1000.0,1000.0,1000.0,1000.0,1000.0,1000.0,1157.0,1135.0,1040.0,1065.0,1000.0,1000.0,1000.0,1000.0
9148988457,16,1000.0,1000.0,1000.0,1000.0,1000.0,1000.0,1000.0,1000.0,1157.0,1135.0,1040.0,1066.0,1000.0,1000.0,1000.0,1000.0
9149088536,16,1000.0,1000.0,1000.0,1000.0,1000.0,1000.0,1000.0,1000.0,1157.0,1133.0,1040.0,1068.0,1000.0,1000.0,1000.0,1000.0
9149188454,16,1000.0,1000.0,1000.0,1000.0,1000.0,1000.0,1000.0,1000.0,1157.0,1133.0,1040.0,1067.0,1000.0,1000.0,1000.0,1000.0
9149288453,16,1000.0,1000.0,1000.0,1000.0,1000.0,1000.0,1000.0,1000.0,1151.0,1128.0,1040.0,1066.0,1000.0,1000.0,1000.0,1000.0
9149388468,16,1000.0,1000.0,1000.0,1000.0,1000.0,1000.0,1000.0,1000.0,1144.0,1121.0,1040.0,1065.0,1000.0,1000.0,1000.0,1000.0
9149488451,16,1000.0,1000.0,1000.0,1000.0,1000.0,1000.0,1000.0,1000.0,1137.0,1113.0,1040.0,1067.0,1000.0,1000.0,1000.0,1000.0
9149588558,16,1000.0,1000.0,1000.0,1000.0,1000.0,1000.0,1000.0,1000.0,1130.0,1105.0,1040.0,1067.0,1000.0,1000.0,1000.0,1000.0
9149688456,16,1000.0,1000.0,1000.0,1000.0,1000.0,1000.0,1000.0,1000.0,1123.0,1098.0,1040.0,1067.0,1000.0,1000.0,1000.0,1000.0
9149788454,16,1000.0,1000.0,1000.0,1000.0,1000.0,1000.0,1000.0,1000.0,1115.0,1091.0,1040.0,1066.0,1000.0,1000.0,1000.0,1000.0
9149888473,16,1000.0,1000.0,1000.0,1000.0,1000.0,1000.0,1000.0,1000.0,1108.0,1082.0,1040.0,1067.0,1000.0,1000.0,1000.0,1000.0
9149988498,16,1000.0,1000.0,1000.0,1000.0,1000.0,1000.0,1000.0,1000.0,1101.0,1077.0,1040.0,1066.0,1000.0,1000.0,1000.0,1000.0
9150088452,16,1000.0,1000.0,1000.0,1000.0,1000.0,1000.0,1000.0,1000.0,1094.0,1067.0,1040.0,1067.0,1000.0,1000.0,1000.0,1000.0
9150188450,16,1000.0,1000.0,1000.0,1000.0,1000.0,1000.0,1000.0,1000.0,1086.0,1060.0,1040.0,1067.0,1000.0,1000.0,1000.0,1000.0
9150288456,16,1000.0,1000.0,1000.0,1000.0,1000.0,1000.0,1000.0,1000.0,1079.0,1053.0,1040.0,1066.0,1000.0,1000.0,1000.0,1000.0
9150388453,16,1000.0,1000.0,1000.0,1000.0,1000.0,1000.0,1000.0,1000.0,1071.0,1045.0,1040.0,1066.0,1000.0,1000.0,1000.0,1000.0
9150488489,16,1000.0,1000.0,1000.0,1000.0,1000.0,1000.0,1000.0,1000.0,1063.0,1040.0,1040.0,1063.0,1000.0,1000.0,1000.0,1000.0
9150588465,16,1000.0,1000.0,1000.0,1000.0,1000.0,1000.0,1000.0,1000.0,1056.0,1040.0,1040.0,1056.0,1000.0,1000.0,1000.0,1000.0
9150688451,16,1000.0,1000.0,1000.0,1000.0,1000.0,1000.0,1000.0,1000.0,1048.0,1040.0,1040.0,1048.0,1000.0,1000.0,1000.0,1000.0
9150788451,16,1000.0,1000.0,1000.0,1000.0,1000.0,1000.0,1000.0,1000.0,1040.0,1040.0,1040.0,1040.0,1000.0,1000.0,1000.0,1000.0
9150888486,16,1000.0,1000.0,1000.0,1000.0,1000.0,1000.0,1000.0,1000.0,1040.0,1040.0,1040.0,1040.0,1000.0,1000.0,1000.0,1000.0
9150988532,16,1000.0,1000.0,1000.0,1000.0,1000.0,1000.0,1000.0,1000.0,1040.0,1040.0,1040.0,1040.0,1000.0,1000.0,1000.0,1000.0
9151088460,16,1000.0,1000.0,1000.0,1000.0,1000.0,1000.0,1000.0,1000.0,1040.0,1040.0,1040.0,1040.0,1000.0,1000.0,1000.0,1000.0
9151188451,16,1000.0,1000.0,1000.0,1000.0,1000.0,1000.0,1000.0,1000.0,1040.0,1040.0,1040.0,1040.0,1000.0,1000.0,1000.0,1000.0
9151288525,16,1000.0,1000.0,1000.0,1000.0,1000.0,1000.0,1000.0,1000.0,1040.0,1040.0,1040.0,1040.0,1000.0,1000.0,1000.0,1000.0
9151388563,16,1000.0,1000.0,1000.0,1000.0,1000.0,1000.0,1000.0,1000.0,1040.0,1040.0,1040.0,1040.0,1000.0,1000.0,1000.0,1000.0
9151488452,16,1000.0,1000.0,1000.0,1000.0,1000.0,1000.0,1000.0,1000.0,1040.0,1040.0,1040.0,1040.0,1000.0,1000.0,1000.0,1000.0
9151588637,16,1000.0,1000.0,1000.0,1000.0,1000.0,1000.0,1000.0,1000.0,1040.0,1040.0,1040.0,1040.0,1000.0,1000.0,1000.0,1000.0
9151688452,16,1000.0,1000.0,1000.0,1000.0,1000.0,1000.0,1000.0,1000.0,1040.0,1040.0,1040.0,1040.0,1000.0,1000.0,1000.0,1000.0
9151788515,16,1000.0,1000.0,1000.0,1000.0,1000.0,1000.0,1000.0,1000.0,1040.0,1040.0,1040.0,1040.0,1000.0,1000.0,1000.0,1000.0
9151888451,16,1000.0,1000.0,1000.0,1000.0,1000.0,1000.0,1000.0,1000.0,1040.0,1040.0,1040.0,1040.0,1000.0,1000.0,1000.0,1000.0
9151988568,16,1000.0,1000.0,1000.0,1000.0,1000.0,1000.0,1000.0,1000.0,1040.0,1040.0,1040.0,1040.0,1000.0,1000.0,1000.0,1000.0
9152088600,16,1000.0,1000.0,1000.0,1000.0,1000.0,1000.0,1000.0,1000.0,1040.0,1040.0,1040.0,1040.0,1000.0,1000.0,1000.0,1000.0
9152188446,16,1000.0,1000.0,1000.0,1000.0,1000.0,1000.0,1000.0,1000.0,1040.0,1040.0,1040.0,1040.0,1000.0,1000.0,1000.0,1000.0
9152288548,16,1000.0,1000.0,1000.0,1000.0,1000.0,1000.0,1000.0,1000.0,1040.0,1040.0,1040.0,1040.0,1000.0,1000.0,1000.0,1000.0
9152388453,16,1000.0,1000.0,1000.0,1000.0,1000.0,1000.0,1000.0,1000.0,1040.0,1040.0,1040.0,1040.0,1000.0,1000.0,1000.0,1000.0
9152488513,16,1000.0,1000.0,1000.0,1000.0,1000.0,1000.0,1000.0,1000.0,1040.0,1040.0,1040.0,1040.0,1000.0,1000.0,1000.0,1000.0
9152588470,16,1000.0,1000.0,1000.0,1000.0,1000.0,1000.0,1000.0,1000.0,1040.0,1040.0,1040.0,1040.0,1000.0,1000.0,1000.0,1000.0
9152688449,16,1000.0,1000.0,1000.0,1000.0,1000.0,1000.0,1000.0,1000.0,1040.0,1040.0,1040.0,1040.0,1000.0,1000.0,1000.0,1000.0
9152788452,16,1000.0,1000.0,1000.0,1000.0,1000.0,1000.0,1000.0,1000.0,1040.0,1040.0,1040.0,1040.0,1000.0,1000.0,1000.0,1000.0
9152888448,16,1000.0,1000.0,1000.0,1000.0,1000.0,1000.0,1000.0,1000.0,1040.0,1040.0,1040.0,1040.0,1000.0,1000.0,1000.0,1000.0
9152988578,16,1000.0,1000.0,1000.0,1000.0,1000.0,1000.0,1000.0,1000.0,1040.0,1040.0,1040.0,1040.0,1000.0,1000.0,1000.0,1000.0
9153088458,16,1000.0,1000.0,1000.0,1000.0,1000.0,1000.0,1000.0,1000.0,1040.0,1040.0,1040.0,1040.0,1000.0,1000.0,1000.0,1000.0
9153188452,16,1000.0,1000.0,1000.0,1000.0,1000.0,1000.0,1000.0,1000.0,1040.0,1040.0,1040.0,1040.0,1000.0,1000.0,1000.0,1000.0
9153288455,16,1000.0,1000.0,1000.0,1000.0,1000.0,1000.0,1000.0,1000.0,1040.0,1040.0,1040.0,1040.0,1000.0,1000.0,1000.0,1000.0
9153388457,16,1000.0,1000.0,1000.0,1000.0,1000.0,1000.0,1000.0,1000.0,1040.0,1040.0,1040.0,1040.0,1000.0,1000.0,1000.0,1000.0
9153488454,16,1000.0,1000.0,1000.0,1000.0,1000.0,1000.0,1000.0,1000.0,1040.0,1040.0,1040.0,1040.0,1000.0,1000.0,1000.0,1000.0
9153588459,16,1000.0,1000.0,1000.0,1000.0,1000.0,1000.0,1000.0,1000.0,1040.0,1040.0,1040.0,1040.0,1000.0,1000.0,1000.0,1000.0
9153688458,16,1000.0,1000.0,1000.0,1000.0,1000.0,1000.0,1000.0,1000.0,1040.0,1040.0,1040.0,1040.0,1000.0,1000.0,1000.0,1000.0
9153788448,16,1000.0,1000.0,1000.0,1000.0,1000.0,1000.0,1000.0,1000.0,1040.0,1040.0,1040.0,1040.0,1000.0,1000.0,1000.0,1000.0
9153888448,16,1000.0,1000.0,1000.0,1000.0,1000.0,1000.0,1000.0,1000.0,1040.0,1040.0,1040.0,1040.0,1000.0,1000.0,1000.0,1000.0
9153988464,16,1000.0,1000.0,1000.0,1000.0,1000.0,1000.0,1000.0,1000.0,1040.0,1040.0,1040.0,1040.0,1000.0,1000.0,1000.0,1000.0
9154088455,16,1000.0,1000.0,1000.0,1000.0,1000.0,1000.0,1000.0,1000.0,1040.0,1040.0,1040.0,1040.0,1000.0,1000.0,1000.0,1000.0
9154188460,16,1000.0,1000.0,1000.0,1000.0,1000.0,1000.0,1000.0,1000.0,1040.0,1040.0,1040.0,1040.0,1000.0,1000.0,1000.0,1000.0
9154288457,16,1000.0,1000.0,1000.0,1000.0,1000.0,1000.0,1000.0,1000.0,1040.0,1040.0,1040.0,1040.0,1000.0,1000.0,1000.0,1000.0
9154388515,16,1000.0,1000.0,1000.0,1000.0,1000.0,1000.0,1000.0,1000.0,1040.0,1040.0,1040.0,1040.0,1000.0,1000.0,1000.0,1000.0
9154488459,16,1000.0,1000.0,1000.0,1000.0,1000.0,1000.0,1000.0,1000.0,1040.0,1040.0,1040.0,1040.0,1000.0,1000.0,1000.0,1000.0
9154588460,16,1000.0,1000.0,1000.0,1000.0,1000.0,1000.0,1000.0,1000.0,1040.0,1040.0,1040.0,1040.0,1000.0,1000.0,1000.0,1000.0
9154688457,16,1000.0,1000.0,1000.0,1000.0,1000.0,1000.0,1000.0,1000.0,1040.0,1040.0,1040.0,1040.0,1000.0,1000.0,1000.0,1000.0
9154788524,16,1000.0,1000.0,1000.0,1000.0,1000.0,1000.0,1000.0,1000.0,1040.0,1040.0,1040.0,1040.0,1000.0,1000.0,1000.0,1000.0
9154888446,16,1000.0,1000.0,1000.0,1000.0,1000.0,1000.0,1000.0,1000.0,1040.0,1040.0,1040.0,1040.0,1000.0,1000.0,1000.0,1000.0
9154988451,16,1000.0,1000.0,1000.0,1000.0,1000.0,1000.0,1000.0,1000.0,1040.0,1040.0,1040.0,1040.0,1000.0,1000.0,1000.0,1000.0
9155088459,16,1000.0,1000.0,1000.0,1000.0,1000.0,1000.0,1000.0,1000.0,1000.0,1000.0,1000.0,1000.0,1000.0,1000.0,1000.0,1000.0
9155188453,16,1000.0,1000.0,1000.0,1000.0,1000.0,1000.0,1000.0,1000.0,1000.0,1000.0,1000.0,1000.0,1000.0,1000.0,1000.0,1000.0
9155288458,16,1000.0,1000.0,1000.0,1000.0,1000.0,1000.0,1000.0,1000.0,1000.0,1000.0,1000.0,1000.0,1000.0,1000.0,1000.0,1000.0
9155388448,16,1000.0,1000.0,1000.0,1000.0,1000.0,1000.0,1000.0,1000.0,1000.0,1000.0,1000.0,1000.0,1000.0,1000.0,1000.0,1000.0
9155488473,16,1000.0,1000.0,1000.0,1000.0,1000.0,1000.0,1000.0,1000.0,1000.0,1000.0,1000.0,1000.0,1000.0,1000.0,1000.0,1000.0
9155588459,16,1000.0,1000.0,1000.0,1000.0,1000.0,1000.0,1000.0,1000.0,1000.0,1000.0,1000.0,1000.0,1000.0,1000.0,1000.0,1000.0
9155688481,16,1000.0,1000.0,1000.0,1000.0,1000.0,1000.0,1000.0,1000.0,1000.0,1000.0,1000.0,1000.0,1000.0,1000.0,1000.0,1000.0
9155788453,16,1000.0,1000.0,1000.0,1000.0,1000.0,1000.0,1000.0,1000.0,1000.0,1000.0,1000.0,1000.0,1000.0,1000.0,1000.0,1000.0
9155888564,16,1000.0,1000.0,1000.0,1000.0,1000.0,1000.0,1000.0,1000.0,1000.0,1000.0,1000.0,1000.0,1000.0,1000.0,1000.0,1000.0
9155988524,16,1000.0,1000.0,1000.0,1000.0,1000.0,1000.0,1000.0,1000.0,1000.0,1000.0,1000.0,1000.0,1000.0,1000.0,1000.0,1000.0
9156088453,16,1000.0,1000.0,1000.0,1000.0,1000.0,1000.0,1000.0,1000.0,1000.0,1000.0,1000.0,1000.0,1000.0,1000.0,1000.0,1000.0
9156188443,16,1000.0,1000.0,1000.0,1000.0,1000.0,1000.0,1000.0,1000.0,1000.0,1000.0,1000.0,1000.0,1000.0,1000.0,1000.0,1000.0
9156288491,16,1000.0,1000.0,1000.0,1000.0,1000.0,1000.0,1000.0,1000.0,1000.0,1000.0,1000.0,1000.0,1000.0,1000.0,1000.0,1000.0
9156388472,16,1000.0,1000.0,1000.0,1000.0,1000.0,1000.0,1000.0,1000.0,1000.0,1000.0,1000.0,1000.0,1000.0,1000.0,1000.0,1000.0
9156488462,16,1000.0,1000.0,1000.0,1000.0,1000.0,1000.0,1000.0,1000.0,1000.0,1000.0,1000.0,1000.0,1000.0,1000.0,1000.0,1000.0
9156588451,16,1000.0,1000.0,1000.0,1000.0,1000.0,1000.0,1000.0,1000.0,1000.0,1000.0,1000.0,1000.0,1000.0,1000.0,1000.0,1000.0
9156688445,16,1000.0,1000.0,1000.0,1000.0,1000.0,1000.0,1000.0,1000.0,1000.0,1000.0,1000.0,1000.0,1000.0,1000.0,1000.0,1000.0
9156788462,16,1000.0,1000.0,1000.0,1000.0,1000.0,1000.0,1000.0,1000.0,1000.0,1000.0,1000.0,1000.0,1000.0,1000.0,1000.0,1000.0
9156888506,16,1000.0,1000.0,1000.0,1000.0,1000.0,1000.0,1000.0,1000.0,1000.0,1000.0,1000.0,1000.0,1000.0,1000.0,1000.0,1000.0
9156988515,16,1000.0,1000.0,1000.0,1000.0,1000.0,1000.0,1000.0,1000.0,1000.0,1000.0,1000.0,1000.0,1000.0,1000.0,1000.0,1000.0
9157088458,16,1000.0,1000.0,1000.0,1000.0,1000.0,1000.0,1000.0,1000.0,1000.0,1000.0,1000.0,1000.0,1000.0,1000.0,1000.0,1000.0
9157188533,16,1000.0,1000.0,1000.0,1000.0,1000.0,1000.0,1000.0,1000.0,1000.0,1000.0,1000.0,1000.0,1000.0,1000.0,1000.0,1000.0
9157288449,16,1000.0,1000.0,1000.0,1000.0,1000.0,1000.0,1000.0,1000.0,1000.0,1000.0,1000.0,1000.0,1000.0,1000.0,1000.0,1000.0
9157388466,16,1000.0,1000.0,1000.0,1000.0,1000.0,1000.0,1000.0,1000.0,1000.0,1000.0,1000.0,1000.0,1000.0,1000.0,1000.0,1000.0
9157488516,16,1000.0,1000.0,1000.0,1000.0,1000.0,1000.0,1000.0,1000.0,1000.0,1000.0,1000.0,1000.0,1000.0,1000.0,1000.0,1000.0
9157588450,16,1000.0,1000.0,1000.0,1000.0,1000.0,1000.0,1000.0,1000.0,1000.0,1000.0,1000.0,1000.0,1000.0,1000.0,1000.0,1000.0
9157688448,16,1000.0,1000.0,1000.0,1000.0,1000.0,1000.0,1000.0,1000.0,1000.0,1000.0,1000.0,1000.0,1000.0,1000.0,1000.0,1000.0
9157788457,16,1000.0,1000.0,1000.0,1000.0,1000.0,1000.0,1000.0,1000.0,1000.0,1000.0,1000.0,1000.0,1000.0,1000.0,1000.0,1000.0
9157888474,16,1000.0,1000.0,1000.0,1000.0,1000.0,1000.0,1000.0,1000.0,1000.0,1000.0,1000.0,1000.0,1000.0,1000.0,1000.0,1000.0
9157988608,16,1000.0,1000.0,1000.0,1000.0,1000.0,1000.0,1000.0,1000.0,1000.0,1000.0,1000.0,1000.0,1000.0,1000.0,1000.0,1000.0
9158088452,16,1000.0,1000.0,1000.0,1000.0,1000.0,1000.0,1000.0,1000.0,1000.0,1000.0,1000.0,1000.0,1000.0,1000.0,1000.0,1000.0
9158188448,16,1000.0,1000.0,1000.0,1000.0,1000.0,1000.0,1000.0,1000.0,1000.0,1000.0,1000.0,1000.0,1000.0,1000.0,1000.0,1000.0
9158288450,16,1000.0,1000.0,1000.0,1000.0,1000.0,1000.0,1000.0,1000.0,1000.0,1000.0,1000.0,1000.0,1000.0,1000.0,1000.0,1000.0
9158388509,16,1000.0,1000.0,1000.0,1000.0,1000.0,1000.0,1000.0,1000.0,1000.0,1000.0,1000.0,1000.0,1000.0,1000.0,1000.0,1000.0
9158488472,16,1000.0,1000.0,1000.0,1000.0,1000.0,1000.0,1000.0,1000.0,1000.0,1000.0,1000.0,1000.0,1000.0,1000.0,1000.0,1000.0
9158588450,16,1000.0,1000.0,1000.0,1000.0,1000.0,1000.0,1000.0,1000.0,1000.0,1000.0,1000.0,1000.0,1000.0,1000.0,1000.0,1000.0
9158688462,16,1000.0,1000.0,1000.0,1000.0,1000.0,1000.0,1000.0,1000.0,1000.0,1000.0,1000.0,1000.0,1000.0,1000.0,1000.0,1000.0
9158788453,16,1000.0,1000.0,1000.0,1000.0,1000.0,1000.0,1000.0,1000.0,1000.0,1000.0,1000.0,1000.0,1000.0,1000.0,1000.0,1000.0
9158888455,16,1000.0,1000.0,1000.0,1000.0,1000.0,1000.0,1000.0,1000.0,1000.0,1000.0,1000.0,1000.0,1000.0,1000.0,1000.0,1000.0
9158988454,16,1000.0,1000.0,1000.0,1000.0,1000.0,1000.0,1000.0,1000.0,1000.0,1000.0,1000.0,1000.0,1000.0,1000.0,1000.0,1000.0
9159088451,16,1000.0,1000.0,1000.0,1000.0,1000.0,1000.0,1000.0,1000.0,1000.0,1000.0,1000.0,1000.0,1000.0,1000.0,1000.0,1000.0
9159188451,16,1000.0,1000.0,1000.0,1000.0,1000.0,1000.0,1000.0,1000.0,1000.0,1000.0,1000.0,1000.0,1000.0,1000.0,1000.0,1000.0
9159288457,16,1000.0,1000.0,1000.0,1000.0,1000.0,1000.0,1000.0,1000.0,1000.0,1000.0,1000.0,1000.0,1000.0,1000.0,1000.0,1000.0
9159388448,16,1000.0,1000.0,1000.0,1000.0,1000.0,1000.0,1000.0,1000.0,1000.0,1000.0,1000.0,1000.0,1000.0,1000.0,1000.0,1000.0
9159488462,16,1000.0,1000.0,1000.0,1000.0,1000.0,1000.0,1000.0,1000.0,1000.0,1000.0,1000.0,1000.0,1000.0,1000.0,1000.0,1000.0
9159588452,16,1000.0,1000.0,1000.0,1000.0,1000.0,1000.0,1000.0,1000.0,1000.0,1000.0,1000.0,1000.0,1000.0,1000.0,1000.0,1000.0
9159688451,16,1000.0,1000.0,1000.0,1000.0,1000.0,1000.0,1000.0,1000.0,1000.0,1000.0,1000.0,1000.0,1000.0,1000.0,1000.0,1000.0
9159788492,16,1000.0,1000.0,1000.0,1000.0,1000.0,1000.0,1000.0,1000.0,1000.0,1000.0,1000.0,1000.0,1000.0,1000.0,1000.0,1000.0
9159888451,16,1000.0,1000.0,1000.0,1000.0,1000.0,1000.0,1000.0,1000.0,1000.0,1000.0,1000.0,1000.0,1000.0,1000.0,1000.0,1000.0
9159988450,16,1000.0,1000.0,1000.0,1000.0,1000.0,1000.0,1000.0,1000.0,1000.0,1000.0,1000.0,1000.0,1000.0,1000.0,1000.0,1000.0
9160088457,16,1000.0,1000.0,1000.0,1000.0,1000.0,1000.0,1000.0,1000.0,1000.0,1000.0,1000.0,1000.0,1000.0,1000.0,1000.0,1000.0
9160188455,16,1000.0,1000.0,1000.0,1000.0,1000.0,1000.0,1000.0,1000.0,1000.0,1000.0,1000.0,1000.0,1000.0,1000.0,1000.0,1000.0
9160288453,16,1000.0,1000.0,1000.0,1000.0,1000.0,1000.0,1000.0,1000.0,1000.0,1000.0,1000.0,1000.0,1000.0,1000.0,1000.0,1000.0
9160388452,16,1000.0,1000.0,1000.0,1000.0,1000.0,1000.0,1000.0,1000.0,1000.0,1000.0,1000.0,1000.0,1000.0,1000.0,1000.0,1000.0
9160488530,16,1000.0,1000.0,1000.0,1000.0,1000.0,1000.0,1000.0,1000.0,1000.0,1000.0,1000.0,1000.0,1000.0,1000.0,1000.0,1000.0
9160588447,16,1000.0,1000.0,1000.0,1000.0,1000.0,1000.0,1000.0,1000.0,1000.0,1000.0,1000.0,1000.0,1000.0,1000.0,1000.0,1000.0
9160688446,16,1000.0,1000.0,1000.0,1000.0,1000.0,1000.0,1000.0,1000.0,1000.0,1000.0,1000.0,1000.0,1000.0,1000.0,1000.0,1000.0
9160788453,16,1000.0,1000.0,1000.0,1000.0,1000.0,1000.0,1000.0,1000.0,1000.0,1000.0,1000.0,1000.0,1000.0,1000.0,1000.0,1000.0
9160888454,16,1000.0,1000.0,1000.0,1000.0,1000.0,1000.0,1000.0,1000.0,1000.0,1000.0,1000.0,1000.0,1000.0,1000.0,1000.0,1000.0
9160988451,16,1000.0,1000.0,1000.0,1000.0,1000.0,1000.0,1000.0,1000.0,1000.0,1000.0,1000.0,1000.0,1000.0,1000.0,1000.0,1000.0
9161088453,16,1000.0,1000.0,1000.0,1000.0,1000.0,1000.0,1000.0,1000.0,1000.0,1000.0,1000.0,1000.0,1000.0,1000.0,1000.0,1000.0
9161188458,16,1000.0,1000.0,1000.0,1000.0,1000.0,1000.0,1000.0,1000.0,1000.0,1000.0,1000.0,1000.0,1000.0,1000.0,1000.0,1000.0
9161288474,16,1000.0,1000.0,1000.0,1000.0,1000.0,1000.0,1000.0,1000.0,1000.0,1000.0,1000.0,1000.0,1000.0,1000.0,1000.0,1000.0
9161388447,16,1000.0,1000.0,1000.0,1000.0,1000.0,1000.0,1000.0,1000.0,1000.0,1000.0,1000.0,1000.0,1000.0,1000.0,1000.0,1000.0
9161488457,16,1000.0,1000.0,1000.0,1000.0,1000.0,1000.0,1000.0,1000.0,1000.0,1000.0,1000.0,1000.0,1000.0,1000.0,1000.0,1000.0
9161588460,16,1000.0,1000.0,1000.0,1000.0,1000.0,1000.0,1000.0,1000.0,1000.0,1000.0,1000.0,1000.0,1000.0,1000.0,1000.0,1000.0
9161688455,16,1000.0,1000.0,1000.0,1000.0,1000.0,1000.0,1000.0,1000.0,1000.0,1000.0,1000.0,1000.0,1000.0,1000.0,1000.0,1000.0
9161788454,16,1000.0,1000.0,1000.0,1000.0,1000.0,1000.0,1000.0,1000.0,1000.0,1000.0,1000.0,1000.0,1000.0,1000.0,1000.0,1000.0
9161888454,16,1000.0,1000.0,1000.0,1000.0,1000.0,1000.0,1000.0,1000.0,1000.0,1000.0,1000.0,1000.0,1000.0,1000.0,1000.0,1000.0
9161988452,16,1000.0,1000.0,1000.0,1000.0,1000.0,1000.0,1000.0,1000.0,1000.0,1000.0,1000.0,1000.0,1000.0,1000.0,1000.0,1000.0
