timestamp,timestamp_sample,device_id,pressure,temperature,error_count
9100546345,9100546098,6845961,98915.56,47.691956,0
9100593263,9100592984,6845961,98915.3,47.70357,0
9100655768,9100655519,6845961,98915.49,47.70357,0
9100671333,9100671082,6845961,98915.49,47.70357,0
9100733917,9100733607,6845961,98915.37,47.71054,0
9100843369,9100843121,6845961,98914.35,47.707058,0
9100921333,9100921084,6845961,98914.37,47.708218,0
9101030750,9101030498,6845961,98914.04,47.714027,0
9101108831,9101108584,6845961,98913.5,47.718674,0
9101218205,9101217957,6845961,98913.75,47.72448,0
9101358836,9101358588,6845961,98914.0,47.729126,0
9101437015,9101436755,6845961,98913.91,47.73842,0
9101546381,9101546131,6845961,98913.39,47.726807,0
9101624526,9101624237,6845961,98913.61,47.729126,0
9101733856,9101733604,6845961,98913.0,47.727966,0
9101811973,9101811723,6845961,98912.92,47.719833,0
9101921337,9101921088,6845961,98912.71,47.718674,0
9101999465,9101999215,6845961,98912.97,47.72448,0
9102108895,9102108645,6845961,98913.58,47.725643,0
9102249473,9102249214,6845961,98913.234,47.73029,0
9102296341,9102296094,6845961,98913.35,47.72332,0
9102437013,9102436765,6845961,98912.875,47.733772,0
9102546337,9102546088,6845961,98913.445,47.731453,0
9102624463,9102624215,6845961,98912.734,47.720997,0
9102733879,9102733628,6845961,98912.84,47.712864,0
9102811973,9102811720,6845961,98913.164,47.72332,0
9102921341,9102921089,6845961,98913.55,47.72332,0
9103015169,9103014920,6845961,98913.14,47.72216,0
9103108898,9103108640,6845961,98912.484,47.715187,0
9103249500,9103249251,6845961,98912.8,47.708218,0
9103311984,9103311717,6845961,98912.82,47.71054,0
9103436971,9103436717,6845961,98912.945,47.70357,0
9103530717,9103530461,6845961,98912.96,47.704735,0
9103624476,9103624218,6845961,98913.05,47.69428,0
9103718207,9103717960,6845961,98912.44,47.693115,0
9103827736,9103827412,6845961,98912.82,47.691956,0
9103952592,9103952342,6845961,98912.805,47.70938,0
9104015083,9104014836,6845961,98913.195,47.708218,0
9104140277,9104139999,6845961,98913.17,47.705894,0
9104249477,9104249216,6845961,98912.945,47.70357,0
9104343206,9104342961,6845961,98913.17,47.705894,0
9104436985,9104436733,6845961,98913.13,47.702408,0
9104530774,9104530516,6845961,98913.2,47.70938,0
9104640166,9104639876,6845961,98913.81,47.711704,0
9104718203,9104717956,6845961,98913.84,47.714027,0
9104827593,9104827343,6845961,98913.95,47.705894,0
9104952588,9104952340,6845961,98915.5,47.704735,0
9105015090,9105014844,6845961,98915.67,47.702408,0
9105155722,9105155471,6845961,98914.82,47.695442,0
9105233884,9105233610,6845961,98914.48,47.70009,0
9105343205,9105342954,6845961,98914.65,47.698925,0
9105421379,9105421129,6845961,98914.65,47.698925,0
9105530724,9105530460,6845961,98914.4,47.693115,0
9105608948,9105608685,6845961,98914.42,47.695442,0
9105718207,9105717959,6845961,98914.4,47.693115,0
9105858830,9105858581,6845961,98914.516,47.68615,0
9105968209,9105967958,6845961,98914.7,47.684986,0
9106046338,9106046092,6845961,98914.44,47.679176,0
9106155743,9106155494,6845961,98914.91,47.66756,0
9106233847,9106233597,6845961,98914.92,47.668724,0
9106343211,9106342961,6845961,98914.6,47.657104,0
9106421408,9106421161,6845961,98914.78,47.655945,0
9106530734,9106530484,6845961,98914.89,47.64781,0
9106608839,9106608591,6845961,98914.79,47.63852,0
9106718204,9106717956,6845961,98914.92,47.632713,0
9106796352,9106796101,6845961,98914.44,47.62342,0
9106936969,9106936721,6845961,98914.47,47.626904,0
9107046377,9107046130,6845961,98913.79,47.618774,0
9107093355,9107093095,6845961,98914.23,47.622257,0
9107233912,9107233662,6845961,98914.164,47.616447,0
9107311983,9107311710,6845961,98914.125,47.612965,0
9107421332,9107421084,6845961,98914.336,47.61413,0
9107515242,9107514985,6845961,98914.36,47.616447,0
9107608848,9107608600,6845961,98914.125,47.612965,0
9107749474,9107749210,6845961,98914.32,47.612965,0
9107811962,9107811712,6845961,98914.555,47.616447,0
9107936999,9107936746,6845961,98913.82,47.621094,0
9108046406,9108046155,6845961,98914.01,47.619934,0
9108124468,9108124212,6845961,98913.41,47.618774,0
9108233864,9108233611,6845961,98913.82,47.621094,0
9108327638,9108327352,6845961,98914.2,47.619934,0
9108421336,9108421088,6845961,98913.83,47.622257,0
9108515357,9108515101,6845961,98913.76,47.633873,0
9108624467,9108624219,6845961,98913.93,47.63155,0
9108749473,9108749212,6845961,98913.805,47.63736,0
9108811960,9108811713,6845961,98913.84,47.642006,0
9108936974,9108936725,6845961,98913.91,47.64781,0
9109030743,9109030494,6845961,98913.29,47.64433,0
9109140146,9109139878,6845961,98913.305,47.645493,0
9109218233,9109217977,6845961,98913.57,47.65246,0
9109327592,9109327345,6845961,98913.55,47.65014,0
9109452640,9109452385,6845961,98913.74,47.65014,0
9109515167,9109514860,6845961,98913.84,47.642006,0
9109655702,9109655452,6845961,98913.91,47.64781,0
9109749473,9109749208,6845961,98914.1,47.64781,0
9109843204,9109842959,6845961,98914.26,47.643166,0
9109952635,9109952381,6845961,98914.055,47.643166,0
9110030835,9110030587,6845961,98914.18,47.636196,0
9110140126,9110139873,6845961,98914.37,47.635036,0
9110218233,9110217958,6845961,98914.11,47.629227,0
9110327687,9110327436,6845961,98914.11,47.629227,0
9110468321,9110468071,6845961,98914.11,47.629227,0
9110515130,9110514876,6845961,98914.25,47.62458,0
9110655705,9110655457,6845961,98914.01,47.619934,0
9110733856,9110733606,6845961,98914.07,47.62574,0
9110843272,9110843014,6845961,98913.82,47.621094,0
9110921335,9110921085,6845961,98914.03,47.622257,0
9111030744,9111030494,6845961,98914.266,47.62574,0
9111109064,9111108810,6845961,98913.914,47.630386,0
9111218342,9111218029,6845961,98914.484,47.628067,0
9111296349,9111296096,6845961,98914.305,47.629227,0
9111468208,9111467959,6845961,98914.305,47.629227,0
9111546346,9111546097,6845961,98914.53,47.632713,0
9111593262,9111592961,6845961,98914.79,47.63852,0
9111733859,9111733600,6845961,98915.02,47.642006,0
9111843275,9111843016,6845961,98914.82,47.640842,0
9111921345,9111921098,6845961,98915.414,47.642006,0
9112030744,9112030491,6845961,98914.84,47.643166,0
9112108836,9112108584,6845961,98914.56,47.635036,0
9112218214,9112217963,6845961,98914.59,47.63852,0
9112311984,9112311734,6845961,98914.305,47.64781,0
9112405723,9112405474,6845961,98914.54,47.6513,0
9112546353,9112546104,6845961,98913.734,47.648975,0
9112608843,9112608595,6845961,98914.12,47.648975,0
9112733849,9112733601,6845961,98914.016,47.657104,0
9112827597,9112827347,6845961,98914.02,47.658268,0
9112921512,9112921221,6845961,98913.95,47.669884,0
9113015137,9113014891,6845961,98913.6,47.67337,0
9113124511,9113124214,6845961,98912.875,47.679176,0
9113249478,9113249221,6845961,98912.87,47.678017,0
9113312066,9113311810,6845961,98913.086,47.68034,0
9113437043,9113436794,6845961,98912.875,47.679176,0
9113546348,9113546091,6845961,98913.23,47.675694,0
9113640128,9113639878,6845961,98913.19,47.671047,0
9113733927,9113733675,6845961,98913.45,47.65943,0
9113827592,9113827344,6845961,98913.07,47.66059,0
9113936975,9113936724,6845961,98912.984,47.65246,0
9114015080,9114014837,6845961,98912.99,47.65362,0
9114124608,9114124359,6845961,98912.8,47.65362,0
9114249474,9114249214,6845961,98912.79,47.65246,0
9114311969,9114311717,6845961,98912.234,47.655945,0
9114452610,9114452352,6845961,98912.97,47.6513,0
9114530778,9114530522,6845961,98912.19,47.6513,0
9114640125,9114639874,6845961,98912.76,47.65014,0
9114718209,9114717961,6845961,98912.36,47.648975,0
9114827590,9114827341,6845961,98912.36,47.648975,0
9114968208,9114967957,6845961,98912.586,47.6513,0
9115015093,9115014846,6845961,98912.17,47.65014,0
9115155744,9115155496,6845961,98912.19,47.6513,0
9115265112,9115264863,6845961,98912.36,47.648975,0
9115343223,9115342969,6845961,98912.44,47.655945,0
9115452585,9115452337,6845961,98912.85,47.658268,0
9115530768,9115530516,6845961,98912.586,47.669884,0
9115640159,9115639909,6845961,98912.36,47.66756,0
9115718275,9115718027,6845961,98912.61,47.672207,0
9115827598,9115827347,6845961,98912.805,47.672207,0
9115968307,9115968064,6845961,98911.91,47.66175,0
9116015173,9116014849,6845961,98912.78,47.669884,0
9116093204,9116092954,6845961,98912.72,47.664078,0
9116233842,9116233595,6845961,98912.3,47.66175,0
9116343239,9116342993,6845961,98912.71,47.662914,0
9116421345,9116421097,6845961,98912.55,47.666397,0
9116530807,9116530550,6845961,98913.16,47.668724,0
9116608935,9116608692,6845961,98912.8,47.671047,0
9116718212,9116717961,6845961,98912.664,47.676853,0
9116811973,9116811720,6845961,98912.07,47.676853,0
9116905723,9116905473,6845961,98912.68,47.679176,0
9117046333,9117046084,6845961,98912.67,47.678017,0
9117108877,9117108593,6845961,98912.5,47.68034,0
9117233848,9117233599,6845961,98912.71,47.681503,0
9117343209,9117342960,6845961,98912.8,47.689632,0
9117421336,9117421088,6845961,98913.03,47.693115,0
9117530861,9117530594,6845961,98912.72,47.70125,0
9117624464,9117624215,6845961,98913.17,47.705894,0
9117718207,9117717959,6845961,98912.82,47.71054,0
9117811964,9117811714,6845961,98912.664,47.714027,0
9117921347,9117921084,6845961,98913.18,47.707058,0
9118046356,9118046104,6845961,98913.19,47.725643,0
9118108898,9118108635,6845961,98913.195,47.726807,0
9118233912,9118233663,6845961,98912.53,47.719833,0
9118327586,9118327336,6845961,98912.516,47.718674,0
9118436972,9118436722,6845961,98913.336,47.72216,0
9118515135,9118514878,6845961,98913.0,47.727966,0
9118624474,9118624210,6845961,98913.0,47.727966,0
9118749495,9118749222,6845961,98913.28,47.734936,0
9118812088,9118811834,6845961,98912.69,47.733772,0
9118952652,9118952369,6845961,98912.664,47.732613,0
9119046329,9119046084,6845961,98912.62,47.727966,0
9119140122,9119139871,6845961,98913.11,47.73726,0
9119249473,9119249215,6845961,98912.66,47.731453,0
9119327602,9119327350,6845961,98913.086,47.734936,0
9119436964,9119436716,6845961,98913.03,47.73029,0
9119515139,9119514879,6845961,98912.89,47.734936,0
9119624471,9119624221,6845961,98912.94,47.739582,0
9119765160,9119764906,6845961,98912.94,47.739582,0
9119812130,9119811759,6845961,98912.766,47.741905,0
9119952601,9119952350,6845961,98912.375,47.741905,0
9120030750,9120030489,6845961,98912.234,47.747715,0
9120140129,9120139879,6845961,98912.37,47.740746,0
9120218202,9120217952,6845961,98912.555,47.739582,0
9120327594,9120327341,6845961,98912.43,47.74655,0
9120468210,9120467960,6845961,98912.11,47.7361,0
9120515129,9120514875,6845961,98912.72,47.73726,0
9120593259,9120592986,6845961,98912.54,47.73842,0
9120765128,9120764874,6845961,98912.64,47.73029,0
9120843215,9120842961,6845961,98912.695,47.734936,0
9120952607,9120952358,6845961,98912.64,47.73029,0
9121030751,9121030502,6845961,98913.02,47.729126,0
9121140123,9121139873,6845961,98913.19,47.725643,0
9121218202,9121217956,6845961,98912.66,47.731453,0
9121327649,9121327404,6845961,98913.3,47.7361,0
9121405762,9121405471,6845961,98913.07,47.733772,0
9121515124,9121514863,6845961,98913.086,47.734936,0
9121608840,9121608591,6845961,98913.05,47.731453,0
9121702598,9121702344,6845961,98913.71,47.73842,0
9121843203,9121842954,6845961,98913.67,47.734936,0
9121921331,9121921085,6845961,98913.945,47.72448,0
9122030736,9122030489,6845961,98913.2,47.727966,0
9122124466,9122124218,6845961,98912.94,47.72216,0
9122218272,9122218002,6845961,98912.734,47.720997,0
9122311965,9122311716,6845961,98913.664,47.71635,0
9122421336,9122421088,6845961,98913.73,47.72216,0
9122546402,9122546148,6845961,98913.914,47.720997,0
9122608894,9122608643,6845961,98913.13,47.720997,0
9122733851,9122733601,6845961,98913.62,47.711704,0
9122843206,9122842956,6845961,98913.69,47.718674,0
9122937096,9122936844,6845961,98913.52,47.720997,0
9123030793,9123030543,6845961,98914.12,47.720997,0
9123124469,9123124216,6845961,98914.01,47.73029,0
9123233849,9123233603,6845961,98913.85,47.733772,0
9123311981,9123311729,6845961,98913.79,47.727966,0
9123421352,9123421100,6845961,98913.85,47.733772,0
9123546396,9123546099,6845961,98914.125,47.740746,0
9123608915,9123608663,6845961,98914.18,47.74539,0
9123749527,9123749281,6845961,98913.61,47.747715,0
9123827589,9123827341,6845961,98913.85,47.751198,0
9123936958,9123936713,6845961,98914.05,47.751198,0
9124015119,9124014863,6845961,98913.8,47.74655,0
9124124468,9124124220,6845961,98914.24,47.751198,0
9124265082,9124264832,6845961,98914.22,47.75004,0
9124311963,9124311715,6845961,98913.99,47.74655,0
9124452606,9124452354,6845961,98914.87,47.754684,0
9124561969,9124561713,6845961,98913.59,47.74539,0
9124640132,9124639881,6845961,98914.125,47.75933,0
9124749692,9124749306,6845961,98913.86,47.75236,0
9124827586,9124827336,6845961,98914.125,47.75933,0
9124936961,9124936712,6845961,98913.734,47.75933,0
9125015089,9125014844,6845961,98913.92,47.75817,0
9125124502,9125124254,6845961,98913.5,47.754684,0
9125265069,9125264821,6845961,98913.8,47.74655,0
9125311969,9125311719,6845961,98913.7,47.755844,0
9125452601,9125452352,6845961,98913.8,47.74655,0
9125530787,9125530528,6845961,98914.414,47.748875,0
9125640124,9125639873,6845961,98914.07,47.7361,0
9125718206,9125717955,6845961,98914.51,47.739582,0
9125827590,9125827341,6845961,98914.69,47.73842,0
9125905762,9125905508,6845961,98915.41,47.731453,0
9126015118,9126014869,6845961,98917.09,47.725643,0
9126108858,9126108609,6845961,98917.08,47.72448,0
9126202596,9126202345,6845961,98916.36,47.729126,0
9126343211,9126342963,6845961,98914.4,47.729126,0
9126452749,9126452503,6845961,98914.484,47.73726,0
9126530771,9126530516,6845961,98914.66,47.734936,0
9126640129,9126639879,6845961,98914.875,47.73726,0
9126718212,9126717963,6845961,98914.266,47.734936,0
9126827591,9126827343,6845961,98914.53,47.741905,0
9126921337,9126921085,6845961,98914.42,47.75004,0
9127015092,9127014844,6845961,98914.19,47.74655,0
9127108884,9127108635,6845961,98914.52,47.740746,0
9127218255,9127217972,6845961,98914.27,47.7361,0
9127343204,9127342954,6845961,98914.16,47.74423,0
9127436997,9127436713,6845961,98913.8,47.74655,0
9127530758,9127530509,6845961,98914.125,47.740746,0
9127624472,9127624221,6845961,98914.18,47.74539,0
9127733911,9127733661,6845961,98913.58,47.74423,0
9127811966,9127811714,6845961,98914.016,47.748875,0
9127921333,9127921084,6845961,98914.24,47.751198,0
9128046354,9128046094,6845961,98914.12,47.75817,0
9128108921,9128108672,6845961,98913.96,47.761654,0
9128249478,9128249215,6845961,98913.695,47.754684,0
9128343211,9128342961,6845961,98913.96,47.761654,0
9128437138,9128436883,6845961,98913.36,47.76049,0
9128546403,9128546140,6845961,98913.53,47.75817,0
9128624480,9128624229,6845961,98913.61,47.765137,0
9128733837,9128733596,6845961,98913.586,47.762817,0
9128811966,9128811717,6845961,98913.414,47.765137,0
9128921336,9128921087,6845961,98913.45,47.769783,0
9129062027,9129061778,6845961,98913.52,47.757008,0
9129109013,9129108699,6845961,98913.83,47.767464,0
9129249554,9129249306,6845961,98912.836,47.7663,0
9129327776,9129327529,6845961,98913.39,47.763977,0
9129436969,9129436719,6845961,98913.34,47.75933,0
9129515115,9129514864,6845961,98913.51,47.755844,0
9129624462,9129624214,6845961,98913.3,47.754684,0
9129765070,9129764821,6845961,98913.72,47.757008,0
9129811970,9129811719,6845961,98913.54,47.75933,0
9129952642,9129952378,6845961,98913.51,47.755844,0
9130061965,9130061716,6845961,98913.9,47.755844,0
9130140126,9130139871,6845961,98913.5,47.754684,0
9130249529,9130249283,6845961,98913.5,47.754684,0
9130327595,9130327342,6845961,98913.38,47.74423,0
9130437006,9130436725,6845961,98912.78,47.74307,0
9130515116,9130514862,6845961,98913.234,47.748875,0
9130624475,9130624214,6845961,98913.375,47.74307,0
9130702669,9130702411,6845961,98913.41,47.74655,0
9130812027,9130811754,6845961,98913.34,47.740746,0
9130952618,9130952357,6845961,98912.92,47.73842,0
9130999489,9130999237,6845961,98912.86,47.732613,0
9131140211,9131139886,6845961,98913.43,47.73029,0
9131218201,9131217951,6845961,98913.03,47.73029,0
9131327594,9131327344,6845961,98913.25,47.731453,0
9131421340,9131421093,6845961,98913.055,47.732613,0
9131515119,9131514867,6845961,98913.68,47.7361,0
9131608951,9131608675,6845961,98913.67,47.734936,0
9131718204,9131717956,6845961,98913.23,47.729126,0
9131843280,9131843030,6845961,98913.336,47.739582,0
9131952703,9131952453,6845961,98913.41,47.74655,0
9132030830,9132030489,6845961,98913.38,47.74423,0
9132140123,9132139872,6845961,98913.32,47.73842,0
9132233885,9132233632,6845961,98913.22,47.747715,0
9132327591,9132327343,6845961,98913.48,47.753525,0
9132421406,9132421083,6845961,98912.914,47.755844,0
9132530771,9132530513,6845961,98913.086,47.753525,0
9132608840,9132608591,6845961,98913.53,47.75817,0
9132718211,9132717964,6845961,98913.26,47.751198,0
9132843348,9132843098,6845961,98913.51,47.755844,0
9132936966,9132936718,6845961,98912.98,47.761654,0
9133046348,9133046093,6845961,98912.87,47.751198,0
9133124487,9133124213,6845961,98913.05,47.75004,0
9133233868,9133233619,6845961,98913.78,47.762817,0
9133311964,9133311715,6845961,98913.42,47.7663,0
9133421331,9133421083,6845961,98913.42,47.7663,0
9133561963,9133561718,6845961,98913.39,47.763977,0
9133608893,9133608643,6845961,98913.21,47.765137,0
9133749473,9133749214,6845961,98913.32,47.757008,0
9133858918,9133858666,6845961,98913.61,47.765137,0
9133936972,9133936720,6845961,98913.83,47.767464,0
9134046381,9134046091,6845961,98913.38,47.762817,0
9134124680,9134124395,6845961,98913.8,47.765137,0
9134233908,9134233597,6845961,98914.01,47.7663,0
9134311969,9134311720,6845961,98913.04,47.767464,0
9134421355,9134421105,6845961,98913.45,47.769783,0
9134561985,9134561729,6845961,98913.914,47.775593,0
9134608948,9134608681,6845961,98914.14,47.77908,0
9134749480,9134749222,6845961,98913.72,47.775593,0
9134827608,9134827354,6845961,98913.71,47.77443,0
9134936971,9134936722,6845961,98913.85,47.769783,0
9135015126,9135014880,6845961,98913.43,47.767464,0
9135124462,9135124215,6845961,98913.875,47.77211,0
9135202599,9135202343,6845961,98913.78,47.781403,0
9135311965,9135311716,6845961,98913.76,47.77908,0
9135452589,9135452342,6845961,98913.59,47.782562,0
9135499509,9135499239,6845961,98913.82,47.784885,0
9135640200,9135639942,6845961,98913.59,47.782562,0
9135749493,9135749218,6845961,98913.62,47.784885,0
9135827716,9135827469,6845961,98913.484,47.790695,0
9135937095,9135936848,6845961,98913.84,47.78721,0
9136015095,9136014850,6845961,98913.66,47.788372,0
9136124476,9136124228,6845961,98913.63,47.78605,0
9136218242,9136217984,6845961,98913.12,47.79302,0
9136311963,9136311712,6845961,98913.68,47.790695,0
9136452590,9136452342,6845961,98913.664,47.789536,0
9136515083,9136514838,6845961,98913.55,47.777916,0
9136640126,9136639878,6845961,98913.78,47.781403,0
9136733912,9136733663,6845961,98912.97,47.77908,0
9136827597,9136827348,6845961,98914.07,47.77211,0
9136921348,9136921098,6845961,98913.39,47.763977,0
9137030798,9137030550,6845961,98913.195,47.763977,0
9137108898,9137108627,6845961,98913.52,47.757008,0
9137218202,9137217957,6845961,98913.7,47.755844,0
9137343203,9137342957,6845961,98913.57,47.74307,0
9137452595,9137452345,6845961,98913.055,47.732613,0
9137546353,9137546097,6845961,98912.89,47.734936,0
9137640190,9137639877,6845961,98913.56,47.72448,0
9137733846,9137733599,6845961,98914.14,47.72332,0
9137843254,9137842958,6845961,98913.62,47.711704,0
9137921340,9137921088,6845961,98913.82,47.712864,0
9138030811,9138030560,6845961,98913.18,47.707058,0
9138108967,9138108716,6845961,98913.336,47.70357,0
9138218231,9138217975,6845961,98913.664,47.69776,0
9138358909,9138358656,6845961,98913.33,47.702408,0
9138437039,9138436790,6845961,98913.625,47.69428,0
9138546351,9138546102,6845961,98913.75,47.68731,0
9138624468,9138624218,6845961,98913.5,47.682663,0
9138733856,9138733606,6845961,98913.42,47.675694,0
9138811975,9138811725,6845961,98913.25,47.676853,0
9138921332,9138921084,6845961,98914.01,47.67453,0
9139061964,9139061717,6845961,98913.76,47.669884,0
9139108933,9139108664,6845961,98913.76,47.669884,0
9139249474,9139249210,6845961,98913.98,47.672207,0
9139358842,9139358583,6845961,98913.89,47.664078,0
9139437017,9139436722,6845961,98913.95,47.669884,0
9139546353,9139546096,6845961,98913.77,47.671047,0
9139624480,9139624231,6845961,98914.11,47.666397,0
9139734011,9139733756,6845961,98914.29,47.665237,0
9139811963,9139811713,6845961,98913.7,47.665237,0
9139921335,9139921082,6845961,98913.95,47.669884,0
9139999468,9139999219,6845961,98913.914,47.666397,0
9140108842,9140108595,6845961,98914.06,47.66175,0
9140249502,9140249239,6845961,98913.9,47.665237,0
9140296378,9140296123,6845961,98913.51,47.665237,0
9140436971,9140436722,6845961,98913.805,47.655945,0
9140515085,9140514840,6845961,98913.25,47.65943,0
9140624538,9140624284,6845961,98913.8,47.654785,0
9140718212,9140717961,6845961,98913.375,47.65246,0
9140811965,9140811715,6845961,98913.41,47.654785,0
9140952591,9140952339,6845961,98913.17,47.65246,0
9141015253,9141014999,6845961,98913.71,47.64781,0
9141140129,9141139875,6845961,98914.13,47.63155,0
9141249533,9141249210,6845961,98912.97,47.633873,0
9141327591,9141327341,6845961,98913.68,47.62574,0
9141436974,9141436727,6845961,98913.484,47.62574,0
9141530824,9141530569,6845961,98913.266,47.62342,0
9141624462,9141624211,6845961,98913.875,47.62574,0
9141718211,9141717963,6845961,98913.71,47.629227,0
9141827660,9141827396,6845961,98913.555,47.632713,0
9141952601,9141952347,6845961,98913.71,47.629227,0
9142015094,9142014847,6845961,98913.3,47.626904,0
9142140211,9142139932,6845961,98913.95,47.633873,0
9142233858,9142233604,6845961,98914.234,47.640842,0
9142343207,9142342958,6845961,98913.63,47.639683,0
9142421338,9142421090,6845961,98913.5,47.645493,0
9142530744,9142530487,6845961,98913.266,47.642006,0
9142609033,9142608783,6845961,98913.516,47.64781,0
9142718202,9142717956,6845961,98913.77,47.65362,0
9142858852,9142858598,6845961,98913.48,47.66175,0
9142952592,9142952341,6845961,98913.44,47.658268,0
9143046336,9143046091,6845961,98913.43,47.657104,0
9143155706,9143155459,6845961,98914.12,47.66756,0
9143233847,9143233598,6845961,98913.7,47.665237,0
9143343212,9143342964,6845961,98913.266,47.66059,0
9143421346,9143421092,6845961,98913.5,47.664078,0
9143530775,9143530518,6845961,98913.87,47.66175,0
9143608853,9143608591,6845961,98913.914,47.666397,0
9143718205,9143717957,6845961,98913.93,47.66756,0
9143858835,9143858585,6845961,98913.58,47.671047,0
9143936968,9143936719,6845961,98913.36,47.669884,0
9144046346,9144046097,6845961,98913.625,47.675694,0
9144124488,9144124238,6845961,98913.414,47.67453,0
9144233889,9144233642,6845961,98913.66,47.678017,0
9144311975,9144311724,6845961,98913.64,47.676853,0
9144421335,9144421085,6845961,98913.266,47.679176,0
9144499470,9144499213,6845961,98913.68,47.68034,0
9144608844,9144608593,6845961,98913.23,47.675694,0
9144749474,9144749222,6845961,98913.42,47.675694,0
9144796340,9144796091,6845961,98913.2,47.67337,0
9144936966,9144936717,6845961,98913.7,47.682663,0
9145046369,9145046120,6845961,98913.164,47.669884,0
9145124468,9145124219,6845961,98913.86,47.679176,0
9145233911,9145233654,6845961,98914.04,47.678017,0
9145312132,9145311879,6845961,98913.75,47.668724,0
9145421337,9145421087,6845961,98913.56,47.669884,0
9145515113,9145514862,6845961,98914.39,47.67453,0
9145608879,9145608590,6845961,98913.945,47.668724,0
9145749536,9145749211,6845961,98913.47,47.66059,0
9145811970,9145811720,6845961,98913.67,47.66175,0
9145936965,9145936713,6845961,98914.05,47.66059,0
9146030758,9146030504,6845961,98913.414,47.655945,0
9146124474,9146124222,6845961,98913.69,47.662914,0
9146218235,9146217979,6845961,98913.5,47.664078,0
9146327593,9146327342,6845961,98913.27,47.66175,0
9146452581,9146452333,6845961,98913.63,47.658268,0
9146515106,9146514856,6845961,98913.766,47.65246,0
9146640128,9146639878,6845961,98913.766,47.65246,0
9146749475,9146749213,6845961,98913.19,47.65362,0
9146843207,9146842958,6845961,98913.125,47.64781,0
9146936959,9146936712,6845961,98913.74,47.65014,0
9147030813,9147030562,6845961,98913.33,47.64781,0
9147140121,9147139874,6845961,98913.305,47.645493,0
9147218205,9147217958,6845961,98913.46,47.642006,0
9147327594,9147327342,6845961,98913.02,47.63852,0
9147452587,9147452338,6845961,98913.84,47.642006,0
9147515331,9147515068,6845961,98912.76,47.63155,0
9147655761,9147655487,6845961,98912.805,47.636196,0
9147733840,9147733592,6845961,98912.805,47.636196,0
9147843207,9147842958,6845961,98912.6,47.635036,0
9147921342,9147921093,6845961,98913.1,47.645493,0
9148030741,9148030490,6845961,98912.41,47.65362,0
9148108950,9148108677,6845961,98912.91,47.645493,0
9148218204,9148217956,6845961,98912.92,47.646652,0
9148296599,9148296337,6845961,98912.76,47.65014,0
9148468286,9148468039,6845961,98913.01,47.654785,0
9148546360,9148546098,6845961,98913.164,47.6513,0
9148655704,9148655453,6845961,98913.01,47.654785,0
9148733858,9148733599,6845961,98913.12,47.646652,0
9148843208,9148842961,6845961,98913.08,47.643166,0
9148921348,9148921098,6845961,98912.93,47.64781,0
9149030756,9149030494,6845961,98912.86,47.640842,0
9149108898,9149108640,6845961,98913.31,47.646652,0
9149218275,9149218017,6845961,98912.805,47.636196,0
9149296339,9149296089,6845961,98912.27,47.640842,0
9149437082,9149436794,6845961,98912.28,47.642006,0
9149546347,9149546095,6845961,98912.3,47.643166,0
9149593210,9149592960,6845961,98912.445,47.63852,0
9149733852,9149733601,6845961,98912.41,47.635036,0
9149827589,9149827338,6845961,98912.61,47.636196,0
9149921412,9149921164,6845961,98912.34,47.629227,0
9150015091,9150014841,6845961,98912.734,47.629227,0
9150108850,9150108598,6845961,98913.61,47.63736,0
9150249590,9150249302,6845961,98913.445,47.640842,0
9150311979,9150311726,6845961,98913.805,47.63736,0
9150436972,9150436723,6845961,98914.2,47.63852,0
9150546359,9150546104,6845961,98914.586,47.63736,0
9150624460,9150624214,6845961,98914.01,47.63852,0
9150733889,9150733642,6845961,98915.31,47.63155,0
9150827588,9150827340,6845961,98914.945,47.635036,0
9150921356,9150921087,6845961,98915.29,47.630386,0
9151015085,9151014840,6845961,98914.984,47.63852,0
9151124491,9151124240,6845961,98915.26,47.626904,0
9151249478,9151249205,6845961,98915.45,47.626904,0
9151312069,9151311764,6845961,98916.03,47.626904,0
9151436963,9151436713,6845961,98915.46,47.628067,0
9151530771,9151530515,6845961,98915.42,47.62458,0
9151640129,9151639879,6845961,98915.72,47.633873,0
9151718205,9151717957,6845961,98915.836,47.626904,0
9151827600,9151827349,6845961,98915.9,47.632713,0
9151952772,9151952392,6845961,98915.625,47.643166,0
9152015091,9152014843,6845961,98915.83,47.64433,0
9152155740,9152155487,6845961,98915.44,47.643166,0
9152249474,9152249223,6845961,98915.61,47.642006,0
9152343218,9152342956,6845961,98915.95,47.655945,0
9152452594,9152452339,6845961,98915.336,47.65362,0
9152530776,9152530516,6845961,98916.05,47.664078,0
9152640137,9152639883,6845961,98915.79,47.658268,0
9152718208,9152717960,6845961,98915.055,47.662914,0
9152827590,9152827339,6845961,98915.32,47.669884,0
9152968291,9152968044,6845961,98915.86,47.665237,0
9153015088,9153014842,6845961,98915.51,47.668724,0
9153155770,9153155519,6845961,98915.64,47.681503,0
9153233863,9153233599,6845961,98915.31,47.68731,0
9153343216,9153342968,6845961,98915.664,47.683823,0
9153421334,9153421084,6845961,98915.32,47.669884,0
9153530830,9153530573,6845961,98915.59,47.676853,0
9153608840,9153608591,6845961,98915.24,47.68034,0
9153718210,9153717962,6845961,98915.25,47.681503,0
9153811968,9153811719,6845961,98915.42,47.679176,0
9153968211,9153967959,6845961,98915.016,47.676853,0
9154046500,9154046248,6845961,98914.484,47.682663,0
9154093211,9154092961,6845961,98914.86,47.681503,0
9154233911,9154233662,6845961,98914.375,47.67337,0
9154343209,9154342959,6845961,98914.73,47.668724,0
9154421336,9154421087,6845961,98914.31,47.66756,0
9154530912,9154530654,6845961,98913.78,47.672207,0
9154608975,9154608709,6845961,98914.164,47.671047,0
9154718211,9154717958,6845961,98914.34,47.669884,0
9154812075,9154811817,6845961,98913.51,47.665237,0
9154905720,9154905470,6845961,98913.76,47.669884,0
9155046353,9155046104,6845961,98913.59,47.672207,0
9155108954,9155108701,6845961,98913.8,47.67337,0
9155233853,9155233598,6845961,98913.64,47.676853,0
9155327599,9155327339,6845961,98913.555,47.668724,0
9155421342,9155421091,6845961,98912.96,47.668724,0
9155515109,9155514857,6845961,98911.6,47.669884,0
9155624459,9155624209,6845961,98912.69,47.66175,0
9155749476,9155749219,6845961,98912.914,47.664078,0
9155811961,9155811711,6845961,98912.94,47.666397,0
9155936966,9155936713,6845961,98912.31,47.662914,0
9156046332,9156046087,6845961,98913.055,47.65943,0
9156140123,9156139873,6845961,98912.88,47.66175,0
9156233847,9156233599,6845961,98912.516,47.662914,0
9156327592,9156327342,6845961,98912.945,47.66756,0
9156436962,9156436713,6845961,98913.29,47.662914,0
9156515179,9156514869,6845961,98913.11,47.664078,0
9156624478,9156624219,6845961,98913.09,47.662914,0
9156749565,9156749230,6845961,98913.43,47.657104,0
9156811968,9156811719,6845961,98913.48,47.66175,0
9156952596,9156952345,6845961,98913.03,47.657104,0
9157030758,9157030500,6845961,98912.66,47.658268,0
9157140135,9157139854,6845961,98913.08,47.66175,0
9157218205,9157217958,6845961,98913.27,47.66175,0
9157327593,9157327344,6845961,98912.86,47.65943,0
9157468206,9157467956,6845961,98912.85,47.658268,0
9157515085,9157514841,6845961,98913.0,47.672207,0
9157655707,9157655457,6845961,98913.164,47.669884,0
9157765099,9157764818,6845961,98913.195,47.672207,0
9157843207,9157842958,6845961,98912.875,47.679176,0
9157952593,9157952344,6845961,98913.45,47.678017,0
9158030746,9158030485,6845961,98912.73,47.682663,0
9158140128,9158139879,6845961,98913.266,47.679176,0
9158218197,9158217952,6845961,98913.23,47.675694,0
9158327598,9158327350,6845961,98913.125,47.683823,0
9158468205,9158467956,6845961,98913.4,47.67337,0
9158515126,9158514873,6845961,98913.29,47.681503,0
9158593382,9158593127,6845961,98913.07,47.679176,0
9158734016,9158733765,6845961,98913.055,47.676853,0
9158843199,9158842954,6845961,98913.52,47.684986,0
9158921338,9158921090,6845961,98913.52,47.684986,0
9159030738,9159030489,6845961,98913.07,47.679176,0
9159108890,9159108641,6845961,98913.484,47.681503,0
9159218200,9159217954,6845961,98913.74,47.68615,0
9159311961,9159311714,6845961,98913.73,47.684986,0
9159405726,9159405475,6845961,98913.414,47.693115,0
9159546518,9159546255,6845961,98913.16,47.68731,0
9159608842,9159608593,6845961,98913.07,47.679176,0
9159733871,9159733595,6845961,98913.6,47.691956,0
9159843203,9159842957,6845961,98913.09,47.681503,0
9159921338,9159921088,6845961,98913.29,47.681503,0
9160030740,9160030492,6845961,98913.125,47.683823,0
9160124475,9160124225,6845961,98913.07,47.679176,0
9160218212,9160217957,6845961,98912.83,47.67453,0
9160311963,9160311714,6845961,98913.36,47.669884,0
9160421337,9160421088,6845961,98913.13,47.666397,0
9160546573,9160546314,6845961,98913.14,47.66756,0
9160608916,9160608599,6845961,98913.05,47.658268,0
9160733846,9160733597,6845961,98912.9,47.662914,0
9160827594,9160827343,6845961,98913.164,47.669884,0
9160936982,9160936715,6845961,98913.49,47.662914,0
9161015147,9161014899,6845961,98913.31,47.665237,0
9161124480,9161124225,6845961,98913.31,47.665237,0
9161249644,9161249394,6845961,98913.336,47.66756,0
9161311964,9161311715,6845961,98913.58,47.671047,0
9161452608,9161452357,6845961,98913.164,47.669884,0
9161546422,9161546091,6845961,98912.77,47.668724,0
9161640212,9161639960,6845961,98913.22,47.67453,0
9161749481,9161749206,6845961,98913.02,47.67453,0
9161827588,9161827340,6845961,98913.46,47.679176,0
