timestamp,timestamp_sample,device_id,x,y,z,temperature,error_count
9100567659,9100559230,15728642,0.005303304,0.022097081,0.063125,nan,0
9100576146,9100571917,15728642,0.013258257,0.012374363,0.074999996,nan,0
9100654247,9100649857,15728642,0.011048548,0.014584071,0.083124995,nan,0
9100766865,9100759934,15728642,0.01944544,0.01944543,0.070625,nan,0
9100864683,9100860193,15728642,0.032703694,0.024748733,0.07875,nan,0
9100964600,9100959713,15728642,0.020329323,0.038890865,0.08625,nan,0
9101065085,9101060184,15728642,0.023422917,0.014584073,0.067499995,nan,0
9101154916,9101150511,15728642,0.015026025,0.009722713,0.086875,nan,0
9101255501,9101250614,15728642,0.018119615,0.013700188,0.07875,nan,0
9101355577,9101350292,15728642,0.023422917,0.014584073,0.07125,nan,0
9101454644,9101451040,15728642,0.031377867,0.033145625,0.070625,nan,0
9101556763,9101550773,15728642,0.007071072,0.01944543,0.070625,nan,0
9101656107,9101651382,15728642,0.02209709,0.022980966,0.07875,nan,0
9101755740,9101751355,15728642,0.012374375,0.020329315,0.090624996,nan,0
9101856314,9101851418,15728642,0.01944544,0.01944543,0.074999996,nan,0
9101956097,9101951879,15728642,0.025190681,0.026074557,0.067499995,nan,0
9102056897,9102051784,15728642,0.012374373,0.020329315,0.074999996,nan,0
9102156540,9102152130,15728642,0.026074566,0.032261744,0.07875,nan,0
9102256316,9102251919,15728642,0.025190681,0.026074557,0.090624996,nan,0
9102356417,9102352218,15728642,0.025190681,0.026074557,0.083124995,nan,0
9102456464,9102452875,15728642,0.0243068,0.03402951,0.082499996,nan,0
9102557488,9102552586,15728642,0.022980973,0.02916815,0.067499995,nan,0
9102657447,9102652937,15728642,0.0190035,0.01900349,0.083124995,nan,0
9102757815,9102753321,15728642,0.015467965,0.023422906,0.082499996,nan,0
9102857098,9102853112,15728642,0.02165515,0.030493975,0.07875,nan,0
9102958118,9102953431,15728642,0.005745248,0.008396887,0.083124995,nan,0
9103058122,9103053428,15728642,0.01679379,0.022097081,0.070625,nan,0
9103158747,9103153656,15728642,0.022980975,0.0141421305,0.083124995,nan,0
9103258360,9103253857,15728642,0.01944544,0.033587568,0.070625,nan,0
9103358431,9103353707,15728642,0.02165515,0.030493975,0.082499996,nan,0
9103457757,9103453772,15728642,0.02209709,0.022980966,0.063125,nan,0
9103558687,9103554288,15728642,0.019887382,0.011048539,0.07125,nan,0
9103660347,9103654561,15728642,0.020329325,0.010606596,0.079375,nan,0
9103759338,9103754853,15728642,0.017235734,0.021655139,0.090624996,nan,0
9103859034,9103854343,15728642,0.013258257,0.012374363,0.074999996,nan,0
9103958950,9103954561,15728642,0.023422915,0.028726207,0.074374996,nan,0
9104059414,9104055023,15728642,0.029168157,0.007071062,0.074999996,nan,0
9104160905,9104154914,15728642,0.012816316,0.011932421,0.091249995,nan,0
9104260537,9104255247,15728642,0.023422917,0.014584073,0.071875,nan,0
9104360055,9104355141,15728642,0.020329325,0.010606595,0.0875,nan,0
9104459548,9104456657,15728642,0.027400391,0.023864849,0.074999996,nan,0
9104559977,9104555783,15728642,0.019003497,0.019887373,0.067499995,nan,0
9104661536,9104655544,15728642,0.025190681,0.0119324215,0.083124995,nan,0
9104760897,9104756216,15728642,0.0243068,0.019887373,0.07875,nan,0
9104861210,9104855905,15728642,0.0243068,0.019887373,0.083124995,nan,0
9104961102,9104956699,15728642,0.029168157,0.021213198,0.070625,nan,0
9105060350,9105056563,15728642,0.028284274,0.030052034,0.070625,nan,0
9105163423,9105156818,15728642,0.025190681,0.026074557,0.074999996,nan,0
9105262051,9105257148,15728642,0.01414214,0.018561548,0.07125,nan,0
9105361488,9105356767,15728642,0.023422917,0.014584073,0.071875,nan,0
9105461675,9105457660,15728642,0.019003497,0.019887375,0.063125,nan,0
9105561852,9105557448,15728642,0.025190681,0.026074557,0.074999996,nan,0
9105663506,9105657110,15728642,0.027400391,0.023864849,0.083124995,nan,0
9105762503,9105757807,15728642,0.015026023,0.023864849,0.07875,nan,0
9105862326,9105857444,15728642,0.020329325,0.024748733,0.086875,nan,0
9105962489,9105958453,15728642,0.026516508,0.017677665,0.074999996,nan,0
9106062131,9106058530,15728642,0.017235732,0.021655139,0.07875,nan,0
9106163901,9106158095,15728642,0.016351849,0.015467953,0.086875,nan,0
9106263276,9106258157,15728642,0.014142139,0.004419414,0.059375,nan,0
9106363115,9106358232,15728642,0.01414214,0.018561548,0.07125,nan,0
9106463299,9106458744,15728642,0.02165515,0.030493975,0.082499996,nan,0
9106562968,9106558782,15728642,0.015026023,0.023864849,0.074999996,nan,0
9106664505,9106658901,15728642,0.031377867,0.033145625,0.074374996,nan,0
9106763991,9106759300,15728642,0.020329325,0.024748733,0.086875,nan,0
9106864109,9106858788,15728642,0.015467965,0.023422906,0.082499996,nan,0
9106964376,9106960156,15728642,0.020329323,0.025632614,0.067499995,nan,0
9107064239,9107059832,15728642,0.0243068,0.03402951,0.07125,nan,0
9107154745,9107150056,15728642,0.0243068,0.03402951,0.07875,nan,0
9107264938,9107260257,15728642,0.025190681,0.0119324215,0.079375,nan,0
9107364928,9107360041,15728642,0.026516508,0.017677665,0.07875,nan,0
9107465084,9107460894,15728642,0.019887382,0.025190674,0.074999996,nan,0
9107556559,9107550145,15728642,0.011932431,0.0013258208,0.074999996,nan,0
9107655370,9107650859,15728642,0.027400391,0.022980964,0.091249995,nan,0
9107754888,9107750501,15728642,0.01414214,0.018561548,0.074999996,nan,0
9107855569,9107850677,15728642,0.013258257,0.012374363,0.074999996,nan,0
9107955768,9107951270,15728642,0.033587575,0.030935917,0.067499995,nan,0
9108057045,9108051021,15728642,0.0243068,0.019887371,0.090624996,nan,0
9108158714,9108151427,15728642,0.018119615,0.013700188,0.07125,nan,0
9108255565,9108251182,15728642,0.026516508,0.017677665,0.07875,nan,0
9108356107,9108352119,15728642,0.030493984,0.032261744,0.082499996,nan,0
9108456156,9108451751,15728642,0.029168157,0.021213198,0.07125,nan,0
9108558087,9108551696,15728642,0.017235732,0.0075130058,0.071875,nan,0
9108656382,9108652197,15728642,0.010164665,0.022539023,0.090624996,nan,0
9108756994,9108752101,15728642,0.01414214,0.018561548,0.07875,nan,0
9108856565,9108852575,15728642,0.01679379,0.022097081,0.07125,nan,0
9108957202,9108952713,15728642,0.01944544,0.01944543,0.07125,nan,0
9109058066,9109052574,15728642,0.030493984,0.026958441,0.07875,nan,0
9109157694,9109153169,15728642,0.00883884,0.01679378,0.083124995,nan,0
9109257396,9109253008,15728642,0.027400391,0.023864849,0.083124995,nan,0
9109357201,9109353203,15728642,0.023422917,0.014584073,0.079375,nan,0
9109457588,9109454894,15728642,0.01944544,0.033587568,0.066874996,nan,0
9109559052,9109553456,15728642,0.018561555,0.027400382,0.07875,nan,0
9109659151,9109654243,15728642,0.021213207,0.016793782,0.083124995,nan,0
9109759155,9109753662,15728642,0.021213207,0.016793782,0.074999996,nan,0
9109857977,9109854187,15728642,0.017235732,0.021655139,0.083124995,nan,0
9109958477,9109953963,15728642,0.018561555,0.027400382,0.07125,nan,0
9110059743,9110055353,15728642,0.013258257,0.026516499,0.082499996,nan,0
9110159264,9110154734,15728642,0.02165515,0.030493975,0.094375,nan,0
9110259192,9110254776,15728642,0.026516508,0.0318198,0.086875,nan,0
9110358705,9110354312,15728642,0.041100588,0.03402951,0.07875,nan,0
9110459296,9110454809,15728642,0.05435884,0.05435883,0.074374996,nan,0
9110559521,9110555130,15728642,0.048171654,0.046403874,0.09375,nan,0
9110660686,9110655097,15728642,0.05259107,0.0561266,0.09375,nan,0
9110759981,9110755490,15728642,0.062313784,0.05701048,0.101875,nan,0
9110860105,9110855409,15728642,0.05435884,0.053474944,0.09375,nan,0
9110960327,9110955432,15728642,0.06010408,0.06010407,0.082499996,nan,0
9111060098,9111055914,15728642,0.06010408,0.06010407,0.09375,nan,0
9111162285,9111155701,15728642,0.050381362,0.058336303,0.105624996,nan,0
9111260904,9111256409,15728642,0.04728777,0.041100577,0.094375,nan,0
9111360903,9111355983,15728642,0.043310292,0.045961935,0.089999996,nan,0
9111460909,9111456913,15728642,0.03447146,0.021213194,0.114374995,nan,0
9111560720,9111556722,15728642,0.0296101,0.020771256,0.094375,nan,0
9111662410,9111656604,15728642,0.032703694,0.023864845,0.1025,nan,0
9111761170,9111756989,15728642,0.034913402,0.026958441,0.091249995,nan,0
9111861765,9111856877,15728642,0.03181981,0.038006984,0.094375,nan,0
9111961439,9111957832,15728642,0.015467967,0.03756504,0.09375,nan,0
9112061599,9112057579,15728642,0.031377867,0.033145625,0.07125,nan,0
9112163392,9112157400,15728642,0.025632624,0.03977475,0.08625,nan,0
9112262546,9112257993,15728642,0.02209709,0.036239218,0.090624996,nan,0
9112361883,9112357692,15728642,0.029168157,0.03447145,0.090624996,nan,0
9112462493,9112457808,15728642,0.015026025,0.038006984,0.082499996,nan,0
9112563412,9112558509,15728642,0.033587575,0.036239214,0.07125,nan,0
9112664198,9112658171,15728642,0.017235732,0.035797276,0.07125,nan,0
9112762895,9112758709,15728642,0.02253903,0.036681157,0.07875,nan,0
9112863164,9112858672,15728642,0.021213207,0.045078054,0.082499996,nan,0
9112963798,9112959777,15728642,0.007954955,0.038890865,0.090624996,nan,0
9113062911,9113059123,15728642,0.025632627,0.03977475,0.098124996,nan,0
9113163441,9113159206,15728642,0.038006995,0.058336303,0.101875,nan,0
9113264131,9113259635,15728642,0.048171654,0.07380426,0.109375,nan,0
9113363889,9113359364,15728642,0.06540738,0.09369163,0.1125,nan,0
9113463982,9113459292,15728642,0.0720365,0.12860502,0.111875,nan,0
9113563441,9113559651,15728642,0.0888303,0.14274716,0.107499994,nan,0
9113654378,9113650181,15728642,0.0888303,0.1568893,0.11125,nan,0
9113764802,9113760301,15728642,0.08971417,0.13479222,0.12,nan,0
9113866047,9113860062,15728642,0.084852815,0.13346638,0.115624994,nan,0
9113964989,9113960499,15728642,0.08529476,0.1250695,0.131875,nan,0
9114055729,9114050438,15728642,0.064523496,0.10164658,0.131875,nan,0
9114155421,9114150925,15728642,0.047287777,0.09501746,0.14,nan,0
9114255137,9114250951,15728642,0.04419418,0.09192386,0.13625,nan,0
9114356044,9114351094,15728642,0.036681168,0.07380426,0.144375,nan,0
9114455614,9114451229,15728642,0.02651651,0.09103998,0.13562499,nan,0
9114556953,9114551156,15728642,0.03668117,0.09324969,0.14,nan,0
9114655909,9114651527,15728642,0.034471467,0.11755648,0.14750001,nan,0
9114756314,9114751617,15728642,0.04596195,0.13081475,0.139375,nan,0
9114855887,9114851706,15728642,0.030935928,0.11490483,0.13125001,nan,0
9114956579,9114952163,15728642,0.020771267,0.098552994,0.13187501,nan,0
9115056597,9115052808,15728642,0.015909908,0.06982678,0.1325,nan,0
9115157252,9115152350,15728642,0.02872622,0.08883027,0.144375,nan,0
9115257547,9115252457,15728642,0.02828428,0.08308503,0.15187499,nan,0
9115356568,9115352378,15728642,0.025190689,0.079991445,0.13625,nan,0
9115456377,9115452587,15728642,0.03668117,0.07910756,0.1325,nan,0
9115563739,9115559756,15728642,0.040216703,0.06938484,0.136875,nan,0
9115657516,9115653129,15728642,0.044636123,0.06408154,0.145,nan,0
9115757984,9115753292,15728642,0.048171658,0.072920375,0.140625,nan,0
9115857898,9115853405,15728642,0.05612661,0.06319766,0.140625,nan,0
9115957551,9115953359,15728642,0.056126613,0.07733979,0.13625,nan,0
9116059850,9116054747,15728642,0.062313795,0.07026873,0.140625,nan,0
9116160661,9116154453,15728642,0.05612661,0.091481924,0.144375,nan,0
9116258496,9116254079,15728642,0.056126613,0.10474018,0.14,nan,0
9116358670,9116353950,15728642,0.06717516,0.113137074,0.131875,nan,0
9116458568,9116454178,15728642,0.07159456,0.11490483,0.111875,nan,0
9116558545,9116554548,15728642,0.079107575,0.11269513,0.128125,nan,0
9116660882,9116654264,15728642,0.06496545,0.11534678,0.124375,nan,0
9116759296,9116754865,15728642,0.05966214,0.1144629,0.1275,nan,0
9116859318,9116854632,15728642,0.057894375,0.10297242,0.131875,nan,0
9116959943,9116955556,15728642,0.055242725,0.09943688,0.131875,nan,0
9117059308,9117055281,15728642,0.045961946,0.08927222,0.14,nan,0
9117161485,9117155083,15728642,0.05347496,0.08794639,0.1475,nan,0
9117260044,9117255626,15728642,0.04640389,0.08883027,0.16,nan,0
9117360100,9117355408,15728642,0.027400397,0.07778173,0.144375,nan,0
9117460398,9117456001,15728642,0.03137787,0.072920375,0.1325,nan,0
9117560436,9117556042,15728642,0.03226175,0.07910756,0.128125,nan,0
9117662294,9117655910,15728642,0.032703698,0.078665614,0.140625,nan,0
9117760912,9117756418,15728642,0.051265247,0.104298234,0.14375,nan,0
9117860956,9117856264,15728642,0.04154253,0.10871766,0.128125,nan,0
9117961398,9117956709,15728642,0.056568544,0.111369304,0.124375,nan,0
9118061181,9118056773,15728642,0.06408155,0.12418561,0.111875,nan,0
9118162391,9118156777,15728642,0.07071068,0.12285979,0.111875,nan,0
9118261807,9118257309,15728642,0.072036505,0.12860502,0.123749994,nan,0
9118361900,9118357411,15728642,0.083527,0.12772115,0.12,nan,0
9118461430,9118457437,15728642,0.06010408,0.11490484,0.111875,nan,0
9118562403,9118557695,15728642,0.046403892,0.103856295,0.124375,nan,0
9118663382,9118657764,15728642,0.050381362,0.09899494,0.124375,nan,0
9118762496,9118757982,15728642,0.045961946,0.08927222,0.14,nan,0
9118863055,9118857960,15728642,0.048171658,0.072920375,0.14874999,nan,0
9118962498,9118958472,15728642,0.031377874,0.072920375,0.13625,nan,0
9119062738,9119058246,15728642,0.024306804,0.07380426,0.15187499,nan,0
9119163360,9119159657,15728642,0.04419418,0.09192386,0.131875,nan,0
9119263497,9119258808,15728642,0.047287777,0.09501746,0.14,nan,0
9119363630,9119359143,15728642,0.05966214,0.100320764,0.13625,nan,0
9119463441,9119458954,15728642,0.047287777,0.09501746,0.13625,nan,0
9119563942,9119558854,15728642,0.05347496,0.08794639,0.144375,nan,0
9119654239,9119649343,15728642,0.056126613,0.10474018,0.148125,nan,0
9119764652,9119759538,15728642,0.045078065,0.0689429,0.14874999,nan,0
9119864444,9119859756,15728642,0.032703694,0.07778173,0.16375,nan,0
9119964154,9119959437,15728642,0.004861369,0.06142989,0.15187499,nan,0
9120064692,9120059963,15728642,-0.001767757,0.04949746,0.1525,nan,0
9120155709,9120150784,15728642,-0.011932416,0.047287755,0.14874999,nan,0
9120266291,9120260659,15728642,-0.018119602,0.040216688,0.15625,nan,0
9120365169,9120360475,15728642,-0.022097077,0.045961928,0.144375,nan,0
9120454756,9120450269,15728642,-0.013258244,0.05656853,0.12875,nan,0
9120555458,9120551076,15728642,0.007071078,0.05922018,0.15187499,nan,0
9120655780,9120650881,15728642,0.022097094,0.06275572,0.14874999,nan,0
9120755366,9120750976,15728642,0.027400395,0.076897845,0.15187499,nan,0
9120855085,9120851084,15728642,0.040658645,0.0689429,0.14874999,nan,0
9120956241,9120950736,15728642,0.04065865,0.054800764,0.14874999,nan,0
9121055657,9121051472,15728642,0.04154253,0.060104065,0.1525,nan,0
9121157889,9121151297,15728642,0.015467969,0.035797272,0.14937499,nan,0
9121256774,9121251874,15728642,0.007513019,0.031377852,0.156875,nan,0
9121356646,9121351952,15728642,-0.011932418,0.027842319,0.1525,nan,0
9121456627,9121452114,15728642,-0.0234229,0.01988737,0.14125,nan,0
9121557074,9121552683,15728642,-0.04154251,0.027400376,0.145,nan,0
9121657852,9121652061,15728642,-0.008838825,0.06452348,0.15187499,nan,0
9121757678,9121752748,15728642,0.012816319,0.065849304,0.14874999,nan,0
9121856691,9121852671,15728642,0.02828428,0.0689429,0.15187499,nan,0
9121957440,9121953436,15728642,0.029610103,0.074688144,0.16,nan,0
9122057527,9122053137,15728642,0.050381362,0.06982678,0.16437499,nan,0
9122159287,9122152859,15728642,0.047287773,0.06673319,0.160625,nan,0
9122258062,9122253576,15728642,0.031377874,0.057894357,0.16875,nan,0
9122357995,9122353099,15728642,-0.0026516395,0.029168142,0.16499999,nan,0
9122458513,9122452728,15728642,-0.02563261,0.007954942,0.156875,nan,0
9122558254,9122553852,15728642,-0.039332803,0.011932417,0.153125,nan,0
9122659749,9122654463,15728642,-0.06275572,-0.0097227255,0.141875,nan,0
9122758589,9122754201,15728642,-0.058778238,-0.0004419493,0.153125,nan,0
9122859142,9122854059,15728642,-0.03049397,0.0075130016,0.14937499,nan,0
9122958764,9122954075,15728642,-0.01546795,0.037565038,0.171875,nan,0
9123058724,9123054728,15728642,-0.0030935844,0.057894353,0.140625,nan,0
9123159688,9123154585,15728642,0.003093602,0.078223675,0.144375,nan,0
9123259391,9123255003,15728642,0.015467968,0.07733979,0.16375,nan,0
9123359269,9123355247,15728642,0.030935934,0.085736685,0.15187499,nan,0
9123460890,9123455075,15728642,0.025190689,0.079991445,0.14,nan,0
9123559480,9123555492,15728642,0.022539038,0.07645591,0.148125,nan,0
9123660946,9123655454,15728642,0.017235737,0.060546007,0.16,nan,0
9123760725,9123755642,15728642,0.005745254,0.047287755,0.160625,nan,0
9123861044,9123855956,15728642,-0.0026516388,0.043310277,0.1525,nan,0
9123959943,9123955958,15728642,-0.00795494,0.042426396,0.1525,nan,0
9124059978,9124055991,15728642,0.0035355447,0.050381344,0.15625,nan,0
9124160918,9124156517,15728642,0.019003505,0.058778238,0.168125,nan,0
9124261824,9124256738,15728642,0.040216707,0.040216688,0.16875,nan,0
9124361377,9124356889,15728642,0.04154253,0.060104065,0.15625,nan,0
9124461493,9124456567,15728642,0.05170719,0.06142989,0.16437499,nan,0
9124560764,9124556772,15728642,0.032261755,0.04993941,0.1525,nan,0
9124651514,9124647114,15728642,0.020771269,0.06408154,0.16437499,nan,0
9124763369,9124756979,15728642,0.0035355457,0.04949746,0.168125,nan,0
9124862043,9124857556,15728642,-0.006629116,0.048171632,0.16437499,nan,0
9124961778,9124957292,15728642,-0.016793776,0.04596193,0.16,nan,0
9125061961,9125057973,15728642,-0.024748728,0.042426396,0.15625,nan,0
9125161857,9125157868,15728642,-0.013700184,0.035797272,0.145,nan,0
9125263410,9125257824,15728642,-0.0053032916,0.039774746,0.16437499,nan,0
9125362749,9125358364,15728642,0.013700204,0.05170717,0.16437499,nan,0
9125462284,9125458280,15728642,0.026074572,0.04286834,0.16499999,nan,0
9125562840,9125559045,15728642,0.028284278,0.054800764,0.160625,nan,0
9125662690,9125658706,15728642,0.028284278,0.055684645,0.140625,nan,0
9125764636,9125758644,15728642,0.0044194255,0.042426396,0.15625,nan,0
9125863462,9125859073,15728642,-0.0039774654,0.0234229,0.160625,nan,0
9125963281,9125958867,15728642,-0.0048613483,-0.002209719,0.169375,nan,0
9126063645,9126059655,15728642,-0.0070710573,-1.0238479e-08,0.16562499,nan,0
9126163967,9126159566,15728642,0.0039774855,0.008396883,0.16125,nan,0
9126265135,9126259498,15728642,0.0035355438,0.022097077,0.169375,nan,0
9126363886,9126359902,15728642,0.0075130197,0.031377852,0.16875,nan,0
9126464628,9126459932,15728642,0.010606609,0.04861358,0.160625,nan,0
9126564742,9126559846,15728642,0.027400395,0.076897845,0.16,nan,0
9126656092,9126649875,15728642,0.021213215,0.0848528,0.155625,nan,0
9126754518,9126750332,15728642,0.022097096,0.09015611,0.15124999,nan,0
9126854485,9126850462,15728642,0.024748744,0.09369163,0.15124999,nan,0
9126965405,9126960912,15728642,0.030935934,0.085736685,0.16,nan,0
9127054689,9127050696,15728642,0.023422917,0.06850096,0.140625,nan,0
9127164698,9127160513,15728642,0.021213211,0.05656853,0.1525,nan,0
9127255576,9127251391,15728642,0.018561563,0.03889086,0.16499999,nan,0
9127357183,9127351000,15728642,0.00044195182,0.018119602,0.16499999,nan,0
9127455986,9127451495,15728642,-0.0035355233,-0.0044194274,0.169375,nan,0
9127555508,9127551923,15728642,-0.011048532,-0.009280788,0.173125,nan,0
9127656856,9127651540,15728642,-0.0075129983,-0.013700204,0.173125,nan,0
9127756900,9127752005,15728642,1.1474825e-08,-0.03005205,0.185625,nan,0
9127856447,9127852055,15728642,-0.0044194064,-0.03005205,0.1775,nan,0
9127956318,9127951826,15728642,-0.0030935814,-0.019003505,0.1775,nan,0
9128056105,9128052273,15728642,0.013700202,0.01016465,0.1575,nan,0
9128156778,9128153187,15728642,0.011048555,-0.0075130207,0.185625,nan,0
9128257877,9128252789,15728642,0.0030936035,-0.011932438,0.185625,nan,0
9128357734,9128353228,15728642,0.008396905,0.008396881,0.18875,nan,0
9128457494,9128452610,15728642,0.008396904,0.036681153,0.17625,nan,0
9128557082,9128552681,15728642,0.023422923,0.039332803,0.160625,nan,0
9128658112,9128653722,15728642,0.024306802,0.059662122,0.168125,nan,0
9128758857,9128753572,15728642,0.03402952,0.07557202,0.168125,nan,0
9128857702,9128853714,15728642,0.03005205,0.09369163,0.16375,nan,0
9128959594,9128953614,15728642,0.030052045,0.10871766,0.139375,nan,0
9129058597,9129053909,15728642,0.036239225,0.13523415,0.12750001,nan,0
9129158113,9129154117,15728642,0.03314564,0.13214056,0.119375005,nan,0
9129260069,9129253856,15728642,0.03447146,0.15202793,0.12312501,nan,0
9129358703,9129354519,15728642,0.028284274,0.14495689,0.12312501,nan,0
9129458850,9129454164,15728642,0.029168162,0.15114406,0.095000006,nan,0
9129559509,9129555123,15728642,0.03314564,0.16042484,0.110625006,nan,0
9129660474,9129654688,15728642,0.024748746,0.13611804,0.119375005,nan,0
9129760605,9129754812,15728642,0.03889088,0.11844037,0.15125,nan,0
9129859589,9129855200,15728642,0.033145636,0.11181124,0.14750001,nan,0
9129959635,9129955147,15728642,0.038006995,0.09811105,0.159375,nan,0
9130060341,9130055436,15728642,0.041984472,0.07910756,0.168125,nan,0
9130159297,9130155712,15728642,0.045961946,0.08927222,0.144375,nan,0
9130261527,9130255514,15728642,0.04419418,0.076897845,0.168125,nan,0
9130360642,9130356146,15728642,0.041984472,0.07910756,0.175625,nan,0
9130460358,9130455969,15728642,0.045520008,0.06850096,0.171875,nan,0
9130560522,9130556035,15728642,0.03889088,0.07601397,0.15625,nan,0
9130660501,9130656313,15728642,0.012374377,0.0742462,0.1525,nan,0
9130762318,9130756327,15728642,0.01016467,0.076455906,0.171875,nan,0
9130861126,9130856726,15728642,0.00088389474,0.06629125,0.168125,nan,0
9130961975,9130956885,15728642,-0.0053032897,0.06805901,0.15187499,nan,0
9131061547,9131057056,15728642,-0.005745231,0.06761707,0.16375,nan,0
9131161286,9131157096,15728642,-0.006187174,0.08131727,0.155625,nan,0
9131261947,9131257248,15728642,0.017235734,0.07557202,0.144375,nan,0
9131361861,9131357363,15728642,0.011048552,0.081759214,0.16749999,nan,0
9131461987,9131457797,15728642,0.023422921,0.081759214,0.16375,nan,0
9131562077,9131557690,15728642,0.023422921,0.081759214,0.155625,nan,0
9131661692,9131657876,15728642,0.03491341,0.08087533,0.16,nan,0
9131762994,9131758610,15728642,0.01546797,0.06319766,0.15625,nan,0
9131864124,9131859214,15728642,0.021213211,0.05656853,0.160625,nan,0
9131962810,9131958624,15728642,0.025190687,0.07910756,0.16375,nan,0
9132062568,9132058964,15728642,0.021213215,0.0848528,0.144375,nan,0
9132163392,9132158997,15728642,0.031377874,0.072920375,0.14874999,nan,0
9132263097,9132259109,15728642,0.019887388,0.078223675,0.168125,nan,0
9132364559,9132358772,15728642,0.029168162,0.0742462,0.168125,nan,0
9132465578,9132459967,15728642,0.023422923,0.06761707,0.14874999,nan,0
9132563779,9132559084,15728642,0.037565053,0.06496542,0.168125,nan,0
9132663521,9132660226,15728642,0.019445444,0.07247843,0.155625,nan,0
9132754756,9132749866,15728642,0.017235737,0.04640387,0.1725,nan,0
9132865772,9132859983,15728642,0.024306804,0.04551999,0.16437499,nan,0
9132964203,9132960183,15728642,0.024306802,0.059662122,0.171875,nan,0
9133064050,9133060035,15728642,0.022980979,0.053916883,0.160625,nan,0
9133165041,9133161253,15728642,0.027400397,0.04861358,0.16437499,nan,0
9133256636,9133251140,15728642,0.020771272,0.03579727,0.18062499,nan,0
9133354942,9133350756,15728642,0.010606612,0.04861358,0.18374999,nan,0
9133455908,9133450613,15728642,0.008838844,0.03712309,0.16499999,nan,0
9133565733,9133560636,15728642,0.0035355445,0.036239214,0.16875,nan,0
9133655910,9133651397,15728642,0.0083969,0.037565034,0.156875,nan,0
9133756686,9133750891,15728642,0.005303311,0.03358756,0.16875,nan,0
9133856517,9133851631,15728642,0.0075130197,0.04551999,0.16875,nan,0
9133956109,9133951222,15728642,0.019003503,0.044636104,0.160625,nan,0
9134055885,9134052101,15728642,0.0053033093,0.034471445,0.145,nan,0
9134157010,9134152614,15728642,-0.00795494,0.028284261,0.160625,nan,0
9134257508,9134251921,15728642,0.007513019,0.031377852,0.156875,nan,0
9134356685,9134352296,15728642,0.010606613,0.034471445,0.16499999,nan,0
9134457018,9134452108,15728642,-0.005303291,-0.0017677766,0.1575,nan,0
9134556412,9134552625,15728642,0.019887388,0.0022096979,0.173125,nan,0
9134656378,9134652792,15728642,0.003977486,0.008396883,0.16562499,nan,0
9134758383,9134752578,15728642,0.009722728,0.0008838725,0.17375,nan,0
9134858082,9134853386,15728642,-0.0044194064,-0.02474875,0.1775,nan,0
9134957965,9134953047,15728642,0.011932437,-0.001325836,0.17,nan,0
9135057702,9135053016,15728642,0.003977486,-0.005745253,0.17,nan,0
9135158128,9135153726,15728642,0.011932437,-0.001325836,0.17,nan,0
9135258913,9135253805,15728642,0.020771272,0.008396883,0.173125,nan,0
9135358717,9135354033,15728642,0.016793795,-0.00088389433,0.17,nan,0
9135458743,9135454056,15728642,0.024748744,0.0035355233,0.173125,nan,0
9135558116,9135553928,15728642,0.01767768,0.0044194064,0.176875,nan,0
9135658285,9135654072,15728642,0.02563263,0.009722709,0.1575,nan,0
9135758998,9135754611,15728642,0.021655153,0.0004419327,0.15375,nan,0
9135861131,9135854748,15728642,0.020771272,0.008396883,0.169375,nan,0
9135959615,9135954729,15728642,0.020771272,0.008396883,0.173125,nan,0
9136059180,9136054689,15728642,0.026958453,0.01546795,0.16562499,nan,0
9136159481,9136155093,15728642,0.019003503,0.011048534,0.16125,nan,0
9136260209,9136255792,15728642,0.026958453,0.01546795,0.16562499,nan,0
9136361692,9136355065,15728642,0.03093593,0.010606589,0.169375,nan,0
9136459899,9136455706,15728642,0.024306808,0.011048531,0.19687499,nan,0
9136559497,9136555510,15728642,0.030052045,0.018561542,0.16562499,nan,0
9136660114,9136655613,15728642,0.029610103,0.019003484,0.1575,nan,0
9136759978,9136755977,15728642,0.03889088,0.015026009,0.16562499,nan,0
9136862001,9136856197,15728642,0.02872622,0.012816299,0.173125,nan,0
9136961124,9136956424,15728642,0.026074573,0.009280765,0.17375,nan,0
9137061003,9137056115,15728642,0.026074572,0.009280765,0.169375,nan,0
9137160897,9137156913,15728642,0.015467969,0.0075129992,0.16125,nan,0
9137260380,9137256794,15728642,0.017677678,0.0053032897,0.161875,nan,0
9137363179,9137356760,15728642,0.02872622,0.0128163,0.16125,nan,0
9137461931,9137457244,15728642,0.016351853,0.0137001835,0.1575,nan,0
9137561672,9137557243,15728642,0.027400397,0.021213192,0.16499999,nan,0
9137661440,9137657644,15728642,0.022539038,0.005745231,0.169375,nan,0
9137761738,9137757726,15728642,0.024748744,0.003535524,0.161875,nan,0
9137863257,9137857639,15728642,0.032703698,0.00795494,0.17,nan,0
9137962283,9137957888,15728642,0.019887388,0.002209698,0.17,nan,0
9138062977,9138057889,15728642,0.01767768,0.0044194064,0.173125,nan,0
9138162155,9138158162,15728642,0.020771269,-0.005745253,0.161875,nan,0
9138262731,9138258347,15728642,0.021655153,0.00044193218,0.161875,nan,0
9138353458,9138348561,15728642,0.03093593,-0.0035355445,0.17,nan,0
9138463899,9138458614,15728642,0.026958456,0.0013258157,0.1575,nan,0
9138563586,9138558874,15728642,0.032703698,0.00795494,0.17,nan,0
9138663584,9138658891,15728642,0.024748744,0.003535524,0.161875,nan,0
9138762989,9138759001,15728642,0.039774764,0.007071057,0.161875,nan,0
9138854323,9138849402,15728642,0.033145636,-0.005745253,0.161875,nan,0
9138966738,9138959629,15728642,0.041984472,0.003977463,0.173125,nan,0
9139064639,9139059544,15728642,0.037565053,-0.0048613683,0.16624999,nan,0
9139164701,9139159556,15728642,0.037565053,0.009280765,0.16562499,nan,0
9139264531,9139259446,15728642,0.033145636,0.008396883,0.14625,nan,0
9139354371,9139349976,15728642,0.04110059,0.012816302,0.161875,nan,0
9139454370,9139450180,15728642,0.033145636,-0.005745253,0.161875,nan,0
9139564595,9139560592,15728642,0.032703698,-0.005303311,0.158125,nan,0
9139665390,9139660303,15728642,0.039774764,-0.007071077,0.161875,nan,0
9139765306,9139760884,15728642,0.030493988,-0.0030936028,0.158125,nan,0
9139855484,9139850991,15728642,0.031377874,0.0022096979,0.173125,nan,0
9139955993,9139951101,15728642,0.02032933,-0.010606612,0.16624999,nan,0
9140055303,9140050917,15728642,0.032703698,-0.005303311,0.15375,nan,0
9140155344,9140151128,15728642,0.034471463,0.0061871754,0.15375,nan,0
9140256225,9140251687,15728642,0.03579729,-0.0022097179,0.15062499,nan,0
9140357813,9140351228,15728642,0.014584087,0.002209699,0.1575,nan,0
9140456251,9140451862,15728642,0.026074572,0.009280765,0.169375,nan,0
9140556198,9140551477,15728642,0.021655153,0.0004419327,0.15375,nan,0
9140656410,9140652198,15728642,0.021655153,0.00044193267,0.154375,nan,0
9140756407,9140752220,15728642,-0.011490476,-0.0088388445,0.1575,nan,0
9140858129,9140852131,15728642,0.02298098,0.006187174,0.161875,nan,0
9140956958,9140952768,15728642,0.03535535,0.024748726,0.1725,nan,0
9141056873,9141052649,15728642,0.031819817,0.0026516395,0.16562499,nan,0
9141157543,9141152657,15728642,0.019887388,0.017235717,0.153125,nan,0
9141256982,9141252993,15728642,0.021655153,0.014584066,0.16125,nan,0
9141358560,9141352966,15728642,0.032703694,0.022097077,0.16562499,nan,0
9141458464,9141453345,15728642,0.02563263,0.009722709,0.15375,nan,0
9141558231,9141553113,15728642,0.039332822,0.019887365,0.169375,nan,0
9141658125,9141654132,15728642,0.0048613683,0.00044193212,0.15375,nan,0
9141757492,9141754070,15728642,0.033145636,0.008396882,0.154375,nan,0
9141859408,9141853826,15728642,0.032703698,0.007954941,0.161875,nan,0
9141959084,9141954185,15728642,0.029610103,0.019003484,0.1575,nan,0
9142058813,9142054125,15728642,0.032703698,-0.005303311,0.158125,nan,0
9142159086,9142153800,15728642,0.028726222,-0.00044195194,0.1575,nan,0
9142258643,9142254655,15728642,0.022539038,0.006629118,0.138125,nan,0
9142360314,9142354526,15728642,0.026958456,0.0013258159,0.15375,nan,0
9142459317,9142454932,15728642,0.017677678,0.00530329,0.154375,nan,0
9142560105,9142555209,15728642,0.034471463,0.0061871754,0.1575,nan,0
9142649240,9142645251,15728642,0.020771269,0.009280767,0.141875,nan,0
9142759123,9142755138,15728642,0.032703694,0.008838825,0.138125,nan,0
9142860068,9142855649,15728642,0.017235735,0.005745234,0.138125,nan,0
9142961487,9142955907,15728642,0.034471463,0.0061871754,0.154375,nan,0
9143061011,9143056107,15728642,0.013700202,0.01016465,0.15375,nan,0
9143159943,9143155945,15728642,0.01060661,0.0070710587,0.145625,nan,0
9143260776,9143256083,15728642,0.02563263,0.00972271,0.14625,nan,0
9143360427,9143356440,15728642,0.016793795,0.014142127,0.1375,nan,0
9143462285,9143456101,15728642,0.02563263,0.009722709,0.15375,nan,0
9143561751,9143556832,15728642,0.025632627,0.0106065925,0.13437499,nan,0
9143661070,9143656380,15728642,0.016793795,0.014142127,0.1375,nan,0
9143760736,9143756939,15728642,0.018119618,0.011932418,0.12625,nan,0
9143861250,9143857063,15728642,0.01590991,0.022097077,0.141875,nan,0
9143962885,9143957100,15728642,0.012374377,0.005303292,0.130625,nan,0
9144062049,9144057560,15728642,0.02032933,0.008838826,0.15375,nan,0
9144162131,9144157242,15728642,0.016793795,-8.306691e-09,0.13437499,nan,0
9144261725,9144257737,15728642,0.023422921,0.012816302,0.138125,nan,0
9144362163,9144357970,15728642,0.025632627,-0.0035355422,0.130625,nan,0
9144463143,9144457856,15728642,0.024748746,0.018561542,0.14999999,nan,0
9144563142,9144558240,15728642,0.041100588,0.013700184,0.13374999,nan,0
9144663392,9144658475,15728642,0.02784234,0.007513,0.14625,nan,0
9144762820,9144758430,15728642,0.014584086,0.0022097002,0.138125,nan,0
9144862660,9144858800,15728642,0.022539036,0.0075130016,0.12625,nan,0
9144953759,9144948857,15728642,0.036681175,0.0039774673,0.14625,nan,0
9145063776,9145059082,15728642,0.022539038,0.02077125,0.141875,nan,0
9145163500,9145159297,15728642,0.018119618,0.011932418,0.130625,nan,0
9145264103,9145259214,15728642,0.0044194246,0.0150260115,0.118125,nan,0
9145363743,9145359358,15728642,0.020329325,0.00972271,0.122499995,nan,0
9145454780,9145449478,15728642,0.010164669,0.0075130006,0.130625,nan,0
9145565109,9145559823,15728642,0.019445444,0.017677661,0.13,nan,0
9145665493,9145660169,15728642,0.033145636,0.008396882,0.154375,nan,0
9145753881,9145750080,15728642,0.021655152,0.001325817,0.11875,nan,0
9145867119,9145859623,15728642,0.012816318,0.019003484,0.12625,nan,0
9145954649,9145950439,15728642,0.0075130165,0.0048613516,0.118125,nan,0
9146066654,9146060268,15728642,0.0119324345,-0.00044195075,0.138125,nan,0
9146165294,9146160396,15728642,0.01325826,0.0106065925,0.13437499,nan,0
9146254545,9146250563,15728642,0.008396899,-0.0030935986,0.11125,nan,0
9146355510,9146351024,15728642,0.0075130155,0.0048613525,0.110625,nan,0
9146455400,9146451197,15728642,0.022539038,0.0066291178,0.141875,nan,0
9146555674,9146551485,15728642,0.0026516586,-0.010606609,0.130625,nan,0
9146655383,9146651801,15728642,0.012374377,0.0053032925,0.12625,nan,0
9146755792,9146751405,15728642,0.014584083,0.0030935856,0.110625,nan,0
9146856593,9146852098,15728642,0.0137002,-0.002209716,0.11875,nan,0
9146957697,9146951706,15728642,0.02386486,0.013258245,0.118125,nan,0
9147056886,9147052171,15728642,0.028284278,-7.572612e-09,0.122499995,nan,0
9147156419,9147152022,15728642,0.019445444,0.003535526,0.122499995,nan,0
9147256537,9147253141,15728642,0.019445444,0.0044194106,0.11125,nan,0
9147356525,9147352514,15728642,0.026958453,0.002209701,0.122499995,nan,0
9147458974,9147452389,15728642,0.021655152,0.0013258166,0.122499995,nan,0
9147557833,9147552941,15728642,0.03181981,-0.010606609,0.13125,nan,0
9147657979,9147652888,15728642,0.01635185,0.00044193532,0.11125,nan,0
9147757789,9147752892,15728642,0.02121321,0.015909895,0.110625,nan,0
9147857357,9147853369,15728642,0.01635185,0.00044193532,0.11125,nan,0
9147959626,9147953237,15728642,0.025632627,-0.0026516574,0.106874995,nan,0
9148057997,9148053806,15728642,0.02386486,-0.0008838915,0.114999995,nan,0
9148158585,9148153881,15728642,0.031819813,0.0035355263,0.126875,nan,0
9148258487,9148253972,15728642,0.0128163155,-0.0075130155,0.099374995,nan,0
9148359131,9148354613,15728642,0.016351849,0.0013258193,0.098749995,nan,0
9148459710,9148453926,15728642,0.011932433,0.00044193584,0.103125,nan,0
9148558699,9148554490,15728642,0.018119616,-0.006629133,0.103125,nan,0
9148659322,9148654612,15728642,0.021655152,0.0013258171,0.114999995,nan,0
9148758762,9148754267,15728642,0.01856156,-0.0017677739,0.11125,nan,0
9148858642,9148854830,15728642,0.022097094,-0.006187191,0.103125,nan,0
9148960521,9148955633,15728642,0.017235734,0.006629119,0.110625,nan,0
9149060196,9149055285,15728642,0.024306802,-0.0083969,0.11125,nan,0
9149159917,9149155429,15728642,0.01856156,-0.0017677743,0.11875,nan,0
9149260162,9149255046,15728642,0.02651651,0.0026516446,0.103125,nan,0
9149360096,9149355609,15728642,0.023422917,-0.00044194856,0.103125,nan,0
9149460928,9149457122,15728642,0.03137787,0.00397747,0.098749995,nan,0
9149562204,9149555517,15728642,0.02651651,0.002651644,0.11125,nan,0
9149660788,9149656254,15728642,0.029610101,0.0057452354,0.11125,nan,0
9149760520,9149756034,15728642,0.025190685,0.011048536,0.110625,nan,0
9149861124,9149856937,15728642,0.02121321,0.0017677599,0.106874995,nan,0
9149960420,9149956618,15728642,0.02651651,0.016793778,0.114999995,nan,0
9150062807,9150056220,15728642,0.023422917,-0.0004419488,0.106874995,nan,0
9150161958,9150156859,15728642,0.018119616,-0.0075130165,0.114999995,nan,0
9150261877,9150256993,15728642,0.0026516567,-0.009722725,0.103125,nan,0
9150361744,9150356857,15728642,0.014584083,0.0030935854,0.114999995,nan,0
9150461667,9150457437,15728642,0.023422917,-0.0004419488,0.106874995,nan,0
9150563367,9150557181,15728642,0.020329326,0.010606595,0.098749995,nan,0
9150662085,9150657697,15728642,0.022539036,0.007513002,0.114999995,nan,0
9150762226,9150757731,15728642,0.022539036,0.0075130025,0.110625,nan,0
9150862729,9150857829,15728642,0.01590991,-0.0044194246,0.106874995,nan,0
9150962699,9150958314,15728642,0.02165515,0.002209703,0.091249995,nan,0
9151062348,9151057945,15728642,0.01856156,-0.0017677739,0.11125,nan,0
9151163391,9151158868,15728642,0.010606607,-0.0053033065,0.098749995,nan,0
9151263650,9151258757,15728642,0.022539036,0.007513002,0.114999995,nan,0
9151363487,9151358400,15728642,0.013700198,-0.0022097148,0.098749995,nan,0
9151463142,9151458756,15728642,0.017235734,0.00662912,0.098749995,nan,0
9151563201,9151559209,15728642,0.017677676,-0.0070710746,0.106874995,nan,0
9151665058,9151659050,15728642,0.0128163155,-0.0075130155,0.091874994,nan,0
9151763689,9151759500,15728642,0.025632627,-0.0026516574,0.106874995,nan,0
9151863964,9151859271,15728642,0.03447146,0.007954944,0.095625,nan,0
9151964095,9151959606,15728642,0.016351849,0.0013258193,0.098749995,nan,0
9152054848,9152049956,15728642,0.018561559,-0.0017677734,0.103125,nan,0
9152166260,9152159638,15728642,0.028284278,0.000883878,0.103125,nan,0
9152264763,9152260269,15728642,0.028284278,0.0008838778,0.106874995,nan,0
9152364527,9152360138,15728642,0.024748743,0.005303294,0.103125,nan,0
9152464627,9152460631,15728642,0.022539036,0.007513002,0.114999995,nan,0
9152557693,9152550963,15728642,0.019887384,-0.009280784,0.11125,nan,0
9152656462,9152650868,15728642,0.019445444,0.00441941,0.114999995,nan,0
9152755735,9152750624,15728642,0.017235734,0.006629119,0.106874995,nan,0
9152855287,9152850871,15728642,0.024748743,0.0053032944,0.098749995,nan,0
9152955469,9152951286,15728642,0.018119616,-0.006629133,0.103125,nan,0
9153057665,9153051234,15728642,0.020329326,-0.004419425,0.114999995,nan,0
9153157455,9153151856,15728642,0.013258258,-0.015909908,0.103125,nan,0
9153256258,9153251437,15728642,0.02386486,-0.00088389125,0.11125,nan,0
9153356428,9153352245,15728642,0.027400395,-0.005303307,0.103125,nan,0
9153461413,9153457827,15728642,0.019445442,-0.008838841,0.091874994,nan,0
9153558293,9153551902,15728642,0.028284278,0.0008838783,0.098749995,nan,0
9153657544,9153652456,15728642,0.022097094,-0.006187191,0.103125,nan,0
9153756482,9153752495,15728642,0.018119618,0.0128163025,0.106874995,nan,0
9153857052,9153852870,15728642,0.00044194798,-0.0075130155,0.103125,nan,0
9153957005,9153952808,15728642,0.019445442,0.0044194115,0.095625,nan,0
9154058454,9154052640,15728642,0.015909908,-0.004419424,0.103125,nan,0
9154158830,9154153226,15728642,0.01635185,0.00044193512,0.114374995,nan,0
9154257552,9154253063,15728642,0.02386486,-0.0008838915,0.114999995,nan,0
9154358162,9154353044,15728642,0.016351849,0.0013258191,0.103125,nan,0
9154458156,9154453451,15728642,0.014142141,0.0035355282,0.095625,nan,0
9154558899,9154553412,15728642,0.018119616,-0.0013258309,0.098749995,nan,0
9154659603,9154654012,15728642,0.0128163155,-0.0075130165,0.103125,nan,0
9154758558,9154754073,15728642,0.032703694,0.0097227115,0.106874995,nan,0
9154859895,9154855164,15728642,0.023422915,-0.00044194813,0.095625,nan,0
9154959041,9154954641,15728642,0.015467965,-0.003977481,0.083749995,nan,0
9155059086,9155055087,15728642,0.022097094,-0.006187191,0.103125,nan,0
9155160444,9155154854,15728642,0.01590991,-0.004419425,0.114999995,nan,0
9155260229,9155254641,15728642,0.019445444,0.003535526,0.11875,nan,0
9155363128,9155356745,15728642,0.014142141,0.0035355282,0.095625,nan,0
9155459287,9155454746,15728642,0.018561559,-0.0017677734,0.103125,nan,0
9155559744,9155555259,15728642,0.03137787,0.00397747,0.103125,nan,0
9155663536,9155655547,15728642,0.017677676,-0.0070710755,0.11125,nan,0
9155760689,9155755570,15728642,0.022097094,-0.0061871917,0.11125,nan,0
9155860232,9155855346,15728642,0.020771267,0.010164653,0.106874995,nan,0
9155960528,9155955637,15728642,0.019445442,0.0044194115,0.098749995,nan,0
9156060763,9156056266,15728642,0.02209709,-0.0061871903,0.095625,nan,0
9156161788,9156156203,15728642,0.03137787,0.0039774696,0.11125,nan,0
9156261277,9156256379,15728642,0.020771267,0.010164653,0.106874995,nan,0
9156361087,9156356199,15728642,0.015909908,-0.0044194236,0.095625,nan,0
9156461051,9156457064,15728642,0.019445444,0.0044194106,0.11125,nan,0
9156560929,9156556938,15728642,0.020329325,-0.0035355394,0.095625,nan,0
9156663400,9156656973,15728642,0.01856156,-0.0017677743,0.11875,nan,0
9156761871,9156757375,15728642,0.024306802,0.0048613525,0.114999995,nan,0
9156861457,9156857061,15728642,0.02872622,0.014584069,0.110625,nan,0
9156961531,9156957735,15728642,0.028284278,0.0008838783,0.098749995,nan,0
9157061446,9157058033,15728642,0.027842335,0.008396885,0.110625,nan,0
9157163712,9157157720,15728642,0.02651651,0.0026516444,0.106874995,nan,0
9157263033,9157258129,15728642,0.024748744,-0.008838843,0.115624994,nan,0
9157362650,9157358236,15728642,0.020771267,0.010164653,0.106874995,nan,0
9157462212,9157458226,15728642,0.013700198,-0.002209715,0.103125,nan,0
9157562494,9157558513,15728642,0.020771269,-0.003977482,0.106874995,nan,0
9157664415,9157658421,15728642,0.016351849,0.0013258193,0.098749995,nan,0
9157763140,9157758956,15728642,0.01635185,0.0004419351,0.114999995,nan,0
9157863806,9157859119,15728642,0.03447146,0.007954944,0.106874995,nan,0
9157963467,9157958782,15728642,0.017235734,0.006629119,0.1025,nan,0
9158062898,9158059112,15728642,0.03137787,0.018119605,0.1025,nan,0
9158154416,9158149702,15728642,0.02651651,0.0026516449,0.098749995,nan,0
9158263888,9158259682,15728642,0.019887384,-0.009280784,0.11125,nan,0
9158364754,9158359860,15728642,0.025190685,-0.0030935986,0.11125,nan,0
9158464523,9158459631,15728642,0.011932433,0.0057452368,0.098749995,nan,0
9158564306,9158559902,15728642,0.017235734,0.006629119,0.1025,nan,0
9158654687,9158650287,15728642,0.02386486,-0.00088389125,0.11125,nan,0
9158766291,9158760082,15728642,0.01635185,0.00044193532,0.11125,nan,0
9158854523,9158850682,15728642,0.024748743,0.005303294,0.106874995,nan,0
9158965526,9158960630,15728642,0.022097094,-0.0061871917,0.11125,nan,0
9159065139,9159060753,15728642,0.019445442,-0.008838841,0.103125,nan,0
9159155361,9159150959,15728642,0.02651651,0.002651644,0.11125,nan,0
9159256093,9159251159,15728642,0.020771269,-0.0039774817,0.103125,nan,0
9159355543,9159351958,15728642,0.0243068,0.0057452363,0.095625,nan,0
9159457390,9159451905,15728642,0.0035355398,-0.0035355398,0.098749995,nan,0
9159556641,9159551740,15728642,0.025632627,0.010606593,0.114999995,nan,0
9159657458,9159651659,15728642,0.028284278,0.0008838783,0.098749995,nan,0
9159757049,9159751965,15728642,0.013258258,-0.015909908,0.103125,nan,0
9159856222,9159851732,15728642,0.019445444,0.0044194106,0.11125,nan,0
9159957408,9159952315,15728642,0.028284278,0.000883878,0.103125,nan,0
9160057439,9160052929,15728642,0.018119616,-0.0066291327,0.099999994,nan,0
9160158487,9160152271,15728642,0.036239225,0.0053032935,0.095625,nan,0
9160257087,9160252699,15728642,0.025190685,0.011048536,0.110625,nan,0
9160357241,9160352738,15728642,0.016793791,-0.012374375,0.103125,nan,0
9160457182,9160452690,15728642,0.0296101,0.0066291206,0.091249995,nan,0
9160557856,9160553358,15728642,0.016793791,-0.012374375,0.103125,nan,0
9160658908,9160654014,15728642,0.027400393,0.008838828,0.106874995,nan,0
9160757639,9160753614,15728642,0.01590991,-0.004419425,0.114999995,nan,0
9160858214,9160853329,15728642,0.028284278,0.000883878,0.103125,nan,0
9160958571,9160954366,15728642,0.022539036,0.0075130025,0.106874995,nan,0
9161058248,9161054054,15728642,0.026074568,-0.011048551,0.107499994,nan,0
9161159745,9161153960,15728642,0.014142141,0.0035355277,0.103125,nan,0
9161258720,9161254218,15728642,0.015467968,0.00928077,0.110625,nan,0
9161358646,9161354218,15728642,0.010606607,-0.0053033065,0.098749995,nan,0
9161459434,9161454932,15728642,0.03137787,0.0039774696,0.106874995,nan,0
9161559195,9161554701,15728642,0.012816316,0.011932421,0.091249995,nan,0
9161659759,9161655371,15728642,0.03447146,-0.006187191,0.095625,nan,0
9161760177,9161755074,15728642,0.022539036,0.007513002,0.118125,nan,0
9161859403,9161855019,15728642,0.01856156,-0.0017677736,0.106874995,nan,0
9161959441,9161955440,15728642,0.022539036,0.007513002,0.114999995,nan,0
