timestamp,timestamp_sample,device_id,x,y,z,temperature,error_count,clip_counter[0],clip_counter[1],clip_counter[2],samples
9100557564,9100556841,15728642,-0.44746658,-0.35907707,-9.855469,nan,0,0,0,0,1
9100570690,9100569463,15728642,-0.41984522,-0.38669842,-9.8125,nan,0,0,0,0,1
9100636383,9100635500,15728642,-0.44746658,-0.35907707,-9.855469,nan,0,0,0,0,1
9100730883,9100729791,15728642,-0.44746658,-0.35907707,-9.816406,nan,0,0,0,0,1
9100835292,9100829809,15728642,-0.44746658,-0.35907707,-9.855469,nan,0,0,0,0,1
9100938290,9100932473,15728642,-0.44746658,-0.35907707,-9.816406,nan,0,0,0,0,1
9101035440,9101033148,15728642,-0.39222386,-0.35907707,-9.855469,nan,0,0,0,0,1
9101137124,9101136236,15728642,-0.44746658,-0.35907707,-9.816406,nan,0,0,0,0,1
9101230386,9101229498,15728642,-0.44746658,-0.35907707,-9.816406,nan,0,0,0,0,1
9101336165,9101330555,15728642,-0.44746658,-0.35907707,-9.855469,nan,0,0,0,0,1
9101438671,9101433064,15728642,-0.44746658,-0.35907707,-9.855469,nan,0,0,0,0,1
9101536729,9101534023,15728642,-0.44746658,-0.35907707,-9.816406,nan,0,0,0,0,1
9101637107,9101636420,15728642,-0.44746658,-0.35907707,-9.816406,nan,0,0,0,0,1
9101731492,9101730794,15728642,-0.44746658,-0.35907707,-9.855469,nan,0,0,0,0,1
9101837450,9101831049,15728642,-0.41984522,-0.38669842,-9.8515625,nan,0,0,0,0,1
9101939201,9101933711,15728642,-0.44746658,-0.35907707,-9.816406,nan,0,0,0,0,1
9102036999,9102034515,15728642,-0.44746658,-0.35907707,-9.816406,nan,0,0,0,0,1
9102138672,9102137790,15728642,-0.44746658,-0.35907707,-9.855469,nan,0,0,0,0,1
9102232097,9102231410,15728642,-0.41984522,-0.38669842,-9.8515625,nan,0,0,0,0,1
9102336212,9102331793,15728642,-0.44746658,-0.35907707,-9.855469,nan,0,0,0,0,1
9102440688,9102434482,15728642,-0.44746658,-0.35907707,-9.855469,nan,0,0,0,0,1
9102538247,9102535544,15728642,-0.44746658,-0.35907707,-9.816406,nan,0,0,0,0,1
9102638681,9102636890,15728642,-0.44746658,-0.35907707,-9.816406,nan,0,0,0,0,1
9102732563,9102731870,15728642,-0.44746658,-0.35907707,-9.855469,nan,0,0,0,0,1
9102834915,9102833815,15728642,-0.44746658,-0.35907707,-9.816406,nan,0,0,0,0,1
9102941282,9102935090,15728642,-0.44746658,-0.35907707,-9.855469,nan,0,0,0,0,1
9103040186,9103036383,15728642,-0.44746658,-0.35907707,-9.855469,nan,0,0,0,0,1
9103131460,9103130575,15728642,-0.41984522,-0.38669842,-9.8515625,nan,0,0,0,0,1
9103233243,9103232560,15728642,-0.44746658,-0.35907707,-9.855469,nan,0,0,0,0,1
9103335199,9103334098,15728642,-0.44746658,-0.35907707,-9.855469,nan,0,0,0,0,1
9103441606,9103435613,15728642,-0.41984522,-0.38669842,-9.8125,nan,0,0,0,0,1
9103539784,9103536865,15728642,-0.41984522,-0.38669842,-9.8125,nan,0,0,0,0,1
9103640424,9103639529,15728642,-0.44746658,-0.35907707,-9.855469,nan,0,0,0,0,1
9103733472,9103732758,15728642,-0.44746658,-0.35907707,-9.855469,nan,0,0,0,0,1
9103835911,9103834126,15728642,-0.41984522,-0.38669842,-9.8515625,nan,0,0,0,0,1
9103943089,9103936379,15728642,-0.39222386,-0.35907707,-9.816406,nan,0,0,0,0,1
9104040615,9104037725,15728642,-0.44746658,-0.35907707,-9.816406,nan,0,0,0,0,1
9104132575,9104131883,15728642,-0.41984522,-0.38669842,-9.8515625,nan,0,0,0,0,1
9104234387,9104233697,15728642,-0.41984522,-0.38669842,-9.8125,nan,0,0,0,0,1
9104336900,9104335814,15728642,-0.41984522,-0.38669842,-9.8515625,nan,0,0,0,0,1
9104443483,9104437083,15728642,-0.41984522,-0.38669842,-9.8125,nan,0,0,0,0,1
9104543011,9104539907,15728642,-0.44746658,-0.35907707,-9.816406,nan,0,0,0,0,1
9104633775,9104632886,15728642,-0.44746658,-0.35907707,-9.816406,nan,0,0,0,0,1
9104735407,9104734525,15728642,-0.44746658,-0.35907707,-9.855469,nan,0,0,0,0,1
9104837694,9104835711,15728642,-0.41984522,-0.38669842,-9.8515625,nan,0,0,0,0,1
9104943748,9104937559,15728642,-0.44746658,-0.35907707,-9.816406,nan,0,0,0,0,1
9105042480,9105039544,15728642,-0.44746658,-0.35907707,-9.855469,nan,0,0,0,0,1
9105125677,9105124946,15728642,-0.4723258,-0.3839363,-9.855469,nan,0,0,0,0,1
9105235391,9105234689,15728642,-0.44746658,-0.35907707,-9.816406,nan,0,0,0,0,1
9105338009,9105336005,15728642,-0.4723258,-0.3839363,-9.816406,nan,0,0,0,0,1
9105444708,9105438122,15728642,-0.44746658,-0.35907707,-9.816406,nan,0,0,0,0,1
9105533745,9105532830,15728642,-0.41984522,-0.38669842,-9.8125,nan,0,0,0,0,1
9105633987,9105633290,15728642,-0.44746658,-0.35907707,-9.855469,nan,0,0,0,0,1
9105736387,9105735672,15728642,-0.44746658,-0.35907707,-9.855469,nan,0,0,0,0,1
9105839441,9105837445,15728642,-0.41984522,-0.38669842,-9.8125,nan,0,0,0,0,1
9105945522,9105938903,15728642,-0.41984522,-0.38669842,-9.8515625,nan,0,0,0,0,1
9106034631,9106032849,15728642,-0.44746658,-0.35907707,-9.855469,nan,0,0,0,0,1
9106127179,9106126487,15728642,-0.41984522,-0.38669842,-9.8515625,nan,0,0,0,0,1
9106236355,9106235669,15728642,-0.44746658,-0.35907707,-9.855469,nan,0,0,0,0,1
9106340056,9106338934,15728642,-0.41984522,-0.38669842,-9.8515625,nan,0,0,0,0,1
9106446913,9106439428,15728642,-0.41984522,-0.38669842,-9.8125,nan,0,0,0,0,1
9106534595,9106532403,15728642,-0.41984522,-0.38669842,-9.8515625,nan,0,0,0,0,1
9106628862,9106627928,15728642,-0.41984522,-0.38669842,-9.8125,nan,0,0,0,0,1
9106737659,9106736947,15728642,-0.44746658,-0.35907707,-9.855469,nan,0,0,0,0,1
9106835337,9106829758,15728642,-0.44470444,-0.41155764,-9.8515625,nan,0,0,0,0,1
9106934880,9106932190,15728642,-0.44746658,-0.35907707,-9.855469,nan,0,0,0,0,1
9107035542,9107033049,15728642,-0.44746658,-0.35907707,-9.855469,nan,0,0,0,0,1
9107128496,9107127788,15728642,-0.44746658,-0.35907707,-9.855469,nan,0,0,0,0,1
9107231319,9107229336,15728642,-0.44746658,-0.35907707,-9.816406,nan,0,0,0,0,1
9107336187,9107330193,15728642,-0.44746658,-0.35907707,-9.855469,nan,0,0,0,0,1
9107435320,9107431944,15728642,-0.44746658,-0.35907707,-9.855469,nan,0,0,0,0,1
9107536276,9107533767,15728642,-0.44746658,-0.35907707,-9.816406,nan,0,0,0,0,1
9107637342,9107636636,15728642,-0.41984522,-0.38669842,-9.8125,nan,0,0,0,0,1
9107731755,9107729767,15728642,-0.41984522,-0.38669842,-9.8515625,nan,0,0,0,0,1
9107836701,9107830920,15728642,-0.44746658,-0.35907707,-9.855469,nan,0,0,0,0,1
9107936922,9107932711,15728642,-0.44746658,-0.35907707,-9.855469,nan,0,0,0,0,1
9108036559,9108034279,15728642,-0.44746658,-0.35907707,-9.816406,nan,0,0,0,0,1
9108130069,9108129387,15728642,-0.44746658,-0.35907707,-9.816406,nan,0,0,0,0,1
9108232549,9108231450,15728642,-0.44746658,-0.35907707,-9.855469,nan,0,0,0,0,1
9108337198,9108331620,15728642,-0.41984522,-0.38669842,-9.8515625,nan,0,0,0,0,1
9108437293,9108433310,15728642,-0.44746658,-0.35907707,-9.855469,nan,0,0,0,0,1
9108537164,9108534872,15728642,-0.44746658,-0.35907707,-9.855469,nan,0,0,0,0,1
9108630514,9108629628,15728642,-0.41984522,-0.38669842,-9.8515625,nan,0,0,0,0,1
9108733882,9108732744,15728642,-0.41984522,-0.38669842,-9.8125,nan,0,0,0,0,1
9108838717,9108832136,15728642,-0.44746658,-0.35907707,-9.816406,nan,0,0,0,0,1
9108938327,9108933945,15728642,-0.41984522,-0.38669842,-9.8515625,nan,0,0,0,0,1
9109038919,9109036637,15728642,-0.41984522,-0.38669842,-9.8515625,nan,0,0,0,0,1
9109131352,9109130668,15728642,-0.44746658,-0.35907707,-9.816406,nan,0,0,0,0,1
9109233244,9109232532,15728642,-0.44746658,-0.35907707,-9.855469,nan,0,0,0,0,1
9109339306,9109332722,15728642,-0.41984522,-0.38669842,-9.8515625,nan,0,0,0,0,1
9109438528,9109435223,15728642,-0.39222386,-0.35907707,-9.855469,nan,0,0,0,0,1
9109538996,9109536114,15728642,-0.41984522,-0.38669842,-9.8515625,nan,0,0,0,0,1
9109631399,9109630719,15728642,-0.41984522,-0.38669842,-9.8515625,nan,0,0,0,0,1
9109732801,9109732111,15728642,-0.44746658,-0.35907707,-9.855469,nan,0,0,0,0,1
9109839043,9109834523,15728642,-0.6076705,-0.14363045,-9.855469,nan,0,0,0,0,1
9109939577,9109935091,15728642,-0.8783598,0.022097688,-9.816406,nan,0,0,0,0,1
9110039882,9110037005,15728642,-0.8783598,0.12705888,-9.7734375,nan,0,0,0,0,1
9110132346,9110131455,15728642,-1.0164666,0.20992295,-9.96875,nan,0,0,0,0,1
9110233836,9110233155,15728642,-1.3368744,0.48061222,-9.8125,nan,0,0,0,0,1
9110336580,9110335495,15728642,-1.6931899,0.67119956,-9.972656,nan,0,0,0,0,1
9110440263,9110435577,15728642,-2.2870488,-0.08838775,-9.285156,nan,0,0,0,0,1
9110531504,9110530607,15728642,-2.4223938,0.10219969,-9.8515625,nan,0,0,0,0,1
9110632355,9110631670,15728642,-2.6654615,-0.1408683,-9.5859375,nan,0,0,0,0,1
9110734316,9110733623,15728642,-2.856049,-0.17125177,-9.589844,nan,0,0,0,0,1
9110837690,9110835672,15728642,-2.9112916,-0.27621305,-9.511719,nan,0,0,0,0,1
9110941443,9110936143,15728642,-2.9665341,-0.3314557,-9.4296875,nan,0,0,0,0,1
9111041275,9111038590,15728642,-2.880908,-0.19611096,-9.546875,nan,0,0,0,0,1
9111132991,9111132298,15728642,-2.800806,-0.0055236924,-9.46875,nan,0,0,0,0,1
9111234778,9111234094,15728642,-2.5853596,0.2651657,-9.628906,nan,0,0,0,0,1
9111337533,9111335746,15728642,-2.287049,0.50823355,-9.707031,nan,0,0,0,0,1
9111442477,9111436962,15728642,-2.0992236,0.5358549,-9.5859375,nan,0,0,0,0,1
9111542819,9111539524,15728642,-2.2870488,0.50823355,-9.167969,nan,0,0,0,0,1
9111633914,9111633021,15728642,-1.6103257,0.75406367,-9.707031,nan,0,0,0,0,1
9111735084,9111734385,15728642,-1.0965685,0.12982103,-10.046875,nan,0,0,0,0,1
9111838667,9111837577,15728642,-1.2319132,0.26516563,-9.816406,nan,0,0,0,0,1
9111942525,9111937238,15728642,-0.7430151,-0.11324696,-9.890625,nan,0,0,0,0,1
9112042686,9112038863,15728642,-0.7430151,-0.2237324,-9.7734375,nan,0,0,0,0,1
9112133963,9112133257,15728642,-0.5800491,-0.276213,-9.816406,nan,0,0,0,0,1
9112236375,9112235675,15728642,-0.3093598,-0.22097024,-9.8125,nan,0,0,0,0,1
9112338799,9112337614,15728642,-0.4999472,0.07457828,-10.046875,nan,0,0,0,0,1
9112443660,9112437880,15728642,-0.22925788,-0.4115576,-10.011719,nan,0,0,0,0,1
9112534091,9112531781,15728642,-0.3093598,-0.5469023,-9.8515625,nan,0,0,0,0,1
9112634191,9112633507,15728642,-0.6629132,-0.5745237,-9.933594,nan,0,0,0,0,1
9112736518,9112735814,15728642,-0.28450057,-0.52204305,-9.8515625,nan,0,0,0,0,1
9112838011,9112837319,15728642,-0.5800491,-0.71263045,-10.011719,nan,0,0,0,0,1
9112943333,9112939144,15728642,0.31212074,0.6159569,-9.746094,nan,0,0,0,0,1
9113034610,9113032322,15728642,1.0717081,1.430787,-9.128906,nan,0,0,0,0,1
9113134991,9113134308,15728642,0.8010188,1.0496122,-9.625,nan,0,0,0,0,1
9113230486,9113228477,15728642,0.6656742,0.26240346,-9.125,nan,0,0,0,0,1
9113344958,9113339165,15728642,1.0440868,-0.1712518,-10.011719,nan,0,0,0,0,1
9113435694,9113431909,15728642,0.8010188,-0.74025184,-9.972656,nan,0,0,0,0,1
9113538123,9113533710,15728642,0.20439748,-1.3865916,-8.859375,nan,0,0,0,0,1
9113636575,9113635693,15728642,-0.5248064,-2.0660772,-8.9375,nan,0,0,0,0,1
9113731123,9113730031,15728642,-0.6877724,-1.2512469,-9.7421875,nan,0,0,0,0,1
9113835970,9113830183,15728642,-0.9308404,-0.7374897,-9.667969,nan,0,0,0,0,1
9113936462,9113931772,15728642,-1.2042918,-1.1159022,-9.890625,nan,0,0,0,0,1
9114027459,9114026776,15728642,-0.22925788,0.07457826,-9.5859375,nan,0,0,0,0,1
9114136651,9114135961,15728642,0.45022756,0.64357823,-9.816406,nan,0,0,0,0,1
9114230981,9114230095,15728642,0.88112074,0.64357823,-10.050781,nan,0,0,0,0,1
9114326571,9114323888,15728642,1.2346741,0.45575297,-9.8515625,nan,0,0,0,0,1
9114436738,9114432303,15728642,2.0467422,0.7264423,-9.546875,nan,0,0,0,0,1
9114536948,9114534234,15728642,2.4803975,0.3977481,-9.550781,nan,0,0,0,0,1
9114638096,9114637206,15728642,1.9666401,-0.27621305,-9.433594,nan,0,0,0,0,1
9114731661,9114730971,15728642,1.4501207,-1.2236257,-9.546875,nan,0,0,0,0,1
9114834880,9114831294,15728642,1.800912,-0.8728343,-9.5859375,nan,0,0,0,0,1
9114939494,9114933695,15728642,2.941674,0.5883355,-9.7734375,nan,0,0,0,0,1
9115037409,9115034726,15728642,2.8864315,0.5883356,-9.046875,nan,0,0,0,0,1
9115138498,9115137609,15728642,2.6433635,0.6159569,-9.394531,nan,0,0,0,0,1
9115231453,9115230759,15728642,2.427917,0.61595696,-9.4296875,nan,0,0,0,0,1
9115334410,9115333309,15728642,1.963878,0.31764618,-9.246094,nan,0,0,0,0,1
9115438520,9115433638,15728642,2.182087,1.187719,-9.472656,nan,0,0,0,0,1
9115528913,9115528160,15728642,1.2070528,0.8590249,-10.050781,nan,0,0,0,0,1
9115639675,9115638766,15728642,0.77339745,1.3479228,-9.8125,nan,0,0,0,0,1
9115732643,9115731941,15728642,0.23201878,1.0219908,-9.855469,nan,0,0,0,0,1
9115834910,9115833815,15728642,-0.17401515,0.72644234,-9.7734375,nan,0,0,0,0,1
9115939644,9115934154,15728642,0.04419356,1.3203014,-9.746094,nan,0,0,0,0,1
9116039564,9116036882,15728642,-0.3922239,0.83416563,-9.7734375,nan,0,0,0,0,1
9116131678,9116130984,15728642,-0.3093598,0.26516563,-9.707031,nan,0,0,0,0,1
9116233125,9116232440,15728642,-0.22649573,-0.30383435,-9.550781,nan,0,0,0,0,1
9116335504,9116334420,15728642,-0.1463938,-0.54966444,-9.855469,nan,0,0,0,0,1
9116440547,9116434955,15728642,-0.12153459,-0.9004557,-9.7734375,nan,0,0,0,0,1
9116540396,9116537692,15728642,-0.33698115,-1.171145,-9.625,nan,0,0,0,0,1
9116631525,9116630840,15728642,-0.2541171,-1.1435236,-10.011719,nan,0,0,0,0,1
9116734032,9116733150,15728642,-0.44470444,-1.3893538,-9.7421875,nan,0,0,0,0,1
9116836962,9116834972,15728642,-0.28173843,-1.2263877,-9.6640625,nan,0,0,0,0,1
9116940551,9116935437,15728642,-0.14915591,-0.65738773,-9.628906,nan,0,0,0,0,1
9117040446,9117037544,15728642,0.17677608,-0.116009094,-9.816406,nan,0,0,0,0,1
9117140559,9117138768,15728642,0.6131936,0.20992294,-9.816406,nan,0,0,0,0,1
9117233919,9117233221,15728642,0.9916061,0.3728889,-9.628906,nan,0,0,0,0,1
9117336769,9117334977,15728642,1.4224993,0.3728889,-9.363281,nan,0,0,0,0,1
9117442013,9117436007,15728642,1.72081,0.40051025,-9.746094,nan,0,0,0,0,1
9117541531,9117537505,15728642,1.5854653,0.20992291,-9.550781,nan,0,0,0,0,1
9117625517,9117624822,15728642,1.3700187,-0.11600912,-9.550781,nan,0,0,0,0,1
9117734624,9117733741,15728642,0.9087421,-0.46680033,-9.707031,nan,0,0,0,0,1
9117837790,9117836704,15728642,0.7209168,-0.765111,-10.0078125,nan,0,0,0,0,1
9117942284,9117936493,15728642,0.31488287,-1.171145,-9.855469,nan,0,0,0,0,1
9118041983,9118038179,15728642,-0.22649574,-1.171145,-10.089844,nan,0,0,0,0,1
9118134680,9118133497,15728642,-1.0938064,-1.9832128,-9.703125,nan,0,0,0,0,1
9118234710,9118234026,15728642,-1.0413257,-2.0356934,-9.855469,nan,0,0,0,0,1
9118336758,9118335869,15728642,-0.7982578,-1.8478682,-9.7421875,nan,0,0,0,0,1
9118442693,9118437164,15728642,-0.3093598,-1.1987664,-9.777344,nan,0,0,0,0,1
9118544327,9118539231,15728642,0.016572222,-0.5469023,-9.894531,nan,0,0,0,0,1
9118626178,9118625489,15728642,0.3397421,-0.00828579,-9.894531,nan,0,0,0,0,1
9118735294,9118734610,15728642,1.2070527,0.69882095,-9.550781,nan,0,0,0,0,1
9118836926,9118836241,15728642,1.5882275,1.1849568,-9.550781,nan,0,0,0,0,1
9118943163,9118938266,15728642,2.0743637,1.4004035,-9.433594,nan,0,0,0,0,1
9119033396,9119031412,15728642,2.019121,1.4004035,-9.359375,nan,0,0,0,0,1
9119134643,9119133958,15728642,1.9666401,1.4031657,-9.511719,nan,0,0,0,0,1
9119237390,9119234701,15728642,0.6905334,-0.033145025,-9.890625,nan,0,0,0,0,1
9119337488,9119336789,15728642,-0.06629186,-1.1159023,-9.5078125,nan,0,0,0,0,1
9119434617,9119430235,15728642,-0.06352969,-0.19611105,-9.285156,nan,0,0,0,0,1
9119534682,9119531965,15728642,-0.5248064,0.20992292,-9.8515625,nan,0,0,0,0,1
9119635453,9119634573,15728642,-1.1490492,-0.30383435,-9.933594,nan,0,0,0,0,1
9119736879,9119736150,15728642,-1.1766704,-0.27621302,-9.8515625,nan,0,0,0,0,1
9119834855,9119829276,15728642,-0.20163654,-0.22373237,-10.0859375,nan,0,0,0,0,1
9119936710,9119931392,15728642,0.50270814,0.20992294,-9.9296875,nan,0,0,0,0,1
9120037441,9120033231,15728642,1.0164653,0.56347626,-9.394531,nan,0,0,0,0,1
9120136372,9120135490,15728642,2.2925723,1.0772337,-9.511719,nan,0,0,0,0,1
9120229248,9120228562,15728642,2.8063295,0.77892286,-8.519531,nan,0,0,0,0,1
9120332425,9120331334,15728642,2.8311887,0.58833545,-9.128906,nan,0,0,0,0,1
9120426133,9120423647,15728642,2.508019,0.8065443,-9.207031,nan,0,0,0,0,1
9120536558,9120533676,15728642,1.2622954,-0.22373241,-9.746094,nan,0,0,0,0,1
9120636961,9120636073,15728642,-0.038670518,-0.33145568,-10.0078125,nan,0,0,0,0,1
9120730242,9120729540,15728642,-0.7706365,-0.52204305,-9.511719,nan,0,0,0,0,1
9120832927,9120831827,15728642,-1.3396364,-0.9805575,-10.316406,nan,0,0,0,0,1
9120937206,9120931911,15728642,-1.0137044,-0.439179,-10.2734375,nan,0,0,0,0,1
9121036926,9121034190,15728642,-1.1214277,-0.276213,-9.5859375,nan,0,0,0,0,1
9121128723,9121128038,15728642,-0.09391324,0.26516566,-10.0078125,nan,0,0,0,0,1
9121230473,9121229758,15728642,0.5579508,0.6960588,-9.5859375,nan,0,0,0,0,1
9121333693,9121332809,15728642,1.7760527,1.0523744,-10.0859375,nan,0,0,0,0,1
9121437455,9121432562,15728642,3.2372227,2.1323695,-8.707031,nan,0,0,0,0,1
9121538036,9121534250,15728642,2.7510867,1.0496123,-8.9375,nan,0,0,0,0,1
9121638932,9121636448,15728642,2.0191207,-0.11324702,-8.941406,nan,0,0,0,0,1
9121731310,9121730620,15728642,1.0440868,0.26516566,-10.128906,nan,0,0,0,0,1
9121833575,9121832665,15728642,0.25964016,-0.51928085,-10.1640625,nan,0,0,0,0,1
9121938527,9121933044,15728642,-0.7153938,-0.79273236,-9.7734375,nan,0,0,0,0,1
9122038492,9122035810,15728642,-1.8257724,-0.8203537,-9.890625,nan,0,0,0,0,1
9122138287,9122136497,15728642,-1.8810151,-0.82035375,-9.589844,nan,0,0,0,0,1
9122231907,9122231223,15728642,-1.0137044,-0.765111,-9.285156,nan,0,0,0,0,1
9122334779,9122333391,15728642,0.5303294,0.12705888,-10.128906,nan,0,0,0,0,1
9122429216,9122426307,15728642,1.5606062,1.1573355,-9.472656,nan,0,0,0,0,1
9122539194,9122535588,15728642,2.9416742,2.267714,-9.207031,nan,0,0,0,0,1
9122640927,9122637323,15728642,3.0217762,1.5909908,-9.0078125,nan,0,0,0,0,1
9122732146,9122731449,15728642,3.3753295,1.8340589,-8.785156,nan,0,0,0,0,1
9122835092,9122833869,15728642,2.914053,1.9694035,-9.046875,nan,0,0,0,0,1
9122938817,9122935217,15728642,1.3700188,0.48061225,-10.050781,nan,0,0,0,0,1
9123040936,9123036011,15728642,0.53032947,-0.5745237,-10.0078125,nan,0,0,0,0,1
9123140745,9123137852,15728642,0.5027081,-1.0882809,-9.394531,nan,0,0,0,0,1
9123233126,9123231939,15728642,-0.38946176,-1.334111,-9.890625,nan,0,0,0,0,1
9123334902,9123334213,15728642,-0.3922239,-1.4418343,-9.746094,nan,0,0,0,0,1
9123440986,9123434797,15728642,-0.79549575,-1.414213,-9.816406,nan,0,0,0,0,1
9123542401,9123537477,15728642,-1.149049,-1.9279702,-9.089844,nan,0,0,0,0,1
9123631963,9123631073,15728642,-0.47232586,-0.6049071,-10.550781,nan,0,0,0,0,1
9123733509,9123732784,15728642,0.9087421,0.72644234,-10.050781,nan,0,0,0,0,1
9123834836,9123834151,15728642,0.7485382,0.34526762,-10.050781,nan,0,0,0,0,1
9123937833,9123936729,15728642,1.231912,0.7789229,-9.855469,nan,0,0,0,0,1
9124042162,9124036880,15728642,1.0993295,1.0219908,-9.707031,nan,0,0,0,0,1
9124141719,9124138822,15728642,-0.3894618,-0.19611102,-9.96875,nan,0,0,0,0,1
9124234164,9124233473,15728642,-0.6629132,-0.14363046,-9.8515625,nan,0,0,0,0,1
9124335933,9124335244,15728642,-1.312015,-0.5220431,-9.96875,nan,0,0,0,0,1
9124438111,9124437019,15728642,-1.2843937,-0.22373238,-10.1640625,nan,0,0,0,0,1
9124542814,9124537524,15728642,-1.0689472,0.10219966,-10.316406,nan,0,0,0,0,1
9124624345,9124623632,15728642,-0.6076704,-0.08838776,-9.667969,nan,0,0,0,0,1
9124734558,9124733875,15728642,0.096674144,0.07457827,-9.703125,nan,0,0,0,0,1
9124836940,9124836021,15728642,1.2346741,0.99713165,-9.625,nan,0,0,0,0,1
9124942912,9124937415,15728642,1.8036741,0.5883356,-9.777344,nan,0,0,0,0,1
9125043113,9125038033,15728642,1.9390188,0.3977481,-8.7421875,nan,0,0,0,0,1
9125133666,9125132054,15728642,1.5854654,0.48061225,-9.3203125,nan,0,0,0,0,1
9125234831,9125234148,15728642,1.0993295,0.48061222,-10.0859375,nan,0,0,0,0,1
9125336926,9125336183,15728642,0.25964022,0.022097655,-9.1640625,nan,0,0,0,0,1
9125439193,9125437191,15728642,-0.36460254,-0.11600906,-10.3125,nan,0,0,0,0,1
9125543981,9125538487,15728642,-0.5248064,-0.005523659,-10.011719,nan,0,0,0,0,1
9125634391,9125632402,15728642,-0.6076705,-0.35907704,-9.816406,nan,0,0,0,0,1
9125736105,9125735382,15728642,0.09667416,0.1850637,-9.589844,nan,0,0,0,0,1
9125836985,9125836292,15728642,0.5579508,0.80654424,-9.4296875,nan,0,0,0,0,1
9125940188,9125939075,15728642,1.0164654,1.6462336,-9.707031,nan,0,0,0,0,1
9126034202,9126031519,15728642,1.0440868,2.5411656,-9.703125,nan,0,0,0,0,1
9126135806,9126132924,15728642,0.745776,1.7014762,-10.199219,nan,0,0,0,0,1
9126228244,9126227359,15728642,0.53032947,0.72368014,-9.359375,nan,0,0,0,0,1
9126331096,9126329048,15728642,0.6932954,0.941889,-10.238281,nan,0,0,0,0,1
9126438391,9126430587,15728642,0.14915474,-0.62976635,-9.972656,nan,0,0,0,0,1
9126536112,9126532317,15728642,0.20439748,-1.1159023,-9.359375,nan,0,0,0,0,1
9126635142,9126633361,15728642,-0.03867052,-1.8506304,-9.324219,nan,0,0,0,0,1
9126736767,9126735880,15728642,-0.30935985,-1.9555916,-9.550781,nan,0,0,0,0,1
9126832281,9126830290,15728642,-0.2817384,-2.3643875,-9.667969,nan,0,0,0,0,1
9126936345,9126930763,15728642,0.041431427,-1.8754896,-9.6640625,nan,0,0,0,0,1
9127036095,9127032277,15728642,-0.5275686,-1.0358003,-9.9296875,nan,0,0,0,0,1
9127127114,9127126434,15728642,0.50270814,0.48061222,-9.777344,nan,0,0,0,0,1
9127236860,9127236131,15728642,-0.06629189,0.2375443,-10.0859375,nan,0,0,0,0,1
9127331990,9127330897,15728642,0.47508675,1.3203014,-9.511719,nan,0,0,0,0,1
9127436965,9127431178,15728642,0.7733974,2.43068,-9.1640625,nan,0,0,0,0,1
9127537522,9127532834,15728642,0.8838829,2.756612,-9.2421875,nan,0,0,0,0,1
9127620332,9127619645,15728642,0.96398485,3.1626458,-7.7148438,nan,0,0,0,0,1
9127737689,9127737005,15728642,0.53032964,3.811748,-8.78125,nan,0,0,0,0,1
9127831306,9127830622,15728642,0.36736348,3.2731314,-9.28125,nan,0,0,0,0,1
9127938385,9127931679,15728642,0.25964025,3.2151265,-8.941406,nan,0,0,0,0,1
9128038060,9128033578,15728642,0.25964037,3.7565053,-9.28125,nan,0,0,0,0,1
9128137900,9128135214,15728642,0.28726152,3.2979908,-8.980469,nan,0,0,0,0,1
9128239046,9128238153,15728642,0.3121207,3.2178888,-9.390625,nan,0,0,0,0,1
9128332479,9128331790,15728642,0.2596402,2.7842338,-10.050781,nan,0,0,0,0,1
9128434381,9128433293,15728642,0.3148829,1.6462336,-9.050781,nan,0,0,0,0,1
9128540365,9128534766,15728642,0.06905282,0.69882095,-9.46875,nan,0,0,0,0,1
9128639136,9128636243,15728642,0.12429549,0.37288895,-10.089844,nan,0,0,0,0,1
9128738978,9128737194,15728642,-0.17401515,-0.25135377,-9.5859375,nan,0,0,0,0,1
9128832240,9128831553,15728642,-0.55242777,-1.4418343,-10.011719,nan,0,0,0,0,1
9128935461,9128933674,15728642,-0.3894618,-1.6048003,-10.1953125,nan,0,0,0,0,1
9129039701,9129034417,15728642,-0.17401515,-2.7428005,-9.363281,nan,0,0,0,0,1
9129139189,9129136491,15728642,0.041431457,-3.0134897,-9.1640625,nan,0,0,0,0,1
9129242949,9129238464,15728642,-0.03867052,-3.5797276,-9.3203125,nan,0,0,0,0,1
9129333489,9129332780,15728642,-0.118772335,-4.1514897,-8.746094,nan,0,0,0,0,1
9129435596,9129433813,15728642,-0.011049106,-4.640388,-8.8984375,nan,0,0,0,0,1
9129540301,9129535001,15728642,-0.038670383,-4.2315917,-9.046875,nan,0,0,0,0,1
9129631300,9129630415,15728642,-0.49994716,-4.366936,-9.207031,nan,0,0,0,0,1
9129740616,9129738331,15728642,-0.28450063,-2.146179,-10.046875,nan,0,0,0,0,1
9129833926,9129833246,15728642,-0.7153937,-1.9307324,-9.777344,nan,0,0,0,0,1
9129936960,9129934974,15728642,-1.0164666,-1.4694557,-9.707031,nan,0,0,0,0,1
9130041484,9130035661,15728642,-1.4473598,-1.3589702,-10.011719,nan,0,0,0,0,1
9130142212,9130137814,15728642,-1.5026025,-0.9833198,-10.011719,nan,0,0,0,0,1
9130241663,9130238742,15728642,-1.9362578,-1.3064897,-9.777344,nan,0,0,0,0,1
9130334075,9130333384,15728642,-1.6103257,-0.765111,-9.4296875,nan,0,0,0,0,1
9130431909,9130426610,15728642,-1.5827044,-0.84797513,-10.011719,nan,0,0,0,0,1
9130542293,9130536067,15728642,-1.0965686,-1.008179,-9.894531,nan,0,0,0,0,1
9130643620,9130638736,15728642,0.53032947,-0.24859165,-9.511719,nan,0,0,0,0,1
9130733090,9130732413,15728642,1.1545721,-0.33145568,-9.5078125,nan,0,0,0,0,1
9130834889,9130834208,15728642,1.4528829,-0.08838778,-9.707031,nan,0,0,0,0,1
9130936455,9130935773,15728642,1.6959509,-0.060766425,-9.207031,nan,0,0,0,0,1
9131042698,9131036673,15728642,2.0467422,0.07457819,-9.011719,nan,0,0,0,0,1
9131143438,9131138151,15728642,1.7760527,-0.19611111,-9.207031,nan,0,0,0,0,1
9131234128,9131233427,15728642,0.9087421,-0.14086829,-9.933594,nan,0,0,0,0,1
9131334844,9131334159,15728642,0.47784892,-0.46680036,-9.511719,nan,0,0,0,0,1
9131436626,9131435904,15728642,0.15191685,-0.19611101,-10.167969,nan,0,0,0,0,1
9131539049,9131537953,15728642,-0.2568792,-0.82035375,-9.589844,nan,0,0,0,0,1
9131643808,9131638727,15728642,-0.20163648,-0.87559646,-9.28125,nan,0,0,0,0,1
9131734746,9131733864,15728642,-0.09391323,-0.005523661,-9.855469,nan,0,0,0,0,1
9131835357,9131834666,15728642,1.1269509,0.56347626,-9.894531,nan,0,0,0,0,1
9131937241,9131936556,15728642,-0.11877242,-0.79273236,-9.589844,nan,0,0,0,0,1
9132040436,9132039338,15728642,-0.09391323,-0.1160091,-9.8125,nan,0,0,0,0,1
9132133980,9132131697,15728642,0.88112074,0.31764624,-10.050781,nan,0,0,0,0,1
9132234847,9132234164,15728642,-1.4473597,-1.9555916,-9.589844,nan,0,0,0,0,1
9132329190,9132328480,15728642,0.9363634,0.75406367,-10.089844,nan,0,0,0,0,1
9132438287,9132437597,15728642,1.1794314,0.88664633,-10.3515625,nan,0,0,0,0,1
9132535747,9132530448,15728642,-1.1766704,-1.4694556,-9.746094,nan,0,0,0,0,1
9132635273,9132632564,15728642,-0.30935982,0.09943748,-9.589844,nan,0,0,0,0,1
9132735909,9132735230,15728642,0.23201881,0.8065442,-9.359375,nan,0,0,0,0,1
9132829179,9132828480,15728642,-0.22925784,0.8314035,-9.46875,nan,0,0,0,0,1
9132931622,9132930529,15728642,0.502708,1.4031656,-10.238281,nan,0,0,0,0,1
9133036120,9133031037,15728642,-1.312015,-0.5220431,-9.6640625,nan,0,0,0,0,1
9133135549,9133132655,15728642,0.12429552,1.1849569,-9.8515625,nan,0,0,0,0,1
9133236427,9133235542,15728642,0.4226061,1.4280249,-10.394531,nan,0,0,0,0,1
9133329769,9133329078,15728642,-1.2291509,-1.0910431,-8.628906,nan,0,0,0,0,1
9133432494,9133431400,15728642,1.6407081,1.8893014,-9.625,nan,0,0,0,0,1
9133537067,9133531578,15728642,0.31212074,0.9971316,-10.0859375,nan,0,0,0,0,1
9133636941,9133634260,15728642,1.8561547,1.6738548,-8.8984375,nan,0,0,0,0,1
9133736857,9133734844,15728642,0.50270814,0.32040834,-9.707031,nan,0,0,0,0,1
9133830371,9133829683,15728642,0.7457761,-0.033145074,-9.125,nan,0,0,0,0,1
9133933014,9133931207,15728642,1.231912,0.23754428,-10.4296875,nan,0,0,0,0,1
9134036940,9134031855,15728642,0.7209168,-0.765111,-9.1640625,nan,0,0,0,0,1
9134137678,9134134967,15728642,1.2346741,0.29002485,-9.8125,nan,0,0,0,0,1
9134237072,9134235486,15728642,1.5606061,0.88664615,-9.667969,nan,0,0,0,0,1
9134330378,9134329667,15728642,0.124295495,0.15744238,-10.050781,nan,0,0,0,0,1
9134434093,9134432079,15728642,-0.36460245,0.20992285,-8.589844,nan,0,0,0,0,1
9134538161,9134532570,15728642,1.3700188,1.999787,-9.667969,nan,0,0,0,0,1
9134638495,9134634082,15728642,0.36736348,0.8866461,-9.089844,nan,0,0,0,0,1
9134738177,9134735692,15728642,0.3121208,0.8866461,-9.128906,nan,0,0,0,0,1
9134824305,9134823203,15728642,0.77339745,1.4584084,-9.359375,nan,0,0,0,0,1
9134932988,9134932083,15728642,0.9087421,0.45575297,-9.746094,nan,0,0,0,0,1
9135039832,9135033632,15728642,0.6656741,-0.22373238,-10.167969,nan,0,0,0,0,1
9135139989,9135134662,15728642,0.06905277,-0.2789751,-10.046875,nan,0,0,0,0,1
9135230184,9135229300,15728642,0.31212074,-0.5220431,-9.890625,nan,0,0,0,0,1
9135331405,9135330718,15728642,0.069052786,-0.27897513,-9.746094,nan,0,0,0,0,1
9135433579,9135432873,15728642,-0.2541171,-0.33145568,-10.050781,nan,0,0,0,0,1
9135538046,9135533561,15728642,-0.038670488,-1.4694556,-9.7421875,nan,0,0,0,0,1
9135640125,9135635378,15728642,-0.3093598,-0.38669842,-9.8515625,nan,0,0,0,0,1
9135740219,9135737498,15728642,0.04143142,1.4832675,-9.777344,nan,0,0,0,0,1
9135832542,9135831856,15728642,-0.22925787,-0.46680036,-9.816406,nan,0,0,0,0,1
9135933456,9135932742,15728642,-0.2845006,-0.79273236,-10.046875,nan,0,0,0,0,1
9136036954,9136035853,15728642,-0.49994716,-1.008179,-9.7734375,nan,0,0,0,0,1
9136140435,9136135743,15728642,-0.718156,-1.7677664,-9.6640625,nan,0,0,0,0,1
9136240372,9136237684,15728642,-0.36460257,0.7513016,-10.1640625,nan,0,0,0,0,1
9136332684,9136332002,15728642,-0.2568792,-0.7098683,-9.816406,nan,0,0,0,0,1
9136434215,9136433520,15728642,-0.33698118,-1.2263877,-9.5859375,nan,0,0,0,0,1
9136536907,9136535777,15728642,-0.19887438,-0.3314557,-9.855469,nan,0,0,0,0,1
9136641266,9136636177,15728642,-0.14639379,-0.7098683,-9.855469,nan,0,0,0,0,1
9136741055,9136738158,15728642,-0.3093598,-1.1987664,-9.703125,nan,0,0,0,0,1
9136833485,9136832785,15728642,-0.09391323,0.15468022,-9.9296875,nan,0,0,0,0,1
9136934554,9136933864,15728642,-0.4999472,-0.9529363,-9.855469,nan,0,0,0,0,1
9137037796,9137035819,15728642,-0.30935982,1.5081267,-10.089844,nan,0,0,0,0,1
9137142962,9137136578,15728642,-0.3093598,-0.22097024,-9.8125,nan,0,0,0,0,1
9137242701,9137238279,15728642,0.041431427,-1.6048003,-9.667969,nan,0,0,0,0,1
9137333375,9137332691,15728642,-0.093913205,0.4253695,-9.777344,nan,0,0,0,0,1
9137435480,9137434794,15728642,-0.60767055,-1.6572809,-9.7421875,nan,0,0,0,0,1
9137538663,9137537545,15728642,-0.33698118,-0.2485916,-9.933594,nan,0,0,0,0,1
9137643600,9137637019,15728642,-0.28173846,-0.30383432,-9.933594,nan,0,0,0,0,1
9137733245,9137731060,15728642,0.55795085,-0.3314557,-9.707031,nan,0,0,0,0,1
9137834016,9137833331,15728642,0.25964013,-1.4970771,-10.1953125,nan,0,0,0,0,1
9137936276,9137935590,15728642,-0.38946176,-0.1408683,-9.816406,nan,0,0,0,0,1
9138037818,9138037109,15728642,-0.3369812,-0.033145007,-9.9296875,nan,0,0,0,0,1
9138143292,9138137712,15728642,-1.4197384,0.12705891,-10.355469,nan,0,0,0,0,1
9138233403,9138231615,15728642,0.20439744,0.292787,-9.8515625,nan,0,0,0,0,1
9138334290,9138333569,15728642,-2.5853598,-2.49697,-12.957031,nan,0,0,0,0,1
9138436556,9138435662,15728642,-0.69053453,-0.005523671,-9.816406,nan,0,0,0,0,1
9138538024,9138537330,15728642,-0.8231171,-0.4143198,-9.667969,nan,0,0,0,0,1
9138640489,9138639389,15728642,-0.8258792,0.12982099,-9.890625,nan,0,0,0,0,1
9138734585,9138732102,15728642,-2.3146703,-1.6849023,-9.472656,nan,0,0,0,0,1
9138835545,9138834662,15728642,-0.9860831,0.34526762,-9.96875,nan,0,0,0,0,1
9138930684,9138929591,15728642,-1.2319132,0.15468019,-9.707031,nan,0,0,0,0,1
9139038257,9139037564,15728642,-0.77063644,0.07457828,-10.050781,nan,0,0,0,0,1
9139135140,9139130960,15728642,-1.0965685,0.29002485,-9.855469,nan,0,0,0,0,1
9139235197,9139232709,15728642,-1.0965685,0.6159569,-9.96875,nan,0,0,0,0,1
9139336535,9139335651,15728642,-2.856049,-1.6296597,-8.589844,nan,0,0,0,0,1
9139429496,9139428748,15728642,-1.3368742,0.7513015,-9.890625,nan,0,0,0,0,1
9139533492,9139529697,15728642,-1.0413258,0.29002488,-9.7421875,nan,0,0,0,0,1
9139635798,9139631416,15728642,-1.2042918,0.50823355,-9.855469,nan,0,0,0,0,1
9139737794,9139734210,15728642,-2.9085295,-1.3617321,-12.386719,nan,0,0,0,0,1
9139836712,9139834729,15728642,-1.1766704,0.80654436,-10.3125,nan,0,0,0,0,1
9139929778,9139929092,15728642,-0.7181559,1.0496122,-9.1640625,nan,0,0,0,0,1
9140032687,9140031578,15728642,-0.9860831,0.45575303,-9.855469,nan,0,0,0,0,1
9140137022,9140131936,15728642,-1.3120152,0.23478216,-9.6640625,nan,0,0,0,0,1
9140237077,9140234387,15728642,-0.96122384,0.53585494,-10.011719,nan,0,0,0,0,1
9140336946,9140335162,15728642,-0.8231171,0.77892286,-9.511719,nan,0,0,0,0,1
9140430142,9140429457,15728642,-0.95846176,0.4281317,-10.394531,nan,0,0,0,0,1
9140533918,9140532817,15728642,-0.66015106,0.61595684,-9.7734375,nan,0,0,0,0,1
9140637494,9140632413,15728642,-1.0413258,0.12982102,-10.390625,nan,0,0,0,0,1
9140737636,9140734915,15728642,1.9113977,3.082544,-8.558594,nan,0,0,0,0,1
9140838297,9140837413,15728642,-0.5800491,-0.8175916,-9.546875,nan,0,0,0,0,1
9140936078,9140931556,15728642,-0.6629132,0.18230157,-9.816406,nan,0,0,0,0,1
9141033489,9141031700,15728642,-0.55242777,-0.41431975,-9.5859375,nan,0,0,0,0,1
9141138623,9141133039,15728642,-0.5524278,-0.6297663,-10.125,nan,0,0,0,0,1
9141238048,9141234469,15728642,0.09667413,-1.0634216,-9.890625,nan,0,0,0,0,1
9141339480,9141336591,15728642,0.58281004,-0.25135377,-9.8125,nan,0,0,0,0,1
9141431180,9141430493,15728642,-0.09391321,-0.602145,-9.894531,nan,0,0,0,0,1
9141534733,9141533619,15728642,0.3922227,-0.602145,-9.7421875,nan,0,0,0,0,1
9141639049,9141633461,15728642,-0.49718505,-1.1711451,-9.8125,nan,0,0,0,0,1
9141739695,9141735006,15728642,0.53032947,0.29278702,-9.890625,nan,0,0,0,0,1
9141840604,9141836817,15728642,-1.0965686,-1.008179,-9.28125,nan,0,0,0,0,1
9141931923,9141931242,15728642,-0.20163654,-0.11324694,-10.011719,nan,0,0,0,0,1
9142033659,9142032946,15728642,-1.5827044,-1.6600431,-9.394531,nan,0,0,0,0,1
9142140178,9142133899,15728642,-0.6325297,0.10219963,-9.9296875,nan,0,0,0,0,1
9142240855,9142235539,15728642,-0.58281124,0.102199614,-9.625,nan,0,0,0,0,1
9142340409,9142337718,15728642,-1.1490492,0.39774814,-9.207031,nan,0,0,0,0,1
9142433053,9142432370,15728642,-0.55242777,-0.62976635,-9.46875,nan,0,0,0,0,1
9142534545,9142533834,15728642,0.2844994,0.64357823,-9.855469,nan,0,0,0,0,1
9142630300,9142626722,15728642,-0.44470444,-0.41155764,-9.550781,nan,0,0,0,0,1
9142740689,9142736175,15728642,-0.41984522,0.53585494,-9.855469,nan,0,0,0,0,1
9142841144,9142838467,15728642,-0.38946176,-0.52204305,-9.707031,nan,0,0,0,0,1
9142933227,9142932533,15728642,-0.36460254,0.535855,-10.1953125,nan,0,0,0,0,1
9143034885,9143034201,15728642,-0.5800491,-0.602145,-9.703125,nan,0,0,0,0,1
9143137757,9143136667,15728642,0.06905273,-1.5219363,-9.96875,nan,0,0,0,0,1
9143231796,9143228913,15728642,-0.7153938,0.18506368,-9.433594,nan,0,0,0,0,1
9143341639,9143338928,15728642,-0.28173846,-0.5745236,-9.6640625,nan,0,0,0,0,1
9143434067,9143433383,15728642,0.01657224,-0.602145,-9.589844,nan,0,0,0,0,1
9143535479,9143534766,15728642,-0.11877245,-0.2513537,-9.894531,nan,0,0,0,0,1
9143637970,9143636179,15728642,-0.36460254,0.20992292,-9.972656,nan,0,0,0,0,1
9143742892,9143737111,15728642,0.15191685,0.56071424,-10.199219,nan,0,0,0,0,1
9143842498,9143839581,15728642,0.31212074,-0.46680033,-9.894531,nan,0,0,0,0,1
9143934512,9143933809,15728642,0.016572174,1.6186123,-10.660156,nan,0,0,0,0,1
9144035894,9144035200,15728642,-0.47232583,-0.6546256,-9.550781,nan,0,0,0,0,1
9144138926,9144137828,15728642,-0.74301517,0.6435783,-10.128906,nan,0,0,0,0,1
9144243884,9144237508,15728642,-0.8258792,-0.46680033,-9.5078125,nan,0,0,0,0,1
9144333768,9144332878,15728642,-0.7982578,-0.2789751,-10.0078125,nan,0,0,0,0,1
9144435313,9144434548,15728642,-0.93360245,-0.033145033,-9.7421875,nan,0,0,0,0,1
9144536112,9144535422,15728642,-0.3646025,0.20992292,-9.855469,nan,0,0,0,0,1
9144637945,9144637255,15728642,-0.7706365,0.5607142,-9.8515625,nan,0,0,0,0,1
9144743959,9144737972,15728642,-0.3894617,0.34526753,-9.011719,nan,0,0,0,0,1
9144834284,9144831979,15728642,-0.38946176,-0.19611102,-9.8125,nan,0,0,0,0,1
9144934822,9144934135,15728642,-1.0137044,-0.11324702,-9.363281,nan,0,0,0,0,1
9145037671,9145035163,15728642,-0.3618404,0.102199666,-10.199219,nan,0,0,0,0,1
9145138337,9145137655,15728642,-0.9584617,-2.1738002,-9.703125,nan,0,0,0,0,1
9145234828,9145230839,15728642,-0.20163652,-0.49442172,-9.855469,nan,0,0,0,0,1
9145334490,9145332509,15728642,-0.38946176,-1.0634217,-9.7734375,nan,0,0,0,0,1
9145435509,9145434817,15728642,-0.33698115,-0.35907707,-9.7421875,nan,0,0,0,0,1
9145530355,9145529231,15728642,-0.63529193,-0.60214496,-10.167969,nan,0,0,0,0,1
9145635321,9145629726,15728642,-2.4223936,-0.008285921,-8.9765625,nan,0,0,0,0,1
9145735593,9145731211,15728642,-1.1214277,-0.0607664,-9.667969,nan,0,0,0,0,1
9145835812,9145833129,15728642,0.6380528,-0.19611105,-9.546875,nan,0,0,0,0,1
9145936337,9145935450,15728642,0.5579509,-0.11600916,-8.9765625,nan,0,0,0,0,1
9146029853,9146029144,15728642,-0.7430151,0.42813164,-9.433594,nan,0,0,0,0,1
9146133751,9146129963,15728642,-0.06352974,-0.4668003,-10.011719,nan,0,0,0,0,1
9146236684,9146231778,15728642,0.4502276,0.102199614,-9.394531,nan,0,0,0,0,1
9146336638,9146333748,15728642,-0.118772425,-0.7374897,-9.8125,nan,0,0,0,0,1
9146437604,9146436909,15728642,0.1242955,0.10219963,-9.8125,nan,0,0,0,0,1
9146530542,9146529796,15728642,-0.2845006,-0.52204305,-9.933594,nan,0,0,0,0,1
9146633150,9146632057,15728642,-0.5248064,-0.65738773,-9.890625,nan,0,0,0,0,1
9146736906,9146732220,15728642,-0.9308404,-1.8754896,-9.96875,nan,0,0,0,0,1
9146836713,9146834033,15728642,0.85626143,0.23754433,-10.6953125,nan,0,0,0,0,1
9146937414,9146935622,15728642,0.33974212,-0.008285817,-9.46875,nan,0,0,0,0,1
9147030531,9147029823,15728642,-0.09391324,-0.9833197,-10.3515625,nan,0,0,0,0,1
9147133764,9147131775,15728642,-0.5551899,-1.3341111,-10.0859375,nan,0,0,0,0,1
9147237691,9147232578,15728642,-0.06629185,-0.6850091,-9.816406,nan,0,0,0,0,1
9147337574,9147334889,15728642,0.7181547,-2.2815237,-9.3203125,nan,0,0,0,0,1
9147438944,9147436461,15728642,-0.03867049,-0.71263045,-9.816406,nan,0,0,0,0,1
9147530985,9147530274,15728642,0.20439747,-0.6850091,-9.625,nan,0,0,0,0,1
9147634526,9147632537,15728642,-0.2568792,-0.49442172,-9.816406,nan,0,0,0,0,1
9147738848,9147733254,15728642,0.7733975,1.0219907,-8.0546875,nan,0,0,0,0,1
9147838484,9147834868,15728642,-0.1740152,-1.3893538,-10.046875,nan,0,0,0,0,1
9147939735,9147937545,15728642,-0.17401516,-0.57728577,-9.7734375,nan,0,0,0,0,1
9148039045,9148038354,15728642,0.6380528,0.12982094,-9.203125,nan,0,0,0,0,1
9148134291,9148133170,15728642,0.31488287,0.18230157,-9.628906,nan,0,0,0,0,1
9148239330,9148233750,15728642,-0.5524278,-0.8452129,-10.128906,nan,0,0,0,0,1
9148340379,9148335487,15728642,1.6931888,1.1849567,-7.6367188,nan,0,0,0,0,1
9148439885,9148437185,15728642,-0.06629185,-0.7899703,-9.777344,nan,0,0,0,0,1
9148532467,9148531754,15728642,-0.038670488,-0.71263045,-9.7734375,nan,0,0,0,0,1
9148634176,9148633489,15728642,-0.093913205,-0.65738773,-9.8125,nan,0,0,0,0,1
9148738225,9148734032,15728642,-0.093913205,-0.65738773,-9.8125,nan,0,0,0,0,1
9148840704,9148835822,15728642,-0.093913205,-0.65738773,-9.8125,nan,0,0,0,0,1
9148940699,9148938019,15728642,-0.06629185,-0.62976635,-9.8125,nan,0,0,0,0,1
9149033008,9149032310,15728642,-0.09391321,-0.71263045,-9.8515625,nan,0,0,0,0,1
9149134634,9149133954,15728642,-0.09391321,-0.65738773,-9.8515625,nan,0,0,0,0,1
9149236689,9149235588,15728642,-0.12153457,-0.62976635,-9.8515625,nan,0,0,0,0,1
9149341254,9149336359,15728642,-0.09391321,-0.65738773,-9.8515625,nan,0,0,0,0,1
9149443801,9149438185,15728642,-0.093913205,-0.65738773,-9.8125,nan,0,0,0,0,1
9149533104,9149532388,15728642,-0.093913205,-0.65738773,-9.8125,nan,0,0,0,0,1
9149634590,9149633903,15728642,-0.093913205,-0.65738773,-9.8125,nan,0,0,0,0,1
9149737377,9149735385,15728642,-0.09391321,-0.65738773,-9.8515625,nan,0,0,0,0,1
9149842327,9149836734,15728642,-0.12153457,-0.6850091,-9.855469,nan,0,0,0,0,1
9149942527,9149938327,15728642,-0.12153457,-0.62976635,-9.8515625,nan,0,0,0,0,1
9150033698,9150033010,15728642,-0.093913205,-0.65738773,-9.8125,nan,0,0,0,0,1
9150135672,9150134970,15728642,-0.09391321,-0.65738773,-9.8515625,nan,0,0,0,0,1
9150238564,9150236561,15728642,-0.06629185,-0.62976635,-9.8125,nan,0,0,0,0,1
9150342929,9150337122,15728642,-0.09391321,-0.65738773,-9.8515625,nan,0,0,0,0,1
9150442716,9150438532,15728642,-0.09391321,-0.65738773,-9.8515625,nan,0,0,0,0,1
9150534373,9150533469,15728642,-0.093913205,-0.65738773,-9.8125,nan,0,0,0,0,1
9150635980,9150635086,15728642,-0.12153456,-0.62976635,-9.8125,nan,0,0,0,0,1
9150737579,9150736887,15728642,-0.12153456,-0.62976635,-9.8125,nan,0,0,0,0,1
9150843641,9150837458,15728642,-0.12153456,-0.6850091,-9.816406,nan,0,0,0,0,1
9150934236,9150931546,15728642,-0.093913205,-0.65738773,-9.8125,nan,0,0,0,0,1
9151034083,9151033402,15728642,-0.09391321,-0.65738773,-9.8515625,nan,0,0,0,0,1
9151135885,9151135206,15728642,-0.09391321,-0.65738773,-9.8515625,nan,0,0,0,0,1
9151237792,9151237107,15728642,-0.093913205,-0.65738773,-9.8125,nan,0,0,0,0,1
9151340210,9151339072,15728642,-0.093913205,-0.65738773,-9.8125,nan,0,0,0,0,1
9151434859,9151431978,15728642,-0.093913205,-0.65738773,-9.8125,nan,0,0,0,0,1
9151535683,9151534777,15728642,-0.12153456,-0.62976635,-9.8125,nan,0,0,0,0,1
9151636556,9151635871,15728642,-0.093913205,-0.65738773,-9.8125,nan,0,0,0,0,1
9151735347,9151728962,15728642,-0.093913205,-0.65738773,-9.8125,nan,0,0,0,0,1
9151835246,9151830533,15728642,-0.09391321,-0.65738773,-9.8515625,nan,0,0,0,0,1
9151935109,9151932230,15728642,-0.09391321,-0.65738773,-9.8515625,nan,0,0,0,0,1
9152036100,9152035208,15728642,-0.093913205,-0.65738773,-9.8125,nan,0,0,0,0,1
9152129514,9152128792,15728642,-0.12153456,-0.62976635,-9.8125,nan,0,0,0,0,1
9152232163,9152230341,15728642,-0.093913205,-0.65738773,-9.8125,nan,0,0,0,0,1
9152336179,9152331259,15728642,-0.09391321,-0.65738773,-9.8515625,nan,0,0,0,0,1
9152436224,9152433542,15728642,-0.093913205,-0.65738773,-9.8125,nan,0,0,0,0,1
9152536542,9152534522,15728642,-0.093913205,-0.65738773,-9.8125,nan,0,0,0,0,1
9152630042,9152629157,15728642,-0.12153456,-0.62976635,-9.8125,nan,0,0,0,0,1
9152732111,9152731026,15728642,-0.14915593,-0.65738773,-9.816406,nan,0,0,0,0,1
9152838453,9152832616,15728642,-0.093913205,-0.65738773,-9.8125,nan,0,0,0,0,1
9152936617,9152933911,15728642,-0.093913205,-0.65738773,-9.8125,nan,0,0,0,0,1
9153037719,9153035932,15728642,-0.12153456,-0.62976635,-9.8125,nan,0,0,0,0,1
9153130253,9153129559,15728642,-0.093913205,-0.65738773,-9.8125,nan,0,0,0,0,1
9153232961,9153230970,15728642,-0.09391321,-0.65738773,-9.8515625,nan,0,0,0,0,1
9153337332,9153332041,15728642,-0.12153456,-0.6850091,-9.816406,nan,0,0,0,0,1
9153438288,9153435008,15728642,-0.06629185,-0.6850091,-9.816406,nan,0,0,0,0,1
9153538094,9153535415,15728642,-0.093913205,-0.65738773,-9.8125,nan,0,0,0,0,1
9153631355,9153630472,15728642,-0.09391321,-0.65738773,-9.8515625,nan,0,0,0,0,1
9153734343,9153732339,15728642,-0.12153457,-0.6850091,-9.855469,nan,0,0,0,0,1
9153838758,9153832575,15728642,-0.09391321,-0.65738773,-9.8515625,nan,0,0,0,0,1
9153938095,9153934313,15728642,-0.093913205,-0.65738773,-9.8125,nan,0,0,0,0,1
9154038491,9154035811,15728642,-0.093913205,-0.65738773,-9.8125,nan,0,0,0,0,1
9154138964,9154138284,15728642,-0.12153456,-0.6850091,-9.816406,nan,0,0,0,0,1
9154233432,9154232336,15728642,-0.12153456,-0.62976635,-9.8125,nan,0,0,0,0,1
9154339055,9154333055,15728642,-0.12153456,-0.62976635,-9.8125,nan,0,0,0,0,1
9154441921,9154435908,15728642,-0.12153457,-0.62976635,-9.8515625,nan,0,0,0,0,1
9154538972,9154536482,15728642,-0.093913205,-0.65738773,-9.8125,nan,0,0,0,0,1
9154631404,9154630719,15728642,-0.12153456,-0.62976635,-9.8125,nan,0,0,0,0,1
9154733337,9154732650,15728642,-0.12153456,-0.6850091,-9.816406,nan,0,0,0,0,1
9154838839,9154834613,15728642,-0.12153456,-0.6850091,-9.816406,nan,0,0,0,0,1
9154940660,9154935158,15728642,-0.093913205,-0.65738773,-9.8125,nan,0,0,0,0,1
9155039414,9155036931,15728642,-0.12153456,-0.62976635,-9.8125,nan,0,0,0,0,1
9155132957,9155132073,15728642,-0.093913205,-0.65738773,-9.8125,nan,0,0,0,0,1
9155233927,9155233252,15728642,-0.093913205,-0.65738773,-9.8125,nan,0,0,0,0,1
9155337045,9155335960,15728642,-0.14915593,-0.65738773,-9.855469,nan,0,0,0,0,1
9155440758,9155435861,15728642,-0.12153456,-0.6850091,-9.816406,nan,0,0,0,0,1
9155541775,9155539002,15728642,-0.093913205,-0.65738773,-9.8125,nan,0,0,0,0,1
9155633211,9155632323,15728642,-0.12153456,-0.62976635,-9.8125,nan,0,0,0,0,1
9155734512,9155733822,15728642,-0.09391321,-0.65738773,-9.8515625,nan,0,0,0,0,1
9155837063,9155835075,15728642,-0.093913205,-0.65738773,-9.8125,nan,0,0,0,0,1
9155941712,9155936412,15728642,-0.09391321,-0.65738773,-9.8515625,nan,0,0,0,0,1
9156041835,9156039116,15728642,-0.12153456,-0.62976635,-9.8125,nan,0,0,0,0,1
9156133490,9156132757,15728642,-0.093913205,-0.65738773,-9.8125,nan,0,0,0,0,1
9156235190,9156234495,15728642,-0.093913205,-0.65738773,-9.8125,nan,0,0,0,0,1
9156337898,9156335918,15728642,-0.12153457,-0.62976635,-9.8515625,nan,0,0,0,0,1
9156442195,9156436912,15728642,-0.09391321,-0.65738773,-9.8515625,nan,0,0,0,0,1
9156542647,9156538430,15728642,-0.093913205,-0.65738773,-9.8125,nan,0,0,0,0,1
9156633456,9156632760,15728642,-0.093913205,-0.65738773,-9.8125,nan,0,0,0,0,1
9156735707,9156735021,15728642,-0.093913205,-0.65738773,-9.8125,nan,0,0,0,0,1
9156838374,9156836585,15728642,-0.093913205,-0.65738773,-9.8125,nan,0,0,0,0,1
9156943267,9156937457,15728642,-0.093913205,-0.65738773,-9.8125,nan,0,0,0,0,1
9157043451,9157038968,15728642,-0.12153456,-0.62976635,-9.8125,nan,0,0,0,0,1
9157133914,9157133231,15728642,-0.12153457,-0.6850091,-9.855469,nan,0,0,0,0,1
9157235689,9157235008,15728642,-0.09391321,-0.65738773,-9.8515625,nan,0,0,0,0,1
9157338460,9157337347,15728642,-0.12153456,-0.62976635,-9.8125,nan,0,0,0,0,1
9157444394,9157437809,15728642,-0.12153456,-0.62976635,-9.8125,nan,0,0,0,0,1
9157534036,9157531725,15728642,-0.093913205,-0.65738773,-9.8125,nan,0,0,0,0,1
9157635017,9157634331,15728642,-0.09391321,-0.65738773,-9.8515625,nan,0,0,0,0,1
9157737005,9157736105,15728642,-0.12153457,-0.62976635,-9.8515625,nan,0,0,0,0,1
9157838638,9157837950,15728642,-0.12153456,-0.62976635,-9.8125,nan,0,0,0,0,1
9157934086,9157930506,15728642,-0.093913205,-0.65738773,-9.8125,nan,0,0,0,0,1
9158034497,9158032316,15728642,-0.093913205,-0.65738773,-9.8125,nan,0,0,0,0,1
9158135528,9158134835,15728642,-0.093913205,-0.65738773,-9.8125,nan,0,0,0,0,1
9158230992,9158229898,15728642,-0.093913205,-0.65738773,-9.8125,nan,0,0,0,0,1
9158335343,9158329360,15728642,-0.093913205,-0.65738773,-9.8125,nan,0,0,0,0,1
9158435202,9158431213,15728642,-0.12153456,-0.62976635,-9.8125,nan,0,0,0,0,1
9158535857,9158532964,15728642,-0.09391321,-0.65738773,-9.8515625,nan,0,0,0,0,1
9158636964,9158636069,15728642,-0.093913205,-0.65738773,-9.8125,nan,0,0,0,0,1
9158730251,9158729561,15728642,-0.06629185,-0.6850091,-9.816406,nan,0,0,0,0,1
9158836612,9158830024,15728642,-0.093913205,-0.65738773,-9.8125,nan,0,0,0,0,1
9158936223,9158931741,15728642,-0.093913205,-0.65738773,-9.8125,nan,0,0,0,0,1
9159035919,9159033432,15728642,-0.093913205,-0.65738773,-9.8125,nan,0,0,0,0,1
9159137593,9159136504,15728642,-0.09391321,-0.65738773,-9.8515625,nan,0,0,0,0,1
9159230851,9159230165,15728642,-0.093913205,-0.65738773,-9.8125,nan,0,0,0,0,1
9159336446,9159331750,15728642,-0.093913205,-0.65738773,-9.8125,nan,0,0,0,0,1
9159427251,9159424340,15728642,-0.12153456,-0.62976635,-9.8125,nan,0,0,0,0,1
9159537675,9159534761,15728642,-0.12153456,-0.6850091,-9.816406,nan,0,0,0,0,1
9159638462,9159636649,15728642,-0.09391321,-0.65738773,-9.8515625,nan,0,0,0,0,1
9159730854,9159730166,15728642,-0.12153457,-0.62976635,-9.8515625,nan,0,0,0,0,1
9159834001,9159832211,15728642,-0.093913205,-0.65738773,-9.8125,nan,0,0,0,0,1
9159938022,9159932744,15728642,-0.093913205,-0.65738773,-9.8125,nan,0,0,0,0,1
9160037485,9160034578,15728642,-0.09391321,-0.65738773,-9.8515625,nan,0,0,0,0,1
9160138489,9160136263,15728642,-0.14915593,-0.65738773,-9.855469,nan,0,0,0,0,1
9160231973,9160231265,15728642,-0.093913205,-0.65738773,-9.8125,nan,0,0,0,0,1
9160334153,9160332362,15728642,-0.09391321,-0.65738773,-9.8515625,nan,0,0,0,0,1
9160439354,9160433507,15728642,-0.12153456,-0.6850091,-9.816406,nan,0,0,0,0,1
9160538697,9160535808,15728642,-0.09391321,-0.65738773,-9.8515625,nan,0,0,0,0,1
9160639408,9160637623,15728642,-0.066291854,-0.6850091,-9.855469,nan,0,0,0,0,1
9160731814,9160731131,15728642,-0.12153456,-0.6850091,-9.816406,nan,0,0,0,0,1
9160835137,9160833137,15728642,-0.093913205,-0.65738773,-9.8125,nan,0,0,0,0,1
9160939430,9160934127,15728642,-0.14915593,-0.65738773,-9.855469,nan,0,0,0,0,1
9161039380,9161035599,15728642,-0.09391321,-0.65738773,-9.8515625,nan,0,0,0,0,1
9161139474,9161137486,15728642,-0.093913205,-0.65738773,-9.8125,nan,0,0,0,0,1
9161232182,9161231475,15728642,-0.12153456,-0.62976635,-9.8125,nan,0,0,0,0,1
9161335249,9161333235,15728642,-0.12153456,-0.62976635,-9.8125,nan,0,0,0,0,1
9161440414,9161434620,15728642,-0.09391321,-0.65738773,-9.8515625,nan,0,0,0,0,1
9161540251,9161536049,15728642,-0.09391321,-0.65738773,-9.8515625,nan,0,0,0,0,1
9161641426,9161638330,15728642,-0.093913205,-0.65738773,-9.8125,nan,0,0,0,0,1
9161732972,9161732286,15728642,-0.14915593,-0.65738773,-9.816406,nan,0,0,0,0,1
9161836354,9161835269,15728642,-0.09391321,-0.65738773,-9.8515625,nan,0,0,0,0,1
9161940497,9161935003,15728642,-0.093913205,-0.65738773,-9.8125,nan,0,0,0,0,1
