timestamp,armed_time,takeoff_time,nav_state_timestamp,valid_nav_states_mask,can_set_nav_states_mask,failure_detector_status,arming_state,latest_arming_reason,latest_disarming_reason,nav_state_user_intention,nav_state,executor_in_charge,hil_state,vehicle_type,failsafe,failsafe_and_user_took_over,failsafe_defer_state,gcs_connection_lost,gcs_connection_lost_counter,high_latency_data_link_lost,is_vtol,is_vtol_tailsitter,in_transition_mode,in_transition_to_fw,system_type,system_id,component_id,safety_button_available,safety_off,power_input_valid,usb_connected,open_drone_id_system_present,open_drone_id_system_healthy,parachute_system_present,parachute_system_healthy,rc_calibration_in_progress,calibration_enabled,pre_flight_checks_pass
9100476275,0,0,9100425471,2147411327,8308095,0,1,0,0,15,15,0,0,1,0,0,0,1,0,0,0,0,0,0,2,1,1,1,1,1,0,0,0,0,0,0,0,0
9100931128,0,0,9100425471,2147411327,8308095,0,1,0,0,15,15,0,0,1,0,0,0,1,0,0,0,0,0,0,2,1,1,1,1,1,0,0,0,0,0,0,0,1
9101164980,0,0,9100425471,2147411327,8308095,0,1,0,0,15,15,0,0,1,0,0,0,0,0,0,0,0,0,0,2,1,1,1,1,1,0,0,0,0,0,0,0,1
9101569256,0,0,9100425471,2147411327,8308095,0,1,0,0,15,15,0,0,1,0,0,0,0,0,0,0,0,0,0,2,1,1,1,1,1,0,0,0,0,0,0,0,1
9102074998,0,0,9100425471,2147411327,8308095,0,1,0,0,15,15,0,0,1,0,0,0,0,0,0,0,0,0,0,2,1,1,1,1,1,0,0,0,0,0,0,0,1
9102580829,0,0,9100425471,2147411327,8308095,0,1,0,0,15,15,0,0,1,0,0,0,0,0,0,0,0,0,0,2,1,1,1,1,1,0,0,0,0,0,0,0,1
9103086407,0,0,9100425471,2147411327,8308095,0,1,0,0,15,15,0,0,1,0,0,0,0,0,0,0,0,0,0,2,1,1,1,1,1,0,0,0,0,0,0,0,1
9103592299,0,0,9100425471,2147411327,8308095,0,1,0,0,15,15,0,0,1,0,0,0,0,0,0,0,0,0,0,2,1,1,1,1,1,0,0,0,0,0,0,0,1
9104097399,0,0,9100425471,2147411327,8308095,0,1,0,0,15,15,0,0,1,0,0,0,0,0,0,0,0,0,0,2,1,1,1,1,1,0,0,0,0,0,0,0,1
9104118626,0,0,9100425471,2147411327,8308095,0,1,0,0,15,15,0,0,1,0,0,0,0,0,0,0,0,0,0,2,1,1,1,1,1,0,0,0,0,0,0,0,1
9104624737,0,0,9100425471,2147411327,8308095,0,1,0,0,15,15,0,0,1,0,0,0,0,0,0,0,0,0,0,2,1,1,1,1,1,0,0,0,0,0,0,0,1
9105130643,0,0,9100425471,2147411327,8308095,0,1,0,0,15,15,0,0,1,0,0,0,0,0,0,0,0,0,0,2,1,1,1,1,1,0,0,0,0,0,0,0,1
9105636227,0,0,9100425471,2147411327,8308095,0,1,0,0,15,15,0,0,1,0,0,0,0,0,0,0,0,0,0,2,1,1,1,1,1,0,0,0,0,0,0,0,1
9106142521,0,0,9100425471,2147411327,8308095,0,1,0,0,15,15,0,0,1,0,0,0,0,0,0,0,0,0,0,2,1,1,1,1,1,0,0,0,0,0,0,0,1
9106647935,0,0,9100425471,2147411327,8308095,0,1,0,0,15,15,0,0,1,0,0,0,0,0,0,0,0,0,0,2,1,1,1,1,1,0,0,0,0,0,0,0,1
9106869988,0,0,9100425471,2147411327,8308095,0,1,0,0,15,15,0,0,1,0,0,0,0,0,0,0,0,0,0,2,1,1,1,1,1,0,0,0,0,0,0,0,1
9106880316,9106880203,0,9100425471,2147411327,8308095,0,2,3,0,15,15,0,0,1,0,0,0,0,0,0,0,0,0,0,2,1,1,1,1,1,0,0,0,0,0,0,0,1
9107386815,9106880203,9106910699,9100425471,2147411327,8308095,0,2,3,0,15,15,0,0,1,0,0,0,0,0,0,0,0,0,0,2,1,1,1,1,1,0,0,0,0,0,0,0,1
9107892075,9106880203,9106910699,9100425471,2147411327,8308095,0,2,3,0,15,15,0,0,1,0,0,0,0,0,0,0,0,0,0,2,1,1,1,1,1,0,0,0,0,0,0,0,1
9108398127,9106880203,9106910699,9100425471,2147411327,8308095,0,2,3,0,15,15,0,0,1,0,0,0,0,0,0,0,0,0,0,2,1,1,1,1,1,0,0,0,0,0,0,0,1
9108903438,9106880203,9106910699,9100425471,2147411327,8308095,0,2,3,0,15,15,0,0,1,0,0,0,0,0,0,0,0,0,0,2,1,1,1,1,1,0,0,0,0,0,0,0,1
9109409535,9106880203,9106910699,9100425471,2147411327,8308095,0,2,3,0,15,15,0,0,1,0,0,0,0,0,0,0,0,0,0,2,1,1,1,1,1,0,0,0,0,0,0,0,1
9109914641,9106880203,9106910699,9100425471,2147411327,8308095,0,2,3,0,15,15,0,0,1,0,0,0,0,0,0,0,0,0,0,2,1,1,1,1,1,0,0,0,0,0,0,0,1
9110421044,9106880203,9110410837,9100425471,2147411327,8308095,0,2,3,0,15,15,0,0,1,0,0,0,0,0,0,0,0,0,0,2,1,1,1,1,1,0,0,0,0,0,0,0,1
9110926482,9106880203,9110410837,9100425471,2147411327,8308095,0,2,3,0,15,15,0,0,1,0,0,0,0,0,0,0,0,0,0,2,1,1,1,1,1,0,0,0,0,0,0,0,1
9111432952,9106880203,9110410837,9100425471,2147411327,8308095,0,2,3,0,15,15,0,0,1,0,0,0,0,0,0,0,0,0,0,2,1,1,1,1,1,0,0,0,0,0,0,0,1
9111938124,9106880203,9110410837,9100425471,2147411327,8308095,0,2,3,0,15,15,0,0,1,0,0,0,0,0,0,0,0,0,0,2,1,1,1,1,1,0,0,0,0,0,0,0,1
9112444401,9106880203,9110410837,9100425471,2147411327,8308095,0,2,3,0,15,15,0,0,1,0,0,0,0,0,0,0,0,0,0,2,1,1,1,1,1,0,0,0,0,0,0,0,1
9112950317,9106880203,9112919954,9100425471,2147411327,8308095,0,2,3,0,15,15,0,0,1,0,0,0,0,0,0,0,0,0,0,2,1,1,1,1,1,0,0,0,0,0,0,0,1
9113457380,9106880203,9112919954,9100425471,2147411327,8308095,0,2,3,0,15,15,0,0,1,0,0,0,0,0,0,0,0,0,0,2,1,1,1,1,1,0,0,0,0,0,0,0,1
9113962817,9106880203,9112919954,9100425471,2147411327,8308095,0,2,3,0,15,15,0,0,1,0,0,0,0,0,0,0,0,0,0,2,1,1,1,1,1,0,0,0,0,0,0,0,1
9114367899,9106880203,9112919954,9100425471,2147411327,8308095,0,2,3,0,15,15,0,0,1,0,0,0,0,0,0,0,0,0,0,2,1,1,1,1,1,0,0,0,0,0,0,0,1
9114873305,9106880203,9112919954,9100425471,2147411327,8308095,0,2,3,0,15,15,0,0,1,0,0,0,0,0,0,0,0,0,0,2,1,1,1,1,1,0,0,0,0,0,0,0,1
9115379536,9106880203,9112919954,9100425471,2147411327,8308095,0,2,3,0,15,15,0,0,1,0,0,0,0,0,0,0,0,0,0,2,1,1,1,1,1,0,0,0,0,0,0,0,1
9115884374,9106880203,9112919954,9100425471,2147411327,8308095,0,2,3,0,15,15,0,0,1,0,0,0,0,0,0,0,0,0,0,2,1,1,1,1,1,0,0,0,0,0,0,0,1
9116390682,9106880203,9112919954,9100425471,2147411327,8308095,0,2,3,0,15,15,0,0,1,0,0,0,0,0,0,0,0,0,0,2,1,1,1,1,1,0,0,0,0,0,0,0,1
9116895918,9106880203,9112919954,9100425471,2147411327,8308095,0,2,3,0,15,15,0,0,1,0,0,0,0,0,0,0,0,0,0,2,1,1,1,1,1,0,0,0,0,0,0,0,1
9117402531,9106880203,9112919954,9100425471,2147411327,8308095,0,2,3,0,15,15,0,0,1,0,0,0,0,0,0,0,0,0,0,2,1,1,1,1,1,0,0,0,0,0,0,0,1
9117907746,9106880203,9112919954,9100425471,2147411327,8308095,0,2,3,0,15,15,0,0,1,0,0,0,0,0,0,0,0,0,0,2,1,1,1,1,1,0,0,0,0,0,0,0,1
9118413683,9106880203,9112919954,9100425471,2147411327,8308095,0,2,3,0,15,15,0,0,1,0,0,0,0,0,0,0,0,0,0,2,1,1,1,1,1,0,0,0,0,0,0,0,1
9118918804,9106880203,9112919954,9100425471,2147411327,8308095,0,2,3,0,15,15,0,0,1,0,0,0,0,0,0,0,0,0,0,2,1,1,1,1,1,0,0,0,0,0,0,0,1
9119425557,9106880203,9112919954,9100425471,2147411327,8308095,0,2,3,0,15,15,0,0,1,0,0,0,0,0,0,0,0,0,0,2,1,1,1,1,1,0,0,0,0,0,0,0,1
9119930589,9106880203,9112919954,9100425471,2147411327,8308095,0,2,3,0,15,15,0,0,1,0,0,0,0,0,0,0,0,0,0,2,1,1,1,1,1,0,0,0,0,0,0,0,1
9120436883,9106880203,9112919954,9100425471,2147411327,8308095,0,2,3,0,15,15,0,0,1,0,0,0,0,0,0,0,0,0,0,2,1,1,1,1,1,0,0,0,0,0,0,0,1
9120941986,9106880203,9112919954,9100425471,2147411327,8308095,0,2,3,0,15,15,0,0,1,0,0,0,0,0,0,0,0,0,0,2,1,1,1,1,1,0,0,0,0,0,0,0,1
9121448543,9106880203,9112919954,9100425471,2147411327,8308095,0,2,3,0,15,15,0,0,1,0,0,0,0,0,0,0,0,0,0,2,1,1,1,1,1,0,0,0,0,0,0,0,1
9121954029,9106880203,9112919954,9100425471,2147411327,8308095,0,2,3,0,15,15,0,0,1,0,0,0,0,0,0,0,0,0,0,2,1,1,1,1,1,0,0,0,0,0,0,0,1
9122460425,9106880203,9112919954,9100425471,2147411327,8308095,0,2,3,0,15,15,0,0,1,0,0,0,0,0,0,0,0,0,0,2,1,1,1,1,1,0,0,0,0,0,0,0,1
9122965327,9106880203,9112919954,9100425471,2147411327,8308095,0,2,3,0,15,15,0,0,1,0,0,0,0,0,0,0,0,0,0,2,1,1,1,1,1,0,0,0,0,0,0,0,1
9123472064,9106880203,9112919954,9100425471,2147411327,8308095,0,2,3,0,15,15,0,0,1,0,0,0,0,0,0,0,0,0,0,2,1,1,1,1,1,0,0,0,0,0,0,0,1
9123977068,9106880203,9112919954,9100425471,2147411327,8308095,0,2,3,0,15,15,0,0,1,0,0,0,0,0,0,0,0,0,0,2,1,1,1,1,1,0,0,0,0,0,0,0,1
9124484279,9106880203,9112919954,9100425471,2147411327,8308095,0,2,3,0,15,15,0,0,1,0,0,0,0,0,0,0,0,0,0,2,1,1,1,1,1,0,0,0,0,0,0,0,1
9124989487,9106880203,9112919954,9100425471,2147411327,8308095,0,2,3,0,15,15,0,0,1,0,0,0,0,0,0,0,0,0,0,2,1,1,1,1,1,0,0,0,0,0,0,0,1
9125495468,9106880203,9112919954,9100425471,2147411327,8308095,0,2,3,0,15,15,0,0,1,0,0,0,0,0,0,0,0,0,0,2,1,1,1,1,1,0,0,0,0,0,0,0,1
9125859334,9106880203,9112919954,9100425471,2147411327,8308095,0,2,3,0,15,15,0,0,1,0,0,0,0,0,0,0,0,0,0,2,1,1,1,1,1,0,0,0,0,0,0,0,1
9126366291,9106880203,9112919954,9100425471,2147411327,8308095,0,2,3,0,15,15,0,0,1,0,0,0,0,0,0,0,0,0,0,2,1,1,1,1,1,0,0,0,0,0,0,0,1
9126871365,9106880203,9112919954,9100425471,2147411327,8308095,0,2,3,0,15,15,0,0,1,0,0,0,0,0,0,0,0,0,0,2,1,1,1,1,1,0,0,0,0,0,0,0,1
9127377891,9106880203,9112919954,9100425471,2147411327,8308095,0,2,3,0,15,15,0,0,1,0,0,0,0,0,0,0,0,0,0,2,1,1,1,1,1,0,0,0,0,0,0,0,1
9127883369,9106880203,9112919954,9100425471,2147411327,8308095,0,2,3,0,15,15,0,0,1,0,0,0,0,0,0,0,0,0,0,2,1,1,1,1,1,0,0,0,0,0,0,0,1
9128390432,9106880203,9112919954,9100425471,2147411327,8308095,0,2,3,0,15,15,0,0,1,0,0,0,0,0,0,0,0,0,0,2,1,1,1,1,1,0,0,0,0,0,0,0,1
9128895556,9106880203,9112919954,9100425471,2147411327,8308095,0,2,3,0,15,15,0,0,1,0,0,0,0,0,0,0,0,0,0,2,1,1,1,1,1,0,0,0,0,0,0,0,1
9129402141,9106880203,9112919954,9100425471,2147411327,8308095,0,2,3,0,15,15,0,0,1,0,0,0,0,0,0,0,0,0,0,2,1,1,1,1,1,0,0,0,0,0,0,0,1
9129907308,9106880203,9112919954,9100425471,2147411327,8308095,0,2,3,0,15,15,0,0,1,0,0,0,0,0,0,0,0,0,0,2,1,1,1,1,1,0,0,0,0,0,0,0,1
9130413774,9106880203,9112919954,9100425471,2147411327,8308095,0,2,3,0,15,15,0,0,1,0,0,0,0,0,0,0,0,0,0,2,1,1,1,1,1,0,0,0,0,0,0,0,1
9130918998,9106880203,9112919954,9100425471,2147411327,8308095,0,2,3,0,15,15,0,0,1,0,0,0,0,0,0,0,0,0,0,2,1,1,1,1,1,0,0,0,0,0,0,0,1
9131426020,9106880203,9112919954,9100425471,2147411327,8308095,0,2,3,0,15,15,0,0,1,0,0,0,0,0,0,0,0,0,0,2,1,1,1,1,1,0,0,0,0,0,0,0,1
9131932615,9106880203,9112919954,9100425471,2147411327,8308095,0,2,3,0,15,15,0,0,1,0,0,0,0,0,0,0,0,0,0,2,1,1,1,1,1,0,0,0,0,0,0,0,1
9132437618,9106880203,9112919954,9100425471,2147411327,8308095,0,2,3,0,15,15,0,0,1,0,0,0,0,0,0,0,0,0,0,2,1,1,1,1,1,0,0,0,0,0,0,0,1
9132944066,9106880203,9112919954,9100425471,2147411327,8308095,0,2,3,0,15,15,0,0,1,0,0,0,0,0,0,0,0,0,0,2,1,1,1,1,1,0,0,0,0,0,0,0,1
9133449619,9106880203,9112919954,9100425471,2147411327,8308095,0,2,3,0,15,15,0,0,1,0,0,0,0,0,0,0,0,0,0,2,1,1,1,1,1,0,0,0,0,0,0,0,1
9133956063,9106880203,9112919954,9100425471,2147411327,8308095,0,2,3,0,15,15,0,0,1,0,0,0,0,0,0,0,0,0,0,2,1,1,1,1,1,0,0,0,0,0,0,0,1
9134461831,9106880203,9112919954,9100425471,2147411327,8308095,0,2,3,0,15,15,0,0,1,0,0,0,0,0,0,0,0,0,0,2,1,1,1,1,1,0,0,0,0,0,0,0,1
9134968336,9106880203,9112919954,9100425471,2147411327,8308095,0,2,3,0,15,15,0,0,1,0,0,0,0,0,0,0,0,0,0,2,1,1,1,1,1,0,0,0,0,0,0,0,1
9135473990,9106880203,9112919954,9100425471,2147411327,8308095,0,2,3,0,15,15,0,0,1,0,0,0,0,0,0,0,0,0,0,2,1,1,1,1,1,0,0,0,0,0,0,0,1
9135979553,9106880203,9112919954,9100425471,2147411327,8308095,0,2,3,0,15,15,0,0,1,0,0,0,0,0,0,0,0,0,0,2,1,1,1,1,1,0,0,0,0,0,0,0,1
9136485304,9106880203,9112919954,9100425471,2147411327,8308095,0,2,3,0,15,15,0,0,1,0,0,0,0,0,0,0,0,0,0,2,1,1,1,1,1,0,0,0,0,0,0,0,1
9136991721,9106880203,9112919954,9100425471,2147411327,8308095,0,2,3,0,15,15,0,0,1,0,0,0,0,0,0,0,0,0,0,2,1,1,1,1,1,0,0,0,0,0,0,0,1
9137496995,9106880203,9112919954,9100425471,2147411327,8308095,0,2,3,0,15,15,0,0,1,0,0,0,0,0,0,0,0,0,0,2,1,1,1,1,1,0,0,0,0,0,0,0,1
9138002975,9106880203,9137759753,9100425471,2147411327,8308095,0,2,3,0,15,15,0,0,1,0,0,0,0,0,0,0,0,0,0,2,1,1,1,1,1,0,0,0,0,0,0,0,1
9138508168,9106880203,9137759753,9100425471,2147411327,8308095,0,2,3,0,15,15,0,0,1,0,0,0,0,0,0,0,0,0,0,2,1,1,1,1,1,0,0,0,0,0,0,0,1
9139014911,9106880203,9137759753,9100425471,2147411327,8308095,0,2,3,0,15,15,0,0,1,0,0,0,0,0,0,0,0,0,0,2,1,1,1,1,1,0,0,0,0,0,0,0,1
9139520512,9106880203,9137759753,9100425471,2147411327,8308095,0,2,3,0,15,15,0,0,1,0,0,0,0,0,0,0,0,0,0,2,1,1,1,1,1,0,0,0,0,0,0,0,1
9140027362,9106880203,9137759753,9100425471,2147411327,8308095,0,2,3,0,15,15,0,0,1,0,0,0,0,0,0,0,0,0,0,2,1,1,1,1,1,0,0,0,0,0,0,0,1
9140532619,9106880203,9137759753,9100425471,2147411327,8308095,0,2,3,0,15,15,0,0,1,0,0,0,0,0,0,0,0,0,0,2,1,1,1,1,1,0,0,0,0,0,0,0,1
9141039993,9106880203,9137759753,9100425471,2147411327,8308095,0,2,3,0,15,15,0,0,1,0,0,0,0,0,0,0,0,0,0,2,1,1,1,1,1,0,0,0,0,0,0,0,1
9141544972,9106880203,9137759753,9100425471,2147411327,8308095,0,2,3,0,15,15,0,0,1,0,0,0,0,0,0,0,0,0,0,2,1,1,1,1,1,0,0,0,0,0,0,0,1
9142051650,9106880203,9137759753,9100425471,2147411327,8308095,0,2,3,0,15,15,0,0,1,0,0,0,0,0,0,0,0,0,0,2,1,1,1,1,1,0,0,0,0,0,0,0,1
9142557965,9106880203,9137759753,9100425471,2147411327,8308095,0,2,3,0,15,15,0,0,1,0,0,0,0,0,0,0,0,0,0,2,1,1,1,1,1,0,0,0,0,0,0,0,1
9143064106,9106880203,9137759753,9100425471,2147411327,8308095,0,2,3,0,15,15,0,0,1,0,0,0,0,0,0,0,0,0,0,2,1,1,1,1,1,0,0,0,0,0,0,0,1
9143570403,9106880203,9137759753,9100425471,2147411327,8308095,0,2,3,0,15,15,0,0,1,0,0,0,0,0,0,0,0,0,0,2,1,1,1,1,1,0,0,0,0,0,0,0,1
9144076469,9106880203,9137759753,9100425471,2147411327,8308095,0,2,3,0,15,15,0,0,1,0,0,0,0,0,0,0,0,0,0,2,1,1,1,1,1,0,0,0,0,0,0,0,1
9144583179,9106880203,9137759753,9100425471,2147411327,8308095,0,2,3,0,15,15,0,0,1,0,0,0,0,0,0,0,0,0,0,2,1,1,1,1,1,0,0,0,0,0,0,0,1
9145088401,9106880203,9137759753,9100425471,2147411327,8308095,0,2,3,0,15,15,0,0,1,0,0,0,0,0,0,0,0,0,0,2,1,1,1,1,1,0,0,0,0,0,0,0,1
9145382023,9106880203,9137759753,9100425471,2147411327,8308095,0,2,3,0,15,15,0,0,1,0,0,0,0,0,0,0,0,0,0,2,1,1,1,1,1,0,0,0,0,0,0,0,1
9145888349,9106880203,9137759753,9100425471,2147411327,8308095,0,2,3,0,15,15,0,0,1,0,0,0,0,0,0,0,0,0,0,2,1,1,1,1,1,0,0,0,0,0,0,0,1
9146393883,9106880203,9137759753,9100425471,2147411327,8308095,0,2,3,0,15,15,0,0,1,0,0,0,0,0,0,0,0,0,0,2,1,1,1,1,1,0,0,0,0,0,0,0,1
9146900188,9106880203,9137759753,9100425471,2147411327,8308095,0,2,3,0,15,15,0,0,1,0,0,0,0,0,0,0,0,0,0,2,1,1,1,1,1,0,0,0,0,0,0,0,1
9147405402,9106880203,9137759753,9100425471,2147411327,8308095,0,2,3,0,15,15,0,0,1,0,0,0,0,0,0,0,0,0,0,2,1,1,1,1,1,0,0,0,0,0,0,0,1
9147911357,9106880203,9137759753,9100425471,2147411327,8308095,0,2,3,0,15,15,0,0,1,0,0,0,0,0,0,0,0,0,0,2,1,1,1,1,1,0,0,0,0,0,0,0,1
9148416889,9106880203,9137759753,9100425471,2147411327,8308095,0,2,3,0,15,15,0,0,1,0,0,0,0,0,0,0,0,0,0,2,1,1,1,1,1,0,0,0,0,0,0,0,1
9148923076,9106880203,9137759753,9100425471,2147411327,8308095,0,2,3,0,15,15,0,0,1,0,0,0,0,0,0,0,0,0,0,2,1,1,1,1,1,0,0,0,0,0,0,0,1
9149428791,9106880203,9137759753,9100425471,2147411327,8308095,0,2,3,0,15,15,0,0,1,0,0,0,0,0,0,0,0,0,0,2,1,1,1,1,1,0,0,0,0,0,0,0,1
9149934834,9106880203,9137759753,9100425471,2147411327,8308095,0,2,3,0,15,15,0,0,1,0,0,0,0,0,0,0,0,0,0,2,1,1,1,1,1,0,0,0,0,0,0,0,1
9150440190,9106880203,9137759753,9100425471,2147411327,8308095,0,2,3,0,15,15,0,0,1,0,0,0,0,0,0,0,0,0,0,2,1,1,1,1,1,0,0,0,0,0,0,0,1
9150946296,9106880203,9137759753,9100425471,2147411327,8308095,0,2,3,0,15,15,0,0,1,0,0,0,0,0,0,0,0,0,0,2,1,1,1,1,1,0,0,0,0,0,0,0,1
9151451544,9106880203,9137759753,9100425471,2147411327,8308095,0,2,3,0,15,15,0,0,1,0,0,0,0,0,0,0,0,0,0,2,1,1,1,1,1,0,0,0,0,0,0,0,1
9151957023,9106880203,9137759753,9100425471,2147411327,8308095,0,2,3,0,15,15,0,0,1,0,0,0,0,0,0,0,0,0,0,2,1,1,1,1,1,0,0,0,0,0,0,0,1
9152461784,9106880203,9137759753,9100425471,2147411327,8308095,0,2,3,0,15,15,0,0,1,0,0,0,0,0,0,0,0,0,0,2,1,1,1,1,1,0,0,0,0,0,0,0,1
9152969006,9106880203,9137759753,9100425471,2147411327,8308095,0,2,3,0,15,15,0,0,1,0,0,0,0,0,0,0,0,0,0,2,1,1,1,1,1,0,0,0,0,0,0,0,1
9153473905,9106880203,9137759753,9100425471,2147411327,8308095,0,2,3,0,15,15,0,0,1,0,0,0,0,0,0,0,0,0,0,2,1,1,1,1,1,0,0,0,0,0,0,0,1
9153980079,9106880203,9137759753,9100425471,2147411327,8308095,0,2,3,0,15,15,0,0,1,0,0,0,0,0,0,0,0,0,0,2,1,1,1,1,1,0,0,0,0,0,0,0,1
9154484992,9106880203,9137759753,9100425471,2147411327,8308095,0,2,3,0,15,15,0,0,1,0,0,0,0,0,0,0,0,0,0,2,1,1,1,1,1,0,0,0,0,0,0,0,1
9154991814,9106880203,9137759753,9100425471,2147411327,8308095,0,2,3,0,15,15,0,0,1,0,0,0,0,0,0,0,0,0,0,2,1,1,1,1,1,0,0,0,0,0,0,0,1
9155042517,0,0,9100425471,2147411327,8308095,0,1,3,3,15,15,0,0,1,0,0,0,0,0,0,0,0,0,0,2,1,1,1,1,1,0,0,0,0,0,0,0,1
9155550370,0,0,9100425471,2147411327,8308095,0,1,3,3,15,15,0,0,1,0,0,0,0,0,0,0,0,0,0,2,1,1,1,1,1,0,0,0,0,0,0,0,1
9156055924,0,0,9100425471,2147411327,8308095,0,1,3,3,15,15,0,0,1,0,0,0,0,0,0,0,0,0,0,2,1,1,1,1,1,0,0,0,0,0,0,0,1
9156562071,0,0,9100425471,2147411327,8308095,0,1,3,3,15,15,0,0,1,0,0,0,0,0,0,0,0,0,0,2,1,1,1,1,1,0,0,0,0,0,0,0,1
9157067386,0,0,9100425471,2147411327,8308095,0,1,3,3,15,15,0,0,1,0,0,0,0,0,0,0,0,0,0,2,1,1,1,1,1,0,0,0,0,0,0,0,1
9157573201,0,0,9100425471,2147411327,8308095,0,1,3,3,15,15,0,0,1,0,0,0,0,0,0,0,0,0,0,2,1,1,1,1,1,0,0,0,0,0,0,0,1
9158077975,0,0,9100425471,2147411327,8308095,0,1,3,3,15,15,0,0,1,0,0,0,0,0,0,0,0,0,0,2,1,1,1,1,1,0,0,0,0,0,0,0,1
9158584422,0,0,9100425471,2147411327,8308095,0,1,3,3,15,15,0,0,1,0,0,0,0,0,0,0,0,0,0,2,1,1,1,1,1,0,0,0,0,0,0,0,1
9159089813,0,0,9100425471,2147411327,8308095,0,1,3,3,15,15,0,0,1,0,0,0,0,0,0,0,0,0,0,2,1,1,1,1,1,0,0,0,0,0,0,0,1
9159595186,0,0,9100425471,2147411327,8308095,0,1,3,3,15,15,0,0,1,0,0,0,0,0,0,0,0,0,0,2,1,1,1,1,1,0,0,0,0,0,0,0,1
9160101275,0,0,9100425471,2147411327,8308095,0,1,3,3,15,15,0,0,1,0,0,0,0,0,0,0,0,0,0,2,1,1,1,1,1,0,0,0,0,0,0,0,1
9160607938,0,0,9100425471,2147411327,8308095,0,1,3,3,15,15,0,0,1,0,0,0,0,0,0,0,0,0,0,2,1,1,1,1,1,0,0,0,0,0,0,0,1
9161113194,0,0,9100425471,2147411327,8308095,0,1,3,3,15,15,0,0,1,0,0,0,0,0,0,0,0,0,0,2,1,1,1,1,1,0,0,0,0,0,0,0,1
9161619888,0,0,9100425471,2147411327,8308095,0,1,3,3,15,15,0,0,1,0,0,0,0,0,0,0,0,0,0,2,1,1,1,1,1,0,0,0,0,0,0,0,1
