timestamp,timestamp_sample,device_id,magnetometer_ga[0],magnetometer_ga[1],magnetometer_ga[2],calibration_count
9100503726,9100499253,15728642,0.01414214,0.018561548,0.070625,0
9100634260,9100569942,15728642,0.017575687,0.022267058,0.075,0
9100643926,9100639665,15728642,0.03535534,0.028284265,0.070625,0
9100774428,9100709821,15728642,0.021417184,0.021009224,0.07615384,0
9100783930,9100779646,15728642,0.023422917,0.014584073,0.07125,0
9100915196,9100850053,15728642,0.021621155,0.022844983,0.078413464,0
9100924610,9100920576,15728642,0.018119615,0.013700189,0.059375,0
9101055576,9100990220,15728642,0.020635283,0.02233505,0.07947116,0
9101065131,9101060184,15728642,0.023422917,0.014584073,0.067499995,0
9101196957,9101130501,15728642,0.020669278,0.022844985,0.07701924,0
9101204416,9101200736,15728642,0.027400391,0.023864849,0.067499995,0
9101335130,9101270750,15728642,0.022267068,0.020975232,0.07567308,0
9101344937,9101340679,15728642,0.02209709,0.022097081,0.090624996,0
9101475537,9101410867,15728642,0.024442784,0.023286926,0.07639424,0
9101486084,9101481356,15728642,0.025190681,0.026074557,0.074999996,0
9101616147,9101551046,15728642,0.02423881,0.026618488,0.07658654,0
9101626651,9101621015,15728642,0.025190681,0.026074557,0.074999996,0
9101755781,9101691485,15728642,0.02376287,0.0189355,0.075048074,0
9101767251,9101761013,15728642,0.016351847,0.02961009,0.082499996,0
9101896141,9101831426,15728642,0.022878988,0.024102816,0.07519231,0
9101906727,9101901794,15728642,0.0296101,0.020771256,0.086875,0
9102035980,9101971750,15728642,0.023116956,0.023796862,0.07586539,0
9102046404,9102041870,15728642,0.0190035,0.01900349,0.083124995,0
9102176551,9102112031,15728642,0.023898853,0.022471033,0.07322116,0
9102188142,9102182310,15728642,0.019003501,0.019003488,0.086875,0
9102316370,9102252360,15728642,0.02400084,0.027604356,0.07682692,0
9102326895,9102322158,15728642,0.015026023,0.023864849,0.074999996,0
9102456504,9102392463,15728642,0.02665249,0.026856454,0.079423085,0
9102466950,9102462206,15728642,0.018561555,0.027400382,0.074374996,0
9102596568,9102532642,15728642,0.02573461,0.024782727,0.077259615,0
9102607349,9102602857,15728642,0.015909906,0.015909897,0.070625,0
9102737853,9102672839,15728642,0.020941244,0.023048956,0.07774038,0
9102747402,9102743175,15728642,0.028284274,0.02916815,0.07875,0
9102879255,9102813095,15728642,0.022165084,0.024952704,0.076682694,0
9102887720,9102883185,15728642,0.010164663,0.023422908,0.063125,0
9103019533,9102953336,15728642,0.01944544,0.02114521,0.07456731,0
9103027528,9103023102,15728642,0.0035355382,0.010606596,0.070625,0
9103158789,9103093459,15728642,0.022233075,0.020465294,0.07769231,0
9103168294,9103164038,15728642,0.022980973,0.02916815,0.063125,0
9103298536,9103233823,15728642,0.02005736,0.022165075,0.07197116,0
9103309002,9103304577,15728642,0.018119615,0.013700188,0.074999996,0
9103439499,9103373968,15728642,0.023524903,0.023728864,0.07629808,0
9103449445,9103443796,15728642,0.038006995,0.031819798,0.059375,0
9103578931,9103514128,15728642,0.025462652,0.024034826,0.07192308,0
9103589698,9103584034,15728642,0.023422917,0.014584073,0.079375,0
9103718899,9103654443,15728642,0.02043131,0.021723134,0.07524039,0
9103729298,9103724561,15728642,0.026516508,0.017677665,0.07875,0
9103859103,9103794655,15728642,0.02213109,0.02219907,0.078942314,0
9103869712,9103864951,15728642,0.023422917,0.014584073,0.079375,0
9103999734,9103934913,15728642,0.022912983,0.02134918,0.07610577,0
9104010135,9104004807,15728642,0.019887382,0.025190674,0.074999996,0
9104139971,9104075092,15728642,0.023184948,0.020125344,0.07581731,0
9104149340,9104145107,15728642,0.025190681,0.026074557,0.083124995,0
9104279543,9104215105,15728642,0.018051624,0.018391572,0.07634615,0
9104289971,9104285025,15728642,0.010164663,0.022539023,0.074999996,0
9104419220,9104355539,15728642,0.022471044,0.021247195,0.076875,0
9104429794,9104425550,15728642,0.015909906,0.015909897,0.074999996,0
9104560045,9104495839,15728642,0.022301065,0.023592886,0.07615384,0
9104570540,9104565810,15728642,0.019003497,0.019887373,0.067499995,0
9104700464,9104635989,15728642,0.01832359,0.020635273,0.07802885,0
9104710411,9104706375,15728642,0.015909905,0.030052032,0.066874996,0
9104842075,9104776135,15728642,0.024034834,0.022267058,0.07533654,0
9104850527,9104846076,15728642,0.0243068,0.019887373,0.083124995,0
9104983507,9104916451,15728642,0.022641018,0.02325293,0.07461539,0
9104990837,9104987003,15728642,0.013258257,0.026516499,0.070625,0
9105121290,9105056521,15728642,0.02189312,0.027468376,0.07399038,0
9105131376,9105126814,15728642,0.027400391,0.023864849,0.07875,0
9105262096,9105196922,15728642,0.019241469,0.02257302,0.07471154,0
9105272149,9105266568,15728642,0.021213207,0.016793782,0.083124995,0
9105402035,9105336885,15728642,0.019751403,0.020703265,0.07807692,0
9105413547,9105406823,15728642,0.027400391,0.023864849,0.07875,0
9105542741,9105477293,15728642,0.025224682,0.022912975,0.07100962,0
9105552335,9105547384,15728642,0.015026025,0.038006984,0.074374996,0
9105681641,9105617429,15728642,0.024714744,0.02621054,0.07610577,0
9105693121,9105687584,15728642,0.0296101,0.020771256,0.086875,0
9105821701,9105757718,15728642,0.020023365,0.023150945,0.07370193,0
9105832132,9105827868,15728642,0.013258258,0.025632614,0.094375,0
9105962530,9105898030,15728642,0.018867517,0.020295322,0.07528847,0
9105972992,9105968062,15728642,0.02209709,0.022980966,0.074999996,0
9106102981,9106038190,15728642,0.018595552,0.020499295,0.075576924,0
9106112394,9106107965,15728642,0.031377867,0.019003488,0.07875,0
9106242740,9106178374,15728642,0.021145219,0.01856155,0.07735577,0
9106253089,9106248159,15728642,0.01414214,0.018561548,0.067499995,0
9106383345,9106318605,15728642,0.019887384,0.020159338,0.07317308,0
9106392760,9106388936,15728642,0.019887382,0.025190674,0.082499996,0
9106524119,9106458785,15728642,0.019785395,0.019785387,0.07783654,0
9106533577,9106529338,15728642,0.04154253,0.021213198,0.07125,0
9106664551,9106599077,15728642,0.024680752,0.022369046,0.0758173,0
9106673124,9106668902,15728642,0.01679379,0.022097081,0.067499995,0
9106805726,9106739057,15728642,0.02151917,0.021519158,0.073509626,0
9106813216,9106809385,15728642,0.03226175,0.025190674,0.067499995,0
9106945305,9106879530,15728642,0.020941244,0.022505028,0.07860577,0
9106954860,9106950407,15728642,0.01414214,0.018561548,0.074999996,0
9107084629,9107019717,15728642,0.0243068,0.025122685,0.076586545,0
9107095138,9107090355,15728642,0.03535534,0.028284265,0.07875,0
9107225137,9107160090,15728642,0.02444278,0.02607456,0.07514423,0
9107235631,9107229794,15728642,0.018119615,0.013700188,0.07875,0
9107364968,9107300017,15728642,0.021417178,0.02141717,0.07841347,0
9107376529,9107369891,15728642,0.0243068,0.020771258,0.070625,0
9107504411,9107440179,15728642,0.023286933,0.026142547,0.076105766,0
9107515035,9107510501,15728642,0.021213207,0.01679378,0.086875,0
9107644987,9107580630,15728642,0.021179212,0.022471033,0.07317307,0
9107655416,9107650859,15728642,0.027400391,0.022980964,0.091249995,0
9107785251,9107720588,15728642,0.017303724,0.019955365,0.07596154,0
9107795677,9107790938,15728642,0.017235732,0.035797276,0.074374996,0
9107925442,9107860940,15728642,0.02165515,0.021247193,0.075625,0
9107935915,9107930940,15728642,0.0243068,0.019887373,0.07875,0
9108066451,9108001168,15728642,0.021927115,0.020839248,0.07745193,0
9108076627,9108071279,15728642,0.018119615,0.013700188,0.074999996,0
9108205253,9108141435,15728642,0.019343454,0.020431304,0.07206731,0
9108215724,9108211299,15728642,0.019003497,0.019887373,0.067499995,0
9108346692,9108281641,15728642,0.02022734,0.023830853,0.078365386,0
9108356159,9108352119,15728642,0.030493984,0.032261744,0.082499996,0
9108487640,9108421791,15728642,0.021179212,0.018391572,0.0773077,0
9108496103,9108491631,15728642,0.019887382,0.025190674,0.07125,0
9108628438,9108562111,15728642,0.024306798,0.023898846,0.07475962,0
9108635929,9108632262,15728642,0.023422915,0.028726207,0.07125,0
9108768533,9108702257,15728642,0.016453834,0.022980964,0.07649039,0
9108776962,9108772516,15728642,0.019887382,0.025190674,0.07125,0
9108906957,9108842469,15728642,0.018153612,0.022097081,0.075625,0
9108917540,9108912957,15728642,0.007954955,0.025632614,0.063125,0
9109047616,9108982857,15728642,0.0220291,0.025088686,0.075528845,0
9109058107,9109052574,15728642,0.030493984,0.026958441,0.07875,0
9109187976,9109122870,15728642,0.019343454,0.01961541,0.07370192,0
9109199426,9109193001,15728642,0.027400391,0.023864849,0.074999996,0
9109327929,9109263188,15728642,0.017847652,0.021315183,0.076009616,0
9109338323,9109333362,15728642,0.022097094,0.02209708,0.098749995,0
9109457626,9109400399,15728642,0.018451072,0.02073443,0.07572916,0
9109478658,9109468570,15728642,0.02474874,0.023422908,0.07875,0
9109597918,9109538622,15728642,0.027879164,0.024711903,0.07671875,0
9109618802,9109608569,15728642,0.015026023,0.023864849,0.07875,0
9109738111,9109678843,15728642,0.024454113,0.025117017,0.073437504,0
9109759194,9109748863,15728642,0.024969712,0.025853585,0.073125,0
9109879967,9109819137,15728642,0.01996104,0.023128279,0.07822916,0
9109898976,9109888896,15728642,0.027842332,0.026516499,0.07875,0
9110019953,9109959292,15728642,0.022097092,0.0254853,0.08510417,0
9110038868,9110029267,15728642,0.026737478,0.028063295,0.075,0
9110159313,9110099487,15728642,0.021912947,0.026037728,0.07989584,0
9110179490,9110169529,15728642,0.019445442,0.026074557,0.0846875,0
9110298961,9110239613,15728642,0.026553337,0.027805496,0.0906771,0
9110318931,9110310068,15728642,0.030935925,0.02961009,0.0925,0
9110439254,9110379894,15728642,0.038448937,0.038964525,0.09218751,0
9110459337,9110449742,15728642,0.047729716,0.051265236,0.088125,0
9110580573,9110520280,15728642,0.053769574,0.05384323,0.09244792,0
9110599633,9110589957,15728642,0.051928155,0.046624847,0.074374996,0
9110720276,9110660455,15728642,0.056752693,0.059919935,0.08776041,0
9110740157,9110730550,15728642,0.057231456,0.059441157,0.091875,0
9110860149,9110800586,15728642,0.059220202,0.058336303,0.0896875,0
9110880065,9110870618,15728642,0.06032505,0.055905625,0.090624996,0
9111000130,9110940616,15728642,0.06021457,0.06021456,0.08619791,0
9111021295,9111010858,15728642,0.064965434,0.06054601,0.098124996,0
9111140413,9111080959,15728642,0.05494809,0.055831976,0.09218751,0
9111162323,9111150904,15728642,0.05259107,0.05877824,0.098124996,0
9111281102,9111221235,15728642,0.049571134,0.04507805,0.09432292,0
9111300932,9111291211,15728642,0.048613593,0.0424264,0.1003125,0
9111420596,9111361387,15728642,0.044636115,0.04198446,0.09791666,0
9111441158,9111431152,15728642,0.05016039,0.04441514,0.09625,0
9111560764,9111501682,15728642,0.04157936,0.031488344,0.096562505,0
9111581858,9111571541,15728642,0.031377867,0.025190672,0.09468749,0
9111702189,9111641910,15728642,0.03406635,0.027289895,0.096875004,0
9111721537,9111712705,15728642,0.025411654,0.025853587,0.0925,0
9111842990,9111782031,15728642,0.030751787,0.029720575,0.08979167,0
9111861811,9111851909,15728642,0.033145636,0.043752223,0.0925,0
9111983683,9111922303,15728642,0.021691978,0.031267375,0.08557291,0
9112001551,9111992241,15728642,0.021876121,0.0333666,0.086875,0
9112122330,9112062550,15728642,0.023938514,0.03734407,0.08651041,0
9112142558,9112132398,15728642,0.023864858,0.030935913,0.0925,0
9112262584,9112202691,15728642,0.020587124,0.039148666,0.08296874,0
9112282329,9112273496,15728642,0.0296101,0.03756504,0.0865625,0
9112402882,9112342873,15728642,0.021102725,0.033698052,0.08536458,0
9112422816,9112412731,15728642,0.013700197,0.036239214,0.074375,0
9112543139,9112483203,15728642,0.021397352,0.033256114,0.08036458,0
9112563456,9112553374,15728642,0.027621362,0.033366594,0.080625,0
9112683049,9112623432,15728642,0.022502206,0.03568679,0.07505208,0
9112702961,9112693562,15728642,0.017456703,0.035576303,0.074374996,0
9112822879,9112763586,15728642,0.022686347,0.0376387,0.08015625,0
9112843376,9112833831,15728642,0.013258257,0.033145625,0.082499996,0
9112963847,9112903894,15728642,0.01970324,0.040548153,0.08286458,0
9112983156,9112974193,15728642,0.022980977,0.031819798,0.09625,0
9113105631,9113043955,15728642,0.019887384,0.030125689,0.09828125,0
9113124543,9113113677,15728642,0.030052043,0.039774753,0.094375,0
9113244203,9113184175,15728642,0.03837528,0.061061613,0.09848958,0
9113264202,9113254847,15728642,0.04485709,0.07756077,0.1053125,0
9113384430,9113325003,15728642,0.05748926,0.09652744,0.10604166,0
9113404235,9113394528,15728642,0.07004777,0.116893575,0.1121875,0
9113524346,9113464701,15728642,0.07859197,0.13405566,0.11479166,0
9113544533,9113534471,15728642,0.09391263,0.14694561,0.105937496,0
9113664957,9113604904,15728642,0.08713618,0.15062846,0.108020835,0
9113685117,9113675163,15728642,0.08264311,0.1431891,0.1040625,0
9113805745,9113744988,15728642,0.08651011,0.13888018,0.116770834,0
9113824569,9113814954,15728642,0.08175923,0.12993085,0.121562496,0
9113946144,9113885465,15728642,0.08157509,0.12562191,0.12354165,0
9113965033,9113955581,15728642,0.08021243,0.12131299,0.13374999,0
9114085258,9114025512,15728642,0.07152091,0.10569772,0.13802083,0
9114105245,9114095384,15728642,0.0592202,0.09766911,0.13999999,0
9114225819,9114165881,15728642,0.051670365,0.09078219,0.14223959,0
9114245818,9114236439,15728642,0.05612661,0.09192387,0.1321875,0
9114365851,9114305972,15728642,0.041947648,0.086878374,0.14124998,0
9114384725,9114375792,15728642,0.031819817,0.08220115,0.14406249,0
9114506143,9114446300,15728642,0.029315477,0.08809371,0.14281249,0
9114525191,9114516167,15728642,0.040216707,0.09943688,0.138125,0
9114645535,9114586372,15728642,0.035134375,0.10289877,0.13640626,0
9114666540,9114656742,15728642,0.039553795,0.11468387,0.1434375,0
9114785875,9114726849,15728642,0.041247904,0.11770381,0.13291666,0
9114806741,9114796921,15728642,0.042426415,0.118440375,0.1259375,0
9114925845,9114866862,15728642,0.03310881,0.109933004,0.13421877,0
9114948132,9114937027,15728642,0.021434182,0.094354555,0.135625,0
9115066063,9115007272,15728642,0.019961044,0.08941954,0.1434375,0
9115089005,9115077182,15728642,0.019224474,0.0939126,0.14750001,0
9115206679,9115147242,15728642,0.022097094,0.085884005,0.1409375,0
9115227246,9115217798,15728642,0.021655153,0.087504454,0.15187499,0
9115347203,9115287643,15728642,0.024233146,0.08080167,0.14015624,0
9115367113,9115357501,15728642,0.025190689,0.079991445,0.141875,0
9115487734,9115427684,15728642,0.029536447,0.0752774,0.1411979,0
9115507584,9115498182,15728642,0.029168162,0.06805901,0.13843751,0
9115628814,9115568503,15728642,0.0427947,0.06938484,0.13661458,0
9115648209,9115638215,15728642,0.044415154,0.06474445,0.1290625,0
9115769532,9115708219,15728642,0.045740977,0.06562834,0.13744791,0
9115787357,9115778141,15728642,0.0433103,0.065407366,0.1365625,0
9115910348,9115848650,15728642,0.052591078,0.061798178,0.13947916,0
9115928098,9115918395,15728642,0.05457981,0.062092803,0.1290625,0
9116048542,9115988496,15728642,0.05539004,0.07115261,0.14328125,0
9116071699,9116059553,15728642,0.058778264,0.078223675,0.1365625,0
9116188135,9116128824,15728642,0.05925703,0.090045616,0.13729167,0
9116208101,9116198814,15728642,0.06209282,0.10098367,0.134375,0
9116329370,9116269063,15728642,0.06227697,0.10271462,0.13395834,0
9116348275,9116339097,15728642,0.05988311,0.1076128,0.124375,0
9116469197,9116409187,15728642,0.0687956,0.10989617,0.1240625,0
9116489207,9116479598,15728642,0.071815535,0.11468387,0.12406249,0
9116608492,9116549422,15728642,0.07093166,0.1166726,0.12203126,0
9116629538,9116619835,15728642,0.0629767,0.111148335,0.128125,0
9116748906,9116689840,15728642,0.06691736,0.115604594,0.120104164,0
9116770959,9116759691,15728642,0.062755734,0.11092736,0.12593749,0
9116889854,9116829911,15728642,0.06478129,0.11449973,0.1250521,0
9116910707,9116899881,15728642,0.06496544,0.10871765,0.1378125,0
9117029793,9116970293,15728642,0.0589624,0.105955526,0.13171874,0
9117049863,9117040134,15728642,0.062313795,0.10783377,0.13562499,0
9117169951,9117110319,15728642,0.051302083,0.0914451,0.14104167,0
9117189944,9117180713,15728642,0.048392627,0.08993513,0.1384375,0
9117310048,9117250504,15728642,0.039922073,0.082716756,0.14145832,0
9117331139,9117320559,15728642,0.038007,0.0848528,0.138125,0
9117450946,9117390941,15728642,0.035429005,0.08146459,0.1369271,0
9117470851,9117460859,15728642,0.03623923,0.08043338,0.1403125,0
9117591949,9117531136,15728642,0.035392176,0.08562621,0.13088542,0
9117610792,9117600883,15728642,0.042426415,0.09766911,0.12625,0
9117732559,9117671286,15728642,0.041137416,0.092623614,0.13083334,0
9117750539,9117741591,15728642,0.052591078,0.09899494,0.12625,0
9117871523,9117811480,15728642,0.054322015,0.10396679,0.13234374,0
9117890926,9117881749,15728642,0.055021755,0.116451636,0.122187495,0
9118010997,9117951570,15728642,0.05608978,0.11354219,0.12770833,0
9118033459,9118021998,15728642,0.0645235,0.1197662,0.12375,0
9118151928,9118092033,15728642,0.07155773,0.12540096,0.11927083,0
9118170845,9118161795,15728642,0.07866563,0.12727919,0.111875,0
9118291661,9118232072,15728642,0.07479864,0.13121986,0.12010418,0
9118311846,9118302094,15728642,0.070047766,0.12396464,0.11,0
9118432237,9118372357,15728642,0.07420939,0.12878919,0.11578125,0
9118452123,9118442618,15728642,0.068059035,0.12860502,0.12968749,0
9118571928,9118512505,15728642,0.06161405,0.11265831,0.12598959,0
9118592799,9118583010,15728642,0.049718454,0.096122324,0.13624999,0
9118712169,9118652804,15728642,0.053290814,0.09660109,0.13744792,0
9118733240,9118722819,15728642,0.043089326,0.085957654,0.1421875,0
9118852727,9118792894,15728642,0.041910812,0.08087532,0.14229167,0
9118873583,9118862953,15728642,0.044415154,0.070931636,0.1446875,0
9118992495,9118933180,15728642,0.030309847,0.07155772,0.14104167,0
9119013507,9119003296,15728642,0.022760008,0.065186396,0.1503125,0
9119132588,9119073430,15728642,0.028578905,0.06864828,0.14677083,0
9119153553,9119143562,15728642,0.03049399,0.076455906,0.14656249,0
9119273049,9119213657,15728642,0.045262214,0.09579086,0.134375,0
9119293529,9119283763,15728642,0.05789437,0.10960153,0.141875,0
9119415395,9119353856,15728642,0.055279553,0.10912277,0.13749999,0
9119433612,9119424074,15728642,0.04927651,0.092586786,0.13999999,0
9119554569,9119494011,15728642,0.05273839,0.09332335,0.14338543,0
9119573398,9119563857,15728642,0.055684663,0.08838834,0.14625,0
9119695237,9119634297,15728642,0.05255425,0.08798322,0.14260416,0
9119714308,9119704403,15728642,0.060987964,0.08927222,0.14406249,0
9119833843,9119774601,15728642,0.051081102,0.08547889,0.14828123,0
9119854040,9119844267,15728642,0.042868357,0.0720365,0.144375,0
9119974707,9119914572,15728642,0.022833664,0.06901655,0.1521875,0
9119994614,9119984699,15728642,-0.0006629019,0.047950666,0.14875,0
9120114410,9120054867,15728642,-0.00011047543,0.052554227,0.15130208,0
9120134326,9120124858,15728642,-0.00773397,0.049718436,0.1525,0
9120255470,9120195189,15728642,-0.017051576,0.04813481,0.14130208,0
9120274687,9120265455,15728642,-0.018561542,0.0446361,0.1484375,0
9120394537,9120335370,15728642,-0.021581478,0.049423806,0.1428125,0
9120414639,9120405599,15728642,-0.0137001835,0.0499394,0.15031248,0
9120535559,9120475457,15728642,0.0023202018,0.060877457,0.14270833,0
9120555500,9120546021,15728642,0.0075130183,0.062313773,0.14625,0
9120677509,9120615822,15728642,0.01881936,0.067580245,0.1446875,0
9120696471,9120685750,15728642,0.026737483,0.060325034,0.146875,0
9120815283,9120756046,15728642,0.036828488,0.07336232,0.14921874,0
9120837221,9120826101,15728642,0.03866991,0.07358329,0.1640625,0
9120956288,9120896082,15728642,0.044157352,0.069716305,0.14953125,0
9120975996,9120966315,15728642,0.037344083,0.065186396,0.15843749,0
9121095203,9121036362,15728642,0.038780395,0.06632808,0.15203127,0
9121116063,9121106410,15728642,0.02342292,0.05391688,0.160625,0
9121235725,9121176608,15728642,0.015652113,0.04563047,0.15088542,0
9121256814,9121246840,15728642,0.0088388445,0.03314562,0.15312499,0
9121376734,9121316807,15728642,-0.0052664634,0.028910344,0.15031251,0
9121396541,9121387040,15728642,-0.019666398,0.02275999,0.1390625,0
9121517934,9121457149,15728642,-0.022207562,0.028468406,0.14390624,0
9121537035,9121527080,15728642,-0.013700185,0.04596193,0.1365625,0
9121657892,9121597558,15728642,-0.027621351,0.04014303,0.1397396,0
9121676778,9121667354,15728642,-0.02298096,0.05391688,0.1346875,0
9121797880,9121737540,15728642,0.0013994913,0.057599723,0.14848958,0
9121818850,9121807904,15728642,0.018119618,0.060104065,0.1484375,0
9121937521,9121877832,15728642,0.027879167,0.074651316,0.15302083,0
9121957510,9121948464,15728642,0.035134375,0.07181552,0.15437499,0
9122077450,9122018393,15728642,0.043457612,0.07292038,0.16208333,0
9122097322,9122087983,15728642,0.050381362,0.06982678,0.15843749,0
9122218160,9122158294,15728642,0.044599295,0.073914744,0.16369791,0
9122237223,9122228382,15728642,0.030935932,0.062313773,0.15437499,0
9122358039,9122298366,15728642,0.009943699,0.047803354,0.16057292,0
9122377984,9122368563,15728642,-0.007954941,0.025632609,0.156875,0
9122497813,9122439068,15728642,-0.024085812,0.021139538,0.15546876,0
9122518964,9122509087,15728642,-0.036460184,0.0148050375,0.15875,0
9122642039,9122579696,15728642,-0.045225363,0.0016941003,0.1463542,0
9122659789,9122650194,15728642,-0.06341863,-0.005524279,0.14156249,0
9122778546,9122719224,15728642,-0.05759973,-0.0061871926,0.14510417,0
9122800453,9122788917,15728642,-0.053474937,0.00044193398,0.15125,0
9122921970,9122859186,15728642,-0.03292465,0.0191508,0.15197916,0
9122940984,9122929536,15728642,-0.016351834,0.02563261,0.155,0
9123058766,9122999616,15728642,-0.010569764,0.045556813,0.15515624,0
9123079720,9123069566,15728642,0.00044195005,0.06408154,0.15031248,0
9123199557,9123139785,15728642,0.0058925655,0.06960581,0.15052083,0
9123219374,9123209946,15728642,0.020992242,0.08463183,0.15187499,0
9123340375,9123280115,15728642,0.02471192,0.083416484,0.1528125,0
9123359307,9123350341,15728642,0.029831078,0.08728348,0.14999999,0
9123480974,9123420062,15728642,0.027253082,0.08500011,0.15166667,0
9123499955,9123490025,15728642,0.034029525,0.089272216,0.1534375,0
9123620461,9123560433,15728642,0.031083245,0.08065435,0.15505207,0
9123640374,9123630440,15728642,0.01789865,0.056789503,0.15843749,0
9123760764,9123700595,15728642,0.014436773,0.054506138,0.16104166,0
9123779750,9123770751,15728642,0.009059815,0.047066785,0.1528125,0
9123901250,9123840894,15728642,0.0006260948,0.046440702,0.15994792,0
9123921214,9123911693,15728642,-0.00088387355,0.054800764,0.1603125,0
9124041153,9123981066,15728642,-0.0026516402,0.045667302,0.15953124,0
9124060051,9124050991,15728642,0.003977486,0.053032994,0.1603125,0
9124180812,9124121277,15728642,0.013994832,0.05465346,0.15864582,0
9124200743,9124191326,15728642,0.020992242,0.056347556,0.158125,0
9124321714,9124261559,15728642,0.028652562,0.054358818,0.16203125,0
9124341633,9124331837,15728642,0.031819813,0.05391688,0.160625,0
9124461537,9124401756,15728642,0.038964536,0.057894357,0.16265625,0
9124481506,9124471829,15728642,0.0433103,0.054358818,0.1684375,0
9124601869,9124541938,15728642,0.038301628,0.056273904,0.15927084,0
9124623134,9124612629,15728642,0.034029525,0.05126523,0.1703125,0
9124742015,9124682264,15728642,0.01590991,0.05399054,0.15520832,0
9124763411,9124752176,15728642,0.005524283,0.047508724,0.16843751,0
9124882031,9124822539,15728642,-0.0029094394,0.051817663,0.15718749,0
9124901822,9124892504,15728642,-0.0114904735,0.050381348,0.158125,0
9125021783,9124962706,15728642,-0.016094036,0.049976237,0.15984376,0
9125042096,9125032587,15728642,-0.020329308,0.060987946,0.15625,0
9125161897,9125102737,15728642,-0.01937177,0.04765604,0.15963542,0
9125182881,9125173031,15728642,-0.012595329,0.041321546,0.1565625,0
9125303276,9125243108,15728642,-0.00434575,0.050528668,0.1628125,0
9125323127,9125313240,15728642,0.008396903,0.050823286,0.1625,0
9125443493,9125383542,15728642,0.015283829,0.051817656,0.15947917,0
9125462323,9125453349,15728642,0.02563263,0.047287755,0.15687498,0
9125584836,9125523570,15728642,0.031046417,0.056237068,0.15822917,0
9125602990,9125593505,15728642,0.030714959,0.055463675,0.1565625,0
9125723506,9125663730,15728642,0.023864863,0.048613586,0.15723959,0
9125743443,9125733619,15728642,0.011048552,0.04065863,0.1509375,0
9125863504,9125803866,15728642,0.004087971,0.032445878,0.1590625,0
9125883436,9125874364,15728642,-0.0019887276,0.018340573,0.1671875,0
9126004119,9125944012,15728642,-0.0075866557,0.002430669,0.16848958,0
9126023799,9126014234,15728642,-0.006629115,-0.018119622,0.17375,0
9126144354,9126084514,15728642,0.00018415318,3.6817743e-05,0.17395835,0
9126164024,9126154431,15728642,0.0041984566,0.008175911,0.1653125,0
9126284145,9126224609,15728642,0.0013258357,0.019445427,0.1675521,0
9126303937,9126294639,15728642,0.017898649,0.02541164,0.17656249,0
9126424726,9126364754,15728642,0.013295091,0.041579336,0.16494793,0
9126445800,9126434615,15728642,0.013479233,0.05502174,0.154375,0
9126564786,9126504916,15728642,0.024122663,0.07155773,0.15359373,0
9126585839,9126575075,15728642,0.022760008,0.07888658,0.161875,0
9126704380,9126645104,15728642,0.026185058,0.08606815,0.14432292,0
9126726318,9126715053,15728642,0.026737483,0.08816736,0.1478125,0
9126845029,9126785398,15728642,0.02651651,0.09000879,0.14510417,0
9126865094,9126855554,15728642,0.0258536,0.09921591,0.15312499,0
9126984421,9126925593,15728642,0.027952826,0.091076806,0.14583333,0
9127005284,9126995742,15728642,0.026737483,0.08109629,0.15187499,0
9127125049,9127065899,15728642,0.024417292,0.067727566,0.15885417,0
9127145922,9127136074,15728642,0.017456707,0.06386057,0.16,0
9127266111,9127206057,15728642,0.014989199,0.046882637,0.16421874,0
9127286008,9127276403,15728642,0.006408165,0.024969697,0.16874999,0
9127406679,9127346213,15728642,0.00051560946,0.02224439,0.17265624,0
9127425536,9127416128,15728642,0.0013258359,0.007512999,0.17531249,0
9127547128,9127486522,15728642,-0.002430669,-0.0010312082,0.17562501,0
9127565968,9127556680,15728642,-0.010606591,-0.0066291373,0.1790625,0
9127686258,9127626809,15728642,-0.005008662,-0.011195868,0.17791668,0
9127706040,9127696376,15728642,-0.0019887274,-0.026737487,0.1759375,0
9127827154,9127766891,15728642,-0.0042352644,-0.02228124,0.17567709,0
9127846033,9127837237,15728642,0.00044195232,-0.019445445,0.168125,0
9127966898,9127907104,15728642,0.00147315,-0.019887391,0.17671874,0
9127986824,9127977268,15728642,0.012816321,-0.01281632,0.17781249,0
9128107420,9128047476,15728642,0.009501758,-0.009059817,0.17494792,0
9128126324,9128117476,15728642,0.0026516616,-0.0048613697,0.17531249,0
9128247511,9128187702,15728642,0.009796387,-0.01016467,0.1778125,0
9128267383,9128257818,15728642,0.003977486,-0.0057452535,0.17375,0
9128387355,9128327936,15728642,0.007844476,0.0015836138,0.17656252,0
9128408276,9128398523,15728642,0.0077339914,0.016572803,0.17875001,0
9128527608,9128468060,15728642,0.008728359,0.03605507,0.16791666,0
9128548522,9128538185,15728642,0.018782534,0.04883455,0.1703125,0
9128667569,9128608301,15728642,0.018819362,0.055426847,0.16750002,0
9128689763,9128678292,15728642,0.014805058,0.060325034,0.16,0
9128808313,9128748520,15728642,0.02629554,0.07505643,0.16260417,0
9128828100,9128818650,15728642,0.02850525,0.08286406,0.16187501,0
9128948267,9128888659,15728642,0.032335415,0.09590134,0.15473957,0
9128968114,9128958718,15728642,0.0258536,0.10628698,0.1434375,0
9129087999,9129028876,15728642,0.030678129,0.11928743,0.13708335,0
9129108984,9129099095,15728642,0.030714959,0.12882599,0.1290625,0
9129229464,9129169043,15728642,0.03119373,0.13689144,0.12541668,0
9129248273,9129239439,15728642,0.029168159,0.14407298,0.10937501,0
9129370305,9129309325,15728642,0.029867902,0.15140188,0.11687501,0
9129389138,9129379216,15728642,0.030273015,0.15711027,0.10343751,0
9129510398,9129449719,15728642,0.030273017,0.15003923,0.10755208,0
9129529658,9129519563,15728642,0.04795068,0.16064581,0.10343751,0
9129649117,9129589864,15728642,0.03296149,0.14727709,0.11437501,0
9129669555,9129659840,15728642,0.02784234,0.13523416,0.12125,0
9129789982,9129729899,15728642,0.030420331,0.119692534,0.1421875,0
9129809944,9129799905,15728642,0.022539038,0.10694988,0.1434375,0
9129929814,9129870271,15728642,0.031083247,0.10164659,0.15187499,0
9129951013,9129940361,15728642,0.032482725,0.10142562,0.15937501,0
9130070787,9130010487,15728642,0.042205445,0.09214484,0.16317707,0
9130089938,9130080504,15728642,0.040437676,0.08507377,0.161875,0
9130210648,9130150632,15728642,0.045556836,0.08547889,0.16093749,0
9130230337,9130221160,15728642,0.040879622,0.070931636,0.16624999,0
9130350326,9130290818,15728642,0.047029972,0.08371112,0.16421875,0
9130371170,9130361394,15728642,0.047508746,0.069163874,0.1721875,0
9130490770,9130431061,15728642,0.04570415,0.07362012,0.16723959,0
9130512146,9130500718,15728642,0.043089326,0.078444645,0.158125,0
9130631126,9130571417,15728642,0.034360982,0.078776106,0.15895833,0
9130652112,9130641334,15728642,0.021213211,0.07689785,0.1659375,0
9130771005,9130711473,15728642,0.010422468,0.07730296,0.1571875,0
9130790907,9130781530,15728642,0.008617871,0.07446717,0.161875,0
9130911458,9130851810,15728642,-0.0038669799,0.070526525,0.15614584,0
9130931317,9130921853,15728642,-0.0055242595,0.07756077,0.16,0
9131051163,9130991975,15728642,-0.0085810255,0.07177869,0.15734375,0
9131071988,9131062155,15728642,-0.0048613483,0.06673319,0.15968749,0
9131191268,9131132055,15728642,-0.004640378,0.07660322,0.15697917,0
9131212268,9131202325,15728642,-0.004419406,0.06938484,0.16375,0
9131332596,9131272300,15728642,0.014289456,0.0774871,0.15463541,0
9131351532,9131342155,15728642,0.0108275805,0.07535106,0.1559375,0
9131473550,9131412645,15728642,0.021250043,0.07317819,0.15968749,0
9131492368,9131482779,15728642,0.02806331,0.08242212,0.16375,0
9131612413,9131552989,15728642,0.03196713,0.08337967,0.15583333,0
9131632392,9131622862,15728642,0.021213211,0.083968915,0.159375,0
9131752546,9131693052,15728642,0.028689392,0.08282724,0.16104166,0
9131772491,9131763431,15728642,0.024306804,0.07336232,0.154375,0
9131893539,9131833314,15728642,0.021176383,0.07317817,0.15937498,0
9131912403,9131903353,15728642,0.019666417,0.07535105,0.16375,0
9132033198,9131973553,15728642,0.023864862,0.077634424,0.16145834,0
9132053135,9132043457,15728642,0.02032933,0.078665614,0.15,0
9132172806,9132113957,15728642,0.022354897,0.0760508,0.1603125,0
9132192849,9132183910,15728642,0.019666415,0.07535105,0.1615625,0
9132313560,9132253896,15728642,0.024711918,0.0729572,0.16109374,0
9132334605,9132324558,15728642,0.02496972,0.069163874,0.1640625,0
9132454112,9132394267,15728642,0.024969716,0.06909022,0.16260415,0
9132475451,9132464495,15728642,0.020329328,0.07159455,0.15031248,0
9132594213,9132534414,15728642,0.032961495,0.072294295,0.16229166,0
9132615138,9132604216,15728642,0.023422923,0.060546007,0.16218749,0
9132733878,9132674581,15728642,0.020660786,0.058888726,0.16588542,0
9132754799,9132744623,15728642,0.016130883,0.047950663,0.170625,0
9132874356,9132814877,15728642,0.022060266,0.049386974,0.16796875,0
9132894210,9132884841,15728642,0.021655153,0.05170717,0.1665625,0
9133014325,9132955138,15728642,0.027805507,0.05343811,0.17104167,0
9133035121,9133024972,15728642,0.028284281,0.05435882,0.1703125,0
9133155676,9133095357,15728642,0.026921628,0.05041818,0.16828124,0
9133175462,9133165793,15728642,0.025411658,0.051044263,0.1665625,0
9133296637,9133235498,15728642,0.023643896,0.04426782,0.17380208,0
9133315150,9133305802,15728642,0.016351853,0.04154251,0.160625,0
9133436796,9133375664,15728642,0.014326288,0.04305248,0.17072919,0
9133455952,9133445681,15728642,0.011711465,0.0408796,0.155,0
9133575134,9133515960,15728642,0.010974897,0.040143028,0.1665625,0
9133595117,9133586137,15728642,0.0108275805,0.044857077,0.15843749,0
9133715619,9133656169,15728642,0.005966224,0.04006937,0.16552083,0
9133735813,9133726736,15728642,-0.00088387344,0.037565038,0.15843749,0
9133856557,9133796225,15728642,0.004529913,0.04283151,0.16083333,0
9133875486,9133866227,15728642,0.01546797,0.052591056,0.14875,0
9133996135,9133936549,15728642,0.015873082,0.04739824,0.15307292,0
9134016039,9134006589,15728642,0.01767768,0.0499394,0.15843749,0
9134136655,9134076764,15728642,0.006334509,0.04264737,0.154375,0
9134157055,9134147244,15728642,-0.0068500857,0.027179405,0.160625,0
9134276566,9134217017,15728642,0.005708424,0.035244845,0.15614584,0
9134296542,9134287190,15728642,0.011711467,0.03336659,0.16499999,0
9134417846,9134357793,15728642,0.0073657045,0.01649915,0.16197915,0
9134438337,9134427909,15728642,-0.0072920294,0.00066290307,0.1515625,0
9134556461,9134497487,15728642,0.007623505,0.0047508636,0.16140625,0
9134578669,9134567468,15728642,0.010164671,0.003977465,0.169375,0
9134697432,9134637737,15728642,0.009980528,0.0048981775,0.16416666,0
9134717275,9134707615,15728642,0.01259535,0.011269504,0.16749999,0
9134837162,9134777842,15728642,0.012484865,-0.006371336,0.16932291,0
9134858124,9134847978,15728642,-0.003314552,-0.018782536,0.179375,0
9134976887,9134918107,15728642,0.0051191687,-0.0059293956,0.16640624,0
9134997725,9134988062,15728642,-0.0008838737,-0.0035355436,0.1575,0
9135118538,9135058321,15728642,0.007954962,0.001325815,0.16458333,0
9135138899,9135128835,15728642,0.010606611,-0.0004419519,0.1615625,0
9135258961,9135198657,15728642,0.011748294,0.0044562356,0.16421877,0
9135278103,9135268390,15728642,0.017014768,-0.0006629226,0.16562499,0
9135399673,9135339510,15728642,0.0213237,0.010054165,0.16729167,0
9135418579,9135408762,15728642,0.017014766,0.009501737,0.15375,0
9135540268,9135479111,15728642,0.025264345,0.008175911,0.168125,0
9135558157,9135549089,15728642,0.009722728,0.0008838733,0.1653125,0
9135679403,9135619240,15728642,0.017051596,0.008433712,0.16052082,0
9135698319,9135689547,15728642,0.015247,-0.0019887476,0.15781249,0
9135818966,9135759432,15728642,0.024306804,0.01185876,0.16177085,0
9135838853,9135829324,15728642,0.021655153,0.007512999,0.1634375,0
9135959655,9135899629,15728642,0.024159491,0.012006073,0.16692707,0
9135978541,9135969625,15728642,0.026295543,0.005524261,0.1615625,0
9136099391,9136039999,15728642,0.028689396,0.015873065,0.16536456,0
9136119572,9136110103,15728642,0.029389134,0.009059795,0.1653125,0
9136239374,9136180115,15728642,0.02438046,0.015246979,0.16697916,0
9136260248,9136250551,15728642,0.026737481,0.015246979,0.169375,0
9136379670,9136320467,15728642,0.02445412,0.0076603126,0.16328126,0
9136400713,9136390450,15728642,0.031156901,0.017456688,0.17124999,0
9136519924,9136460470,15728642,0.026221886,0.011932416,0.16776042,0
9136541284,9136530754,15728642,0.025190689,0.013258241,0.17531249,0
9136660158,9136600754,15728642,0.025338002,0.014805037,0.16635418,0
9136683133,9136670832,15728642,0.030052047,0.0114904735,0.1690625,0
9136799934,9136740959,15728642,0.027400397,0.012227045,0.16541666,0
9136820919,9136810915,15728642,0.020329328,0.00530329,0.1678125,0
9136940999,9136881251,15728642,0.025816774,0.00894931,0.16494791,0
9136961166,9136951366,15728642,0.03049399,0.007512999,0.171875,0
9137081013,9137021314,15728642,0.03248273,0.011564132,0.16484375,0
9137100947,9137091805,15728642,0.025190689,0.013258241,0.16749999,0
9137220771,9137161661,15728642,0.025743118,0.013221413,0.16536458,0
9137241655,9137231696,15728642,0.019003503,0.006629115,0.169375,0
9137363226,9137301805,15728642,0.023864863,0.008838825,0.16385417,0
9137381096,9137371736,15728642,0.021655153,0.007071056,0.1734375,0
9137502908,9137442296,15728642,0.020955414,0.008360054,0.16479167,0
9137522068,9137512142,15728642,0.040437676,0.016572807,0.15781249,0
9137642593,9137582306,15728642,0.027032113,0.01016465,0.16375001,0
9137661509,9137652647,15728642,0.02828428,0.010164649,0.15968749,0
9137782647,9137722609,15728642,0.025964087,0.013368728,0.1628125,0
9137801601,9137792787,15728642,0.024085835,0.015246979,0.15718749,0
9137922581,9137862681,15728642,0.024785578,0.008433712,0.1653125,0
9137941740,9137932651,15728642,0.022760008,0.005966203,0.1634375,0
9138063017,9138003017,15728642,0.024564605,0.0039406363,0.16822916,0
9138081887,9138072867,15728642,0.020992242,0.0041984357,0.169375,0
9138202989,9138143016,15728642,0.019482274,-0.0009943789,0.16177084,0
9138222965,9138213360,15728642,0.014584087,0.0017677564,0.169375,0
9138342670,9138283372,15728642,0.021139558,0.0027252971,0.16593751,0
9138362936,9138353485,15728642,0.031819813,0.0022096979,0.17,0
9138482883,9138423645,15728642,0.027032113,0.0010311871,0.16203125,0
9138505038,9138493592,15728642,0.024306804,0.00044193154,0.16562499,0
9138623760,9138563894,15728642,0.032224927,0.0051191477,0.16624999,0
9138644748,9138633675,15728642,0.027400397,0.0039774654,0.16375,0
9138763038,9138704024,15728642,0.028357936,-0.0022097186,0.1631771,0
9138783932,9138774181,15728642,0.03248273,-0.001988748,0.1721875,0
9138903583,9138844330,15728642,0.03421367,0.002467498,0.16276042,0
9138924509,9138914364,15728642,0.03248273,0.005524262,0.16375,0
9139043554,9138984428,15728642,0.032666873,0.0014363003,0.1647396,0
9139064706,9139054511,15728642,0.032261755,-0.0017677763,0.161875,0
9139184250,9139124713,15728642,0.0314147,-0.0007734081,0.16635418,0
9139204254,9139195022,15728642,0.034913406,0.0057452326,0.1575,0
9139326048,9139264757,15728642,0.034508295,0.0020255563,0.16057292,0
9139343945,9139334957,15728642,0.03380855,0.0072920285,0.14999999,0
9139466196,9139405233,15728642,0.032224923,-0.0003314659,0.15776041,0
9139484495,9139475143,15728642,0.03623923,-0.0066291355,0.16,0
9139605523,9139545296,15728642,0.041284733,0.0026884682,0.15885419,0
9139624378,9139615533,15728642,0.03557632,-0.0019887465,0.15187499,0
9139745056,9139685620,15728642,0.03163567,0.0023938413,0.15958333,0
9139765347,9139756000,15728642,0.03623923,0.00088387297,0.1559375,0
9139886530,9139825731,15728642,0.03189347,-0.0016941199,0.16109376,0
9139904972,9139895484,15728642,0.03314564,0.004419408,0.1575,0
9140025435,9139966012,15728642,0.032961495,0.0030567534,0.15916668,0
9140045885,9140036097,15728642,0.037123114,0.006629117,0.15375,0
9140165874,9140106185,15728642,0.03314564,-0.0030936017,0.155,0
9140186666,9140176547,15728642,0.03778603,0.0024306695,0.1578125,0
9140305530,9140246449,15728642,0.03436098,-0.0011416923,0.1590625,0
9140326537,9140316770,15728642,0.025190689,-9.633368e-09,0.1559375,0
9140445922,9140386572,15728642,0.029168164,0.0005155884,0.16354167,0
9140467952,9140456673,15728642,0.029831078,0.0046403776,0.16968751,0
9140585901,9140526889,15728642,0.029831074,0.0019887283,0.15671876,0
9140608143,9140596783,15728642,0.024969717,-0.0072920476,0.16,0
9140729201,9140667097,15728642,0.017272566,0.00011047491,0.16187498,0
9140746995,9140737252,15728642,0.0044194274,-0.0026516602,0.1615625,0
9140866668,9140807296,15728642,0.018819362,0.003056754,0.1594271,0
9140887809,9140877381,15728642,0.039553795,0.010827562,0.1653125,0
9141006404,9140947427,15728642,0.032630045,0.011490474,0.16067709,0
9141027304,9141017438,15728642,0.033145636,0.008396882,0.1575,0
9141147148,9141087716,15728642,0.028394766,0.011306332,0.16177085,0
9141167978,9141157755,15728642,0.021434184,0.011711446,0.1575,0
9141288148,9141227808,15728642,0.028578905,0.015615262,0.16802083,0
9141308116,9141298008,15728642,0.02828428,0.017235717,0.1575,0
9141429153,9141368250,15728642,0.026406026,0.023312418,0.16057292,0
9141448092,9141438122,15728642,0.017898649,0.015246979,0.15531251,0
9141567791,9141508366,15728642,0.032114442,0.019887367,0.15807292,0
9141587723,9141578323,15728642,0.031377874,0.0137001835,0.15406251,0
9141708281,9141648594,15728642,0.022686353,0.01451041,0.16041668,0
9141728232,9141719287,15728642,0.021876127,0.014363096,0.16125,0
9141848977,9141788720,15728642,0.021102726,0.011085363,0.15895833,0
9141867846,9141858818,15728642,0.032924667,0.01524698,0.15968749,0
9141988587,9141929001,15728642,0.02342292,0.008323225,0.1596875,0
9142008540,9141999083,15728642,0.022539038,-9.429641e-09,0.148125,0
9142128629,9142069314,15728642,0.028652564,0.0045667216,0.15552084,0
9142148546,9142139406,15728642,0.023643892,0.012153387,0.1515625,0
9142269174,9142209510,15728642,0.029020851,0.006481803,0.15604167,0
9142289879,9142280102,15728642,0.02320195,0.009059796,0.159375,0
9142409174,9142349792,15728642,0.026479688,0.0071078865,0.15411457,0
9142429975,9142420119,15728642,0.028947193,0.005966203,0.16562499,0
9142549740,9142489981,15728642,0.03406635,0.0125585,0.15510418,0
9142570877,9142560099,15728642,0.031598844,0.002872612,0.15,0
9142696933,9142630846,15728642,0.025890429,0.0074025146,0.14812501,0
9142704418,9142697937,15728642,0.02563263,0.0106065925,0.138125,0
9142829774,9142765661,15728642,0.024612764,0.006595121,0.14605771,0
9142840161,9142835218,15728642,0.011490494,0.013258244,0.141875,0
9142969946,9142905774,15728642,0.024850734,0.00941675,0.14711538,0
9142980415,9142975486,15728642,0.029610103,0.0048613492,0.14999999,0
9143110732,9143045787,15728642,0.025156692,0.011014539,0.14625001,0
9143120144,9143116307,15728642,0.026516514,0.015909893,0.141875,0
9143250234,9143186089,15728642,0.027740352,0.012986277,0.14673077,0
9143260814,9143256083,15728642,0.02563263,0.00972271,0.14625,0
9143391916,9143326359,15728642,0.018051628,0.011116526,0.1379327,0
9143400233,9143396380,15728642,0.027400395,0.007954943,0.13374999,0
9143532366,9143466488,15728642,0.021553166,0.011286504,0.13875,0
9143540975,9143536492,15728642,0.025632627,0.0106065925,0.130625,0
9143671642,9143606655,15728642,0.01794964,0.008498872,0.13716346,0
9143681173,9143676727,15728642,0.019445444,0.003535525,0.138125,0
9143812042,9143746843,15728642,0.0159779,0.011354493,0.1377404,0
9143822520,9143816840,15728642,0.020771267,0.009280768,0.13437499,0
9143952500,9143887040,15728642,0.015196005,0.012544337,0.1404327,0
9143962926,9143957100,15728642,0.012374377,0.005303292,0.130625,0
9144091799,9144027411,15728642,0.022165086,0.007818961,0.14028847,0
9144103344,9144097112,15728642,0.013258262,0.010606592,0.14999999,0
9144232429,9144167466,15728642,0.024544774,0.009382754,0.14163463,0
9144242905,9144237757,15728642,0.022539038,0.02077125,0.1375,0
9144372727,9144307741,15728642,0.021009237,0.01176244,0.14192308,0
9144382116,9144377886,15728642,0.021655152,0.015467952,0.13437499,0
9144512137,9144448050,15728642,0.027264412,0.009858691,0.140625,0
9144522840,9144518301,15728642,0.045520008,0.027842319,0.141875,0
9144652733,9144588259,15728642,0.030392002,0.009994674,0.13764425,0
9144663430,9144658475,15728642,0.02784234,0.007513,0.14625,0
9144792459,9144728416,15728642,0.02515669,0.011490477,0.13572116,0
9144802870,9144798347,15728642,0.020771269,-0.004861368,0.1425,0
9144932735,9144868776,15728642,0.022097096,0.011354495,0.13552886,0
9144943269,9144938509,15728642,0.030493988,0.011048534,0.141875,0
9145073565,9145008814,15728642,0.02335493,0.012544338,0.13514423,0
9145083010,9145078770,15728642,0.015467969,0.008396884,0.13437499,0
9145213933,9145149083,15728642,0.016147878,0.01261233,0.12956731,0
9145223356,9145219527,15728642,0.020329325,0.009722711,0.118125,0
9145355377,9145289290,15728642,0.014890046,0.012510343,0.12947115,0
9145363781,9145359358,15728642,0.020329325,0.00972271,0.122499995,0
9145495299,9145429468,15728642,0.020057363,0.00768298,0.13418269,0
9145503684,9145499624,15728642,0.020329325,0.009722711,0.118125,0
9145634329,9145569740,15728642,0.021145223,0.009450746,0.13153848,0
9145643774,9145639944,15728642,0.014142144,0.0026516428,0.130625,0
9145774758,9145710011,15728642,0.024374796,0.005269296,0.134375,0
9145785215,9145780688,15728642,0.015467969,0.008396884,0.12625,0
9145915330,9145850180,15728642,0.011932435,0.0069690733,0.13120194,0
9145925854,9145920223,15728642,0.01590991,-0.005303309,0.130625,0
9146054867,9145990409,15728642,0.012442369,0.0048953467,0.12759617,0
9146066716,9146060268,15728642,0.0119324345,-0.00044195075,0.138125,0
9146194721,9146130608,15728642,0.016453838,0.0036715076,0.13221152,0
9146205188,9146200744,15728642,0.00795496,-0.009722726,0.138125,0
9146335611,9146270714,15728642,0.013088282,-0.00071391364,0.12533654,0
9146346040,9146340909,15728642,0.01590991,-0.004419425,0.114374995,0
9146475636,9146411029,15728642,0.014448101,0.0067650997,0.12384616,0
9146486016,9146481282,15728642,0.004419426,0.0008838746,0.141875,0
9146615547,9146551327,15728642,0.018017633,0.005847222,0.123749994,0
9146625948,9146621422,15728642,0.008838842,-0.0035355415,0.11875,0
9146755840,9146691547,15728642,0.015943905,0.0025496562,0.12817308,0
9146766331,9146761160,15728642,0.011490491,-7.340797e-09,0.11875,0
9146895541,9146831755,15728642,0.0141081475,0.0015977819,0.11711539,0
9146906001,9146901464,15728642,0.022539036,0.007513002,0.114999995,0
9147035746,9146971939,15728642,0.021043232,0.0018697465,0.11355769,0
9147046544,9147042015,15728642,0.022097094,-0.006187191,0.103125,0
9147176574,9147112139,15728642,0.02077127,0.0021417104,0.117163464,0
9147187093,9147182120,15728642,0.014142143,0.0026516435,0.122499995,0
9147318732,9147252439,15728642,0.018595556,0.0025496564,0.11879807,0
9147326087,9147322048,15728642,0.024748743,0.005303294,0.103125,0
9147459014,9147392629,15728642,0.01985339,0.002107714,0.120144226,0
9147466445,9147462812,15728642,0.031377867,0.018119605,0.094375,0
9147597968,9147532811,15728642,0.025020711,0.0008158847,0.11653846,0
9147607471,9147603035,15728642,0.01856156,-0.0017677739,0.11125,0
9147737825,9147673012,15728642,0.01658982,-0.0024476845,0.1164423,0
9147747381,9147743144,15728642,0.018561559,0.012374361,0.122499995,0
9147878303,9147813204,15728642,0.020669281,6.7983936e-05,0.11524039,0
9147888785,9147883156,15728642,0.029610101,0.0057452354,0.114999995,0
9148018561,9147953544,15728642,0.018799527,-0.0021417246,0.11120192,0
9148029164,9148023287,15728642,0.01635185,0.00044193532,0.11125,0
9148158629,9148093773,15728642,0.022165086,0.0010878497,0.11254808,0
9148169155,9148164001,15728642,0.020329326,-0.0044194255,0.11875,0
9148298734,9148233860,15728642,0.016317856,-0.0016317912,0.105576925,0
9148309066,9148304131,15728642,0.01856156,-0.0017677743,0.11875,0
9148438851,9148374318,15728642,0.020363322,0.005473272,0.10653847,0
9148449273,9148444344,15728642,0.02872622,0.014584069,0.110625,0
9148578730,9148514394,15728642,0.022709012,0.000815886,0.10254808,0
9148589227,9148584690,15728642,0.03447146,-0.007071074,0.11125,0
9148719406,9148654508,15728642,0.018017633,0.0013598137,0.11115385,0
9148728969,9148724483,15728642,0.020329326,0.010606595,0.1025,0
9148858681,9148794666,15728642,0.023898857,0.0007138992,0.10774038,0
9148869087,9148864353,15728642,0.01635185,0.00044193532,0.11125,0
9148999330,9148935037,15728642,0.019479439,0.0043174243,0.107788466,0
9149009898,9149004965,15728642,0.026958453,0.002209701,0.122499995,0
9149141131,9149075137,15728642,0.022573031,0.0002039663,0.11048077,0
9149149526,9149145303,15728642,0.029610101,0.00662912,0.098749995,0
9149280142,9149215407,15728642,0.019615421,0.00016997103,0.105288446,0
9149289732,9149286274,15728642,0.030052043,0.0061871773,0.106874995,0
9149421978,9149355653,15728642,0.02454477,0.0041474462,0.10807691,0
9149437049,9149432021,15728642,0.022539036,0.007513002,0.114999995,0
9149569754,9149501355,15728642,0.027084723,0.004356276,0.10446428,0
9149580129,9149576068,15728642,0.028284274,0.015026012,0.091249995,0
9149711320,9149646064,15728642,0.02066928,0.0027876263,0.106201924,0
9149720724,9149716493,15728642,0.01635185,0.00044193532,0.11125,0
9149851777,9149786290,15728642,0.02287899,-0.0009178859,0.107884616,0
9149861165,9149856937,15728642,0.02121321,0.0017677599,0.106874995,0
9149992898,9149926386,15728642,0.023728875,0.0030595895,0.10519231,0
9150001269,9149996344,15728642,0.028284278,0.0008838778,0.106874995,0
9150132563,9150066861,15728642,0.02325294,0.00033994834,0.10870193,0
9150141124,9150137076,15728642,0.014142141,0.0035355277,0.103125,0
9150272318,9150206919,15728642,0.020907251,-0.0007139124,0.10673077,0
9150281866,9150277424,15728642,0.016351849,0.0013258201,0.0875,0
9150412316,9150347145,15728642,0.02104323,0.00050992606,0.10673077,0
9150421778,9150417247,15728642,0.023422917,-0.0004419488,0.106874995,0
9150552941,9150487404,15728642,0.023048967,0.0011558408,0.107980765,0
9150563409,9150557181,15728642,0.020329326,0.010606595,0.098749995,0
9150692577,9150627651,15728642,0.020499304,0.00010197999,0.10524038,0
9150704110,9150697417,15728642,0.022097094,-0.011490492,0.107499994,0
9150832210,9150767831,15728642,0.020057363,0.002175707,0.105480775,0
9150842684,9150838117,15728642,0.009280783,0.0030935863,0.098749995,0
9150972210,9150908030,15728642,0.021689147,0.00176776,0.10605768,0
9150982761,9150978267,15728642,0.01635185,0.00044193532,0.11125,0
9151112825,9151048276,15728642,0.019037498,-0.0031275945,0.110817306,0
9151123319,9151118365,15728642,0.02121321,0.0017677599,0.106874995,0
9151253302,9151188399,15728642,0.020975241,-0.0005779303,0.10519232,0
9151263693,9151258757,15728642,0.022539036,0.007513002,0.114999995,0
9151392945,9151328679,15728642,0.021485174,0.0019717333,0.106298074,0
9151403510,9151398760,15728642,0.018119616,-0.006629133,0.103125,0
9151533560,9151468927,15728642,0.02590459,0.0020397247,0.10557691,0
9151543354,9151538812,15728642,0.028284278,0.0008838783,0.098749995,0
9151673698,9151609317,15728642,0.019955376,-0.0018697603,0.10528845,0
9151684139,9151679168,15728642,0.011932433,0.0057452368,0.098749995,0
9151814207,9151749322,15728642,0.022607027,3.3988646e-05,0.10591347,0
9151823652,9151819817,15728642,0.015467967,0.00928077,0.1025,0
9151954703,9151889584,15728642,0.02318495,0.00040793954,0.10615386,0
9151964136,9151959606,15728642,0.016351849,0.0013258193,0.098749995,0
9152095927,9152029764,15728642,0.02213109,-0.00037395718,0.10673077,0
9152104336,9152099888,15728642,0.02695845,0.0030935858,0.095625,0
9152236460,9152170067,15728642,0.020397319,-0.0014278187,0.10995192,0
9152243845,9152240007,15728642,0.019445442,0.0044194115,0.098749995,0
9152375246,9152310108,15728642,0.022369055,0.00033994878,0.10620192,0
9152384876,9152380415,15728642,0.016351849,0.0013258193,0.098749995,0
9152515187,9152450530,15728642,0.022267072,0.00798894,0.10860577,0
9152525891,9152520332,15728642,0.045520004,0.0013258178,0.103125,0
9152656502,9152590741,15728642,0.023354925,0.0020057287,0.1058173,0
9152667150,9152660441,15728642,0.02121321,0.0017677599,0.106874995,0
9152795489,9152730837,15728642,0.020465309,-0.0006119258,0.1070673,0
9152807049,9152800792,15728642,0.036681168,0.0048613516,0.11125,0
9152935576,9152871054,15728642,0.021791134,0.001597783,0.104807705,0
9152946032,9152941301,15728642,0.03137787,0.0039774696,0.11125,0
9153075697,9153011352,15728642,0.02158716,-0.0011898502,0.10572115,0
9153086119,9153081586,15728642,0.020329326,-0.0044194246,0.11125,0
9153216375,9153151470,15728642,0.020363322,-0.00078190357,0.1045673,0
9153226763,9153221640,15728642,0.030493986,-0.0022097155,0.11125,0
9153356469,9153291782,15728642,0.024714751,-0.0009858768,0.109134614,0
9153366904,9153361732,15728642,0.025190685,-0.0030935986,0.11125,0
9153496603,9153432415,15728642,0.019785399,-0.0013598274,0.10432692,0
9153506014,9153501982,15728642,0.023422917,-0.0004419488,0.106874995,0
9153636694,9153572369,15728642,0.026788477,0.0017677611,0.10413462,0
9153647199,9153642254,15728642,0.0137002,-0.0022097153,0.106874995,0
9153776605,9153712424,15728642,0.021961112,-0.0011558543,0.10711537,0
9153787092,9153782522,15728642,0.024748743,0.005303294,0.106874995,0
9153918072,9153852733,15728642,0.022301067,0.0014957963,0.105721146,0
9153927511,9153923283,15728642,0.025632627,-0.0026516572,0.103125,0
9154058492,9153992831,15728642,0.01961542,-0.00050993933,0.1058173,0
9154067163,9154063120,15728642,0.018119616,-0.0013258309,0.098749995,0
9154198926,9154133223,15728642,0.019445444,-0.0014278184,0.106778845,0
9154207350,9154203322,15728642,0.028284278,0.0008838778,0.106874995,0
9154337992,9154273210,15728642,0.02325294,0.0019717338,0.10528846,0
9154347547,9154343515,15728642,0.02651651,0.0026516446,0.103125,0
9154478559,9154413824,15728642,0.01696377,-0.004249446,0.106826924,0
9154489088,9154484359,15728642,0.026074568,-0.011048551,0.107499994,0
9154618853,9154553788,15728642,0.024306804,-0.0007819038,0.10769231,0
9154629377,9154623994,15728642,0.027400395,-0.0053033074,0.114999995,0
9154758597,9154693949,15728642,0.021859126,0.002141711,0.10403846,0
9154770153,9154763703,15728642,0.02386486,-0.00088389125,0.11125,0
9154899715,9154834437,15728642,0.020873256,0.0012238324,0.10485576,0
9154910330,9154904465,15728642,0.019445442,0.004419411,0.103125,0
9155038415,9154974506,15728642,0.018459575,-0.0030256074,0.10298076,0
9155048949,9155044356,15728642,0.011932434,0.0004419351,0.114999995,0
9155179396,9155114603,15728642,0.02247104,-0.00037395762,0.11124999,0
9155189851,9155184716,15728642,0.025190685,-0.0022097148,0.099374995,0
9155319439,9155254856,15728642,0.021655152,0.0010538544,0.108125,0
9155329888,9155324929,15728642,0.017235734,0.006629119,0.110625,0
9155459334,9155396151,15728642,0.019411448,0.00023796229,0.10283654,0
9155469214,9155464966,15728642,0.020329326,-0.0044194255,0.11875,0
9155599667,9155535375,15728642,0.029406132,0.006357155,0.106634624,0
9155610151,9155605209,15728642,0.02121321,0.00176776,0.103125,0
9155739916,9155675462,15728642,0.02005736,0.0041474467,0.102211535,0
9155750325,9155745376,15728642,0.030493986,-0.0022097158,0.114999995,0
9155880313,9155815728,15728642,0.0205333,0.00047593057,0.10778845,0
9155890548,9155886013,15728642,0.01635185,0.0004419356,0.106874995,0
9156021546,9155955960,15728642,0.020669285,-0.0029916128,0.109711535,0
9156030267,9156025800,15728642,0.019445444,0.003535526,0.11875,0
9156161829,9156096234,15728642,0.02335493,0.0028216215,0.10740385,0
9156170238,9156166403,15728642,0.025190685,-0.0022097148,0.099374995,0
9156301415,9156236364,15728642,0.021689147,0.0012238317,0.10975961,0
9156310904,9156306465,15728642,0.02386486,-0.0008838918,0.11875,0
9156441193,9156376566,15728642,0.02410283,0.0025496576,0.10557691,0
9156451668,9156447244,15728642,0.02386486,-0.0008838918,0.119375,0
9156581880,9156516899,15728642,0.02719642,0.0015637879,0.10350962,0
9156592487,9156586845,15728642,0.02121321,0.00176776,0.103125,0
9156721978,9156657097,15728642,0.021995107,0.001937738,0.1058173,0
9156733626,9156726988,15728642,0.028284278,0.0008838783,0.098749995,0
9156861526,9156797230,15728642,0.021485174,-0.00061192614,0.107788466,0
9156871929,9156867388,15728642,0.03137787,0.0039774696,0.106874995,0
9157001570,9156937468,15728642,0.023286937,0.0030255946,0.105528854,0
9157011982,9157007757,15728642,0.024748743,0.005303294,0.103125,0
9157142335,9157077670,15728642,0.024238812,0.0023456835,0.11038462,0
9157153055,9157148115,15728642,0.01635185,0.0004419356,0.106874995,0
9157282961,9157217977,15728642,0.022811001,-0.0033655635,0.10721154,0
9157292383,9157288140,15728642,0.01590991,-0.0044194246,0.11125,0
9157422536,9157358259,15728642,0.021179214,0.0013258188,0.10552885,0
9157432942,9157428009,15728642,0.02651651,0.002651644,0.11125,0
9157562532,9157498312,15728642,0.023524906,0.0012238318,0.106394224,0
9157573113,9157567980,15728642,0.02651651,0.0026516435,0.11875,0
9157703343,9157638541,15728642,0.020669281,0.0029915986,0.106682695,0
9157712810,9157708771,15728642,0.02651651,0.0026516449,0.098749995,0
9157843955,9157778926,15728642,0.023694882,0.0018697472,0.108028844,0
9157853522,9157849643,15728642,0.02121321,0.0017677596,0.11125,0
9157984403,9157918978,15728642,0.023762874,0.0033655495,0.10841345,0
9157993981,9157988645,15728642,0.029610101,0.00662912,0.099374995,0
9158125028,9158059195,15728642,0.023150954,3.3989265e-05,0.104038455,0
9158133496,9158129633,15728642,0.015467967,0.00928077,0.1025,0
9158263929,9158199384,15728642,0.025666622,0.0013258186,0.10471154,0
9158273513,9158269441,15728642,0.024748743,0.005303294,0.103125,0
9158404930,9158339593,15728642,0.02474874,6.798433e-05,0.10711538,0
9158416769,9158410319,15728642,0.032703694,0.0097227115,0.103125,0
9158544356,9158479881,15728642,0.025292672,0.004283429,0.10360577,0
9158555926,9158549685,15728642,0.0137002,-0.0022097158,0.114999995,0
9158685158,9158620253,15728642,0.025054703,0.0020737194,0.11038461,0
9158696745,9158689942,15728642,0.025632627,-0.0026516572,0.103125,0
9158825124,9158760299,15728642,0.02474874,0.004011465,0.10437501,0
9158835638,9158830669,15728642,0.025632627,0.010606593,0.114999995,0
9158965565,9158900576,15728642,0.022063099,0.00071389903,0.10562501,0
9158975961,9158970636,15728642,0.033587575,0.0017677607,0.11125,0
9159105184,9159040748,15728642,0.022607027,-0.00084989483,0.10826924,0
9159115592,9159110866,15728642,0.02651651,0.002651644,0.11125,0
9159245714,9159181127,15728642,0.020227341,-0.0032975723,0.10831729,0
9159256139,9159251159,15728642,0.020771269,-0.0039774817,0.103125,0
9159385887,9159321245,15728642,0.021927115,-0.0011898502,0.10754809,0
9159396367,9159391640,15728642,0.027400395,-0.005303307,0.103125,0
9159526075,9159461991,15728642,0.022437045,0.0025156618,0.109134614,0
9159536637,9159531294,15728642,0.041100584,0.019003486,0.114999995,0
9159665944,9159601653,15728642,0.023728877,0.0019037423,0.10721153,0
9159676412,9159671467,15728642,0.011048551,-0.00574525,0.11875,0
9159806992,9159741936,15728642,0.021961112,-0.00067991717,0.10615384,0
9159816432,9159812357,15728642,0.02651651,-0.011490492,0.11125,0
9159947849,9159882004,15728642,0.021485174,-0.00047594367,0.103894226,0
9159957458,9159952315,15728642,0.028284278,0.000883878,0.103125,0
9160088063,9160022441,15728642,0.02318495,-0.00047594393,0.10774038,0
9160096482,9160092448,15728642,0.018119616,-0.0013258309,0.098749995,0
9160227695,9160162563,15728642,0.020839259,0.00016997078,0.10701922,0
9160237265,9160232735,15728642,0.022539036,-0.0066291336,0.11875,0
9160367685,9160302845,15728642,0.022878991,0.0015297915,0.10769231,0
9160378173,9160373648,15728642,0.019887384,-0.0039774827,0.11125,0
9160507813,9160442994,15728642,0.025666622,0.0028216217,0.102884606,0
9160518550,9160512942,15728642,0.040216703,0.00044193605,0.099374995,0
9160649443,9160583256,15728642,0.022097094,0.00027195734,0.10581731,0
9160658952,9160654014,15728642,0.027400393,0.008838828,0.106874995,0
9160788081,9160723425,15728642,0.017677674,-0.0035355405,0.10605768,0
9160798539,9160793579,15728642,0.030493986,-0.0022097158,0.114999995,0
9160927852,9160863570,15728642,0.022607025,0.0022097023,0.10692307,0
9160938295,9160933824,15728642,0.022097094,-0.0061871917,0.11125,0
9161068950,9161003930,15728642,0.02393285,0.0010878496,0.107403845,0
9161078408,9161073965,15728642,0.025632627,0.011490479,0.099374995,0
9161208135,9161144121,15728642,0.02145118,-0.00050993974,0.109182686,0
9161218573,9161214148,15728642,0.022097094,-0.0061871917,0.11125,0
9161349168,9161284215,15728642,0.021247204,0.0028896127,0.104038455,0
9161358715,9161354218,15728642,0.010606607,-0.0053033065,0.098749995,0
9161489447,9161424621,15728642,0.023728877,0.0019717338,0.10514423,0
9161498803,9161494273,15728642,0.026516508,-0.010606607,0.095625,0
9161629570,9161564731,15728642,0.02121321,0.0023116886,0.1064423,0
9161639931,9161635855,15728642,0.025632627,0.011490479,0.1025,0
9161770138,9161705004,15728642,0.021553166,-0.0012238453,0.10745192,0
9161779555,9161775031,15728642,0.022097094,-0.0061871903,0.099374995,0
9161911159,9161845119,15728642,0.021961112,0.00108785,0.1058173,0
9161919595,9161915059,15728642,0.02695845,0.0030935858,0.095625,0
