timestamp,id,event_sequence,arguments[0],arguments[1],arguments[2],arguments[3],arguments[4],arguments[5],arguments[6],arguments[7],arguments[8],arguments[9],arguments[10],arguments[11],arguments[12],arguments[13],arguments[14],arguments[15],arguments[16],arguments[17],arguments[18],arguments[19],arguments[20],arguments[21],arguments[22],arguments[23],arguments[24],log_levels
9100394949,18691879,0,0,2,0,2,56,0,0,0,0,0,0,0,0,0,0,0,0,0,0,0,0,0,0,0,0,136
9100564922,17980399,1,234,7,1,22,15,43,39,0,0,0,0,0,0,0,0,0,0,0,0,0,0,0,0,0,0,102
9102479622,27825120,2,0,0,0,18,1,0,0,0,0,129,190,1,128,129,190,1,128,0,0,0,0,0,0,0,0,136
9102479625,30612409,3,124,0,126,0,17,0,0,0,0,0,0,0,0,0,0,0,0,0,0,0,0,0,0,0,0,51
9102479627,26788467,4,56,0,0,0,24,0,0,0,0,0,0,0,0,0,0,0,0,0,0,0,0,0,0,0,0,51
9102479629,29467116,5,126,1,126,0,20,0,0,0,0,0,0,0,0,0,0,0,0,0,0,0,0,0,0,0,0,34
9102479630,17154777,6,8,0,0,0,20,0,0,0,0,0,0,0,0,0,0,0,0,0,0,0,0,0,0,0,0,102
9102479632,19865031,7,0,64,0,0,20,0,0,0,0,0,0,0,0,0,0,0,0,0,0,0,0,0,0,0,0,51
9102479633,16856624,8,32,0,0,0,20,0,0,0,0,0,0,0,0,0,0,0,0,0,0,0,0,0,0,0,0,102
9102479635,18691879,9,0,130,20,2,56,0,0,0,0,0,0,0,0,0,0,0,0,0,0,0,0,0,0,0,0,136
9104117903,27825120,10,0,0,0,18,1,0,0,0,0,129,190,1,128,129,190,1,128,0,0,0,0,0,0,0,0,136
9104117906,30612409,11,124,0,126,0,17,0,0,0,0,0,0,0,0,0,0,0,0,0,0,0,0,0,0,0,0,51
9104117908,26788467,12,56,0,0,0,24,0,0,0,0,0,0,0,0,0,0,0,0,0,0,0,0,0,0,0,0,51
9104117910,29467116,13,126,1,126,0,20,0,0,0,0,0,0,0,0,0,0,0,0,0,0,0,0,0,0,0,0,34
9104117912,17154777,14,8,0,0,0,20,0,0,0,0,0,0,0,0,0,0,0,0,0,0,0,0,0,0,0,0,102
9104117913,19865031,15,0,64,0,0,20,0,0,0,0,0,0,0,0,0,0,0,0,0,0,0,0,0,0,0,0,51
9104117915,16856624,16,32,0,0,0,20,0,0,0,0,0,0,0,0,0,0,0,0,0,0,0,0,0,0,0,0,102
9104117917,18691879,17,0,130,20,2,56,0,0,0,0,0,0,0,0,0,0,0,0,0,0,0,0,0,0,0,0,136
9106880304,26266355,18,3,0,0,0,0,0,0,0,0,0,0,0,0,0,0,0,0,0,0,0,0,0,0,0,0,102
9106910697,21054825,19,0,0,0,0,0,0,0,0,0,0,0,0,0,0,0,0,0,0,0,0,0,0,0,0,0,102
9109217076,26622124,20,0,0,0,0,0,0,0,0,0,0,0,0,0,0,0,0,0,0,0,0,0,0,0,0,0,102
9110410835,21054825,21,0,0,0,0,0,0,0,0,0,0,0,0,0,0,0,0,0,0,0,0,0,0,0,0,0,102
9112717517,26622124,22,0,0,0,0,0,0,0,0,0,0,0,0,0,0,0,0,0,0,0,0,0,0,0,0,0,102
9112919951,21054825,23,0,0,0,0,0,0,0,0,0,0,0,0,0,0,0,0,0,0,0,0,0,0,0,0,0,102
9136950963,26622124,24,0,0,0,0,0,0,0,0,0,0,0,0,0,0,0,0,0,0,0,0,0,0,0,0,0,102
9137759750,21054825,25,0,0,0,0,0,0,0,0,0,0,0,0,0,0,0,0,0,0,0,0,0,0,0,0,0,102
9149175601,26622124,26,0,0,0,0,0,0,0,0,0,0,0,0,0,0,0,0,0,0,0,0,0,0,0,0,0,102
9155042501,32794487,27,3,0,0,0,0,0,0,0,0,0,0,0,0,0,0,0,0,0,0,0,0,0,0,0,0,102
