timestamp,voltage_v,current_a,current_average_a,discharged_mah,remaining,scale,time_remaining_s,temperature,voltage_cell_v[0],voltage_cell_v[1],voltage_cell_v[2],voltage_cell_v[3],voltage_cell_v[4],voltage_cell_v[5],voltage_cell_v[6],voltage_cell_v[7],voltage_cell_v[8],voltage_cell_v[9],voltage_cell_v[10],voltage_cell_v[11],voltage_cell_v[12],voltage_cell_v[13],max_cell_voltage_delta,full_charge_capacity_wh,remaining_capacity_wh,nominal_voltage,internal_resistance_estimate,ocv_estimate,ocv_estimate_filtered,volt_based_soc_estimate,voltage_prediction,prediction_error,estimation_covariance_norm,capacity,cycle_count,average_time_to_empty,manufacture_date,state_of_health,max_error,interface_error,faults,over_discharge_count,connected,cell_count,source,priority,id,is_powering_off,is_required,warning
9100579479,11.5835285,-0.0,15.0,0.0,0.43529415,1.0877514,135.81178,nan,0.0,0.0,0.0,0.0,0.0,0.0,0.0,0.0,0.0,0.0,0.0,0.0,0.0,0.0,0.0,0.0,0.0,0.0,0.005,11.5835285,11.5835285,0.43529415,0.0,0.0,4.509989,1300,0,0,0,0,0,0,0,0,1,3,0,0,1,0,0,0
9100629463,11.586016,-0.0,15.0,0.0,0.43667555,1.0875179,136.24278,nan,0.0,0.0,0.0,0.0,0.0,0.0,0.0,0.0,0.0,0.0,0.0,0.0,0.0,0.0,0.0,0.0,0.0,0.0,0.005,11.586016,11.586016,0.43667555,0.0,0.0,4.509989,1300,0,0,0,0,0,0,0,0,1,3,0,0,1,0,0,0
9100779444,11.587259,-0.0,15.0,0.0,0.4373665,1.0874012,136.45833,nan,0.0,0.0,0.0,0.0,0.0,0.0,0.0,0.0,0.0,0.0,0.0,0.0,0.0,0.0,0.0,0.0,0.0,0.0,0.005,11.587259,11.587259,0.4373665,0.0,0.0,4.509989,1300,0,0,0,0,0,0,0,0,1,3,0,0,1,0,0,0
9100979450,11.59099,-0.0,15.0,0.0,0.4394393,1.0870512,137.10506,nan,0.0,0.0,0.0,0.0,0.0,0.0,0.0,0.0,0.0,0.0,0.0,0.0,0.0,0.0,0.0,0.0,0.0,0.0,0.005,11.59099,11.59099,0.4394393,0.0,0.0,4.509989,1300,0,0,0,0,0,0,0,0,1,3,0,0,1,0,0,0
9101179445,11.588503,-0.0,15.0,0.0,0.43805742,1.0872846,136.67392,nan,0.0,0.0,0.0,0.0,0.0,0.0,0.0,0.0,0.0,0.0,0.0,0.0,0.0,0.0,0.0,0.0,0.0,0.0,0.005,11.588503,11.588503,0.43805742,0.0,0.0,4.509989,1300,0,0,0,0,0,0,0,0,1,3,0,0,1,0,0,0
9101379747,11.594721,-0.0,15.0,0.0,0.4415121,1.0867014,137.75177,nan,0.0,0.0,0.0,0.0,0.0,0.0,0.0,0.0,0.0,0.0,0.0,0.0,0.0,0.0,0.0,0.0,0.0,0.0,0.005,11.594721,11.594721,0.4415121,0.0,0.0,4.509989,1300,0,0,0,0,0,0,0,0,1,3,0,0,1,0,0,0
9101579447,11.594721,-0.0,15.0,0.0,0.4415121,1.0867014,137.75177,nan,0.0,0.0,0.0,0.0,0.0,0.0,0.0,0.0,0.0,0.0,0.0,0.0,0.0,0.0,0.0,0.0,0.0,0.0,0.005,11.594721,11.594721,0.4415121,0.0,0.0,4.509989,1300,0,0,0,0,0,0,0,0,1,3,0,0,1,0,0,0
9101779451,11.587259,-0.0,15.0,0.0,0.4373665,1.0874012,136.45833,nan,0.0,0.0,0.0,0.0,0.0,0.0,0.0,0.0,0.0,0.0,0.0,0.0,0.0,0.0,0.0,0.0,0.0,0.0,0.005,11.587259,11.587259,0.4373665,0.0,0.0,4.509989,1300,0,0,0,0,0,0,0,0,1,3,0,0,1,0,0,0
9101979446,11.589747,-0.0,15.0,0.0,0.43874884,1.0871677,136.88963,nan,0.0,0.0,0.0,0.0,0.0,0.0,0.0,0.0,0.0,0.0,0.0,0.0,0.0,0.0,0.0,0.0,0.0,0.0,0.005,11.589747,11.589747,0.43874884,0.0,0.0,4.509989,1300,0,0,0,0,0,0,0,0,1,3,0,0,1,0,0,0
9102179444,11.588503,-0.0,15.0,0.0,0.43805742,1.0872846,136.67392,nan,0.0,0.0,0.0,0.0,0.0,0.0,0.0,0.0,0.0,0.0,0.0,0.0,0.0,0.0,0.0,0.0,0.0,0.0,0.005,11.588503,11.588503,0.43805742,0.0,0.0,4.509989,1300,0,0,0,0,0,0,0,0,1,3,0,0,1,0,0,0
9102379447,11.582285,-0.0,15.0,0.0,0.43943846,1.0870593,137.1048,nan,0.0,0.0,0.0,0.0,0.0,0.0,0.0,0.0,0.0,0.0,0.0,0.0,0.0,0.0,0.0,0.0,0.0,0.0,0.005,11.582285,11.59099,0.4394393,0.0,0.0,4.509989,1300,0,0,0,0,0,0,0,0,1,3,0,0,1,0,0,0
9102579516,11.594721,-0.0,15.0,0.0,0.43943658,1.0870544,137.10422,nan,0.0,0.0,0.0,0.0,0.0,0.0,0.0,0.0,0.0,0.0,0.0,0.0,0.0,0.0,0.0,0.0,0.0,0.0,0.005,11.594721,11.59099,0.4394393,0.0,0.0,4.509989,1300,0,0,0,0,0,0,0,0,1,3,0,0,1,0,0,0
9102779531,11.587259,-0.0,15.0,0.0,0.43943542,1.0870566,137.10385,nan,0.0,0.0,0.0,0.0,0.0,0.0,0.0,0.0,0.0,0.0,0.0,0.0,0.0,0.0,0.0,0.0,0.0,0.0,0.005,11.587259,11.59099,0.4394393,0.0,0.0,4.509989,1300,0,0,0,0,0,0,0,0,1,3,0,0,1,0,0,0
9102979492,11.587259,-0.0,15.0,0.0,0.4394304,1.08707,137.10228,nan,0.0,0.0,0.0,0.0,0.0,0.0,0.0,0.0,0.0,0.0,0.0,0.0,0.0,0.0,0.0,0.0,0.0,0.0,0.005,11.587259,11.59099,0.4394393,0.0,0.0,4.509989,1300,0,0,0,0,0,0,0,0,1,3,0,0,1,0,0,0
9103179452,11.588503,-0.0,15.0,0.0,0.4394225,1.087075,137.09981,nan,0.0,0.0,0.0,0.0,0.0,0.0,0.0,0.0,0.0,0.0,0.0,0.0,0.0,0.0,0.0,0.0,0.0,0.0,0.005,11.588503,11.59099,0.4394393,0.0,0.0,4.509989,1300,0,0,0,0,0,0,0,0,1,3,0,0,1,0,0,0
9103379491,11.592234,-0.0,15.0,0.0,0.43941256,1.0870796,137.09671,nan,0.0,0.0,0.0,0.0,0.0,0.0,0.0,0.0,0.0,0.0,0.0,0.0,0.0,0.0,0.0,0.0,0.0,0.0,0.005,11.592234,11.59099,0.4394393,0.0,0.0,4.509989,1300,0,0,0,0,0,0,0,0,1,3,0,0,1,0,0,0
9103579439,11.59099,-0.0,15.0,0.0,0.43940088,1.0870863,137.09306,nan,0.0,0.0,0.0,0.0,0.0,0.0,0.0,0.0,0.0,0.0,0.0,0.0,0.0,0.0,0.0,0.0,0.0,0.0,0.005,11.59099,11.59099,0.4394393,0.0,0.0,4.509989,1300,0,0,0,0,0,0,0,0,1,3,0,0,1,0,0,0
9103779477,11.587259,-0.0,15.0,0.0,0.43939143,1.0870817,137.09013,nan,0.0,0.0,0.0,0.0,0.0,0.0,0.0,0.0,0.0,0.0,0.0,0.0,0.0,0.0,0.0,0.0,0.0,0.0,0.005,11.587259,11.59099,0.4394393,0.0,0.0,4.509989,1300,0,0,0,0,0,0,0,0,1,3,0,0,1,0,0,0
9103979459,11.59099,-0.0,15.0,0.0,0.43938154,1.0870862,137.08704,nan,0.0,0.0,0.0,0.0,0.0,0.0,0.0,0.0,0.0,0.0,0.0,0.0,0.0,0.0,0.0,0.0,0.0,0.0,0.005,11.59099,11.59099,0.4394393,0.0,0.0,4.509989,1300,0,0,0,0,0,0,0,0,1,3,0,0,1,0,0,0
9104179448,11.588503,-0.0,15.0,0.0,0.43936953,1.087095,137.0833,nan,0.0,0.0,0.0,0.0,0.0,0.0,0.0,0.0,0.0,0.0,0.0,0.0,0.0,0.0,0.0,0.0,0.0,0.0,0.005,11.588503,11.59099,0.4394393,0.0,0.0,4.509989,1300,0,0,0,0,0,0,0,0,1,3,0,0,1,0,0,0
9104379532,11.589747,-0.0,15.0,0.0,0.4393566,1.0870968,137.07925,nan,0.0,0.0,0.0,0.0,0.0,0.0,0.0,0.0,0.0,0.0,0.0,0.0,0.0,0.0,0.0,0.0,0.0,0.0,0.005,11.589747,11.59099,0.4394393,0.0,0.0,4.509989,1300,0,0,0,0,0,0,0,0,1,3,0,0,1,0,0,0
9104579697,11.59099,-0.0,15.0,0.0,0.43934017,1.0871074,137.07413,nan,0.0,0.0,0.0,0.0,0.0,0.0,0.0,0.0,0.0,0.0,0.0,0.0,0.0,0.0,0.0,0.0,0.0,0.0,0.005,11.59099,11.59099,0.4394393,0.0,0.0,4.509989,1300,0,0,0,0,0,0,0,0,1,3,0,0,1,0,0,0
9104779532,11.592234,-0.0,15.0,0.0,0.4393222,1.087113,137.06853,nan,0.0,0.0,0.0,0.0,0.0,0.0,0.0,0.0,0.0,0.0,0.0,0.0,0.0,0.0,0.0,0.0,0.0,0.0,0.005,11.592234,11.59099,0.4394393,0.0,0.0,4.509989,1300,0,0,0,0,0,0,0,0,1,3,0,0,1,0,0,0
9104979555,11.584772,-0.0,15.0,0.0,0.43930715,1.087112,137.06383,nan,0.0,0.0,0.0,0.0,0.0,0.0,0.0,0.0,0.0,0.0,0.0,0.0,0.0,0.0,0.0,0.0,0.0,0.0,0.005,11.584772,11.59099,0.4394393,0.0,0.0,4.509989,1300,0,0,0,0,0,0,0,0,1,3,0,0,1,0,0,0
9105179677,11.586016,-0.0,15.0,0.0,0.43929267,1.0871141,137.05931,nan,0.0,0.0,0.0,0.0,0.0,0.0,0.0,0.0,0.0,0.0,0.0,0.0,0.0,0.0,0.0,0.0,0.0,0.0,0.005,11.586016,11.59099,0.4394393,0.0,0.0,4.509989,1300,0,0,0,0,0,0,0,0,1,3,0,0,1,0,0,0
9105379567,11.582285,-0.0,15.0,0.0,0.4392762,1.0871266,137.05417,nan,0.0,0.0,0.0,0.0,0.0,0.0,0.0,0.0,0.0,0.0,0.0,0.0,0.0,0.0,0.0,0.0,0.0,0.0,0.005,11.582285,11.59099,0.4394393,0.0,0.0,4.509989,1300,0,0,0,0,0,0,0,0,1,3,0,0,1,0,0,0
9105579583,11.589747,-0.0,15.0,0.0,0.43925247,1.0871441,137.04677,nan,0.0,0.0,0.0,0.0,0.0,0.0,0.0,0.0,0.0,0.0,0.0,0.0,0.0,0.0,0.0,0.0,0.0,0.0,0.005,11.589747,11.59099,0.4394393,0.0,0.0,4.509989,1300,0,0,0,0,0,0,0,0,1,3,0,0,1,0,0,0
9105779444,11.592234,-0.0,15.0,0.0,0.439227,1.0871472,137.03883,nan,0.0,0.0,0.0,0.0,0.0,0.0,0.0,0.0,0.0,0.0,0.0,0.0,0.0,0.0,0.0,0.0,0.0,0.0,0.005,11.592234,11.59099,0.4394393,0.0,0.0,4.509989,1300,0,0,0,0,0,0,0,0,1,3,0,0,1,0,0,0
9105979479,11.582285,-0.0,15.0,0.0,0.43920395,1.0871493,137.03163,nan,0.0,0.0,0.0,0.0,0.0,0.0,0.0,0.0,0.0,0.0,0.0,0.0,0.0,0.0,0.0,0.0,0.0,0.0,0.005,11.582285,11.59099,0.4394393,0.0,0.0,4.509989,1300,0,0,0,0,0,0,0,0,1,3,0,0,1,0,0,0
9106179448,11.588503,-0.0,15.0,0.0,0.43917692,1.0871658,137.0232,nan,0.0,0.0,0.0,0.0,0.0,0.0,0.0,0.0,0.0,0.0,0.0,0.0,0.0,0.0,0.0,0.0,0.0,0.0,0.005,11.588503,11.59099,0.4394393,0.0,0.0,4.509989,1300,0,0,0,0,0,0,0,0,1,3,0,0,1,0,0,0
9106379447,11.586016,-0.0,15.0,0.0,0.43914622,1.0871819,137.01363,nan,0.0,0.0,0.0,0.0,0.0,0.0,0.0,0.0,0.0,0.0,0.0,0.0,0.0,0.0,0.0,0.0,0.0,0.0,0.005,11.586016,11.59099,0.4394393,0.0,0.0,4.509989,1300,0,0,0,0,0,0,0,0,1,3,0,0,1,0,0,0
9106579437,11.594721,-0.0,15.0,0.0,0.43911448,1.0871803,137.00371,nan,0.0,0.0,0.0,0.0,0.0,0.0,0.0,0.0,0.0,0.0,0.0,0.0,0.0,0.0,0.0,0.0,0.0,0.0,0.005,11.594721,11.59099,0.4394393,0.0,0.0,4.509989,1300,0,0,0,0,0,0,0,0,1,3,0,0,1,0,0,0
9106779461,11.582285,-0.0,15.0,0.0,0.43908232,1.0871958,136.99368,nan,0.0,0.0,0.0,0.0,0.0,0.0,0.0,0.0,0.0,0.0,0.0,0.0,0.0,0.0,0.0,0.0,0.0,0.0,0.005,11.582285,11.59099,0.4394393,0.0,0.0,4.509989,1300,0,0,0,0,0,0,0,0,1,3,0,0,1,0,0,0
9106979446,11.589747,-0.0,14.985052,0.0,0.43904877,1.0872027,137.25706,nan,0.0,0.0,0.0,0.0,0.0,0.0,0.0,0.0,0.0,0.0,0.0,0.0,0.0,0.0,0.0,0.0,0.0,0.0,0.005,11.589747,11.59099,0.4394393,0.0,0.0,4.509989,1300,0,0,0,0,0,0,0,0,1,3,0,0,1,0,0,0
9107179444,11.59099,-0.0,14.925252,0.0,0.4390118,1.0872127,137.7953,nan,0.0,0.0,0.0,0.0,0.0,0.0,0.0,0.0,0.0,0.0,0.0,0.0,0.0,0.0,0.0,0.0,0.0,0.0,0.005,11.59099,11.59099,0.4394393,0.0,0.0,4.509989,1300,0,0,0,0,0,0,0,0,1,3,0,0,1,0,0,0
9107379440,11.587259,-0.0,14.865705,0.0,0.43897727,1.0872144,138.33643,nan,0.0,0.0,0.0,0.0,0.0,0.0,0.0,0.0,0.0,0.0,0.0,0.0,0.0,0.0,0.0,0.0,0.0,0.0,0.005,11.587259,11.59099,0.4394393,0.0,0.0,4.509989,1300,0,0,0,0,0,0,0,0,1,3,0,0,1,0,0,0
9107579434,11.588503,-0.0,14.806358,0.0,0.43894118,1.0872263,138.87915,nan,0.0,0.0,0.0,0.0,0.0,0.0,0.0,0.0,0.0,0.0,0.0,0.0,0.0,0.0,0.0,0.0,0.0,0.0,0.005,11.588503,11.59099,0.4394393,0.0,0.0,4.509989,1300,0,0,0,0,0,0,0,0,1,3,0,0,1,0,0,0
9107779443,11.587259,-0.0,14.747307,0.0,0.43890277,1.0872375,139.42334,nan,0.0,0.0,0.0,0.0,0.0,0.0,0.0,0.0,0.0,0.0,0.0,0.0,0.0,0.0,0.0,0.0,0.0,0.0,0.005,11.587259,11.59099,0.4394393,0.0,0.0,4.509989,1300,0,0,0,0,0,0,0,0,1,3,0,0,1,0,0,0
9107979444,11.59099,-0.0,14.688466,0.0,0.43886366,1.0872439,139.96939,nan,0.0,0.0,0.0,0.0,0.0,0.0,0.0,0.0,0.0,0.0,0.0,0.0,0.0,0.0,0.0,0.0,0.0,0.0,0.005,11.59099,11.59099,0.4394393,0.0,0.0,4.509989,1300,0,0,0,0,0,0,0,0,1,3,0,0,1,0,0,0
9108179442,11.586016,-0.0,14.629858,0.0,0.43882778,1.0872409,140.51862,nan,0.0,0.0,0.0,0.0,0.0,0.0,0.0,0.0,0.0,0.0,0.0,0.0,0.0,0.0,0.0,0.0,0.0,0.0,0.005,11.586016,11.59099,0.4394393,0.0,0.0,4.509989,1300,0,0,0,0,0,0,0,0,1,3,0,0,1,0,0,0
9108379441,11.593477,-0.0,14.571491,0.0,0.43879828,1.087228,141.07202,nan,0.0,0.0,0.0,0.0,0.0,0.0,0.0,0.0,0.0,0.0,0.0,0.0,0.0,0.0,0.0,0.0,0.0,0.0,0.005,11.593477,11.59099,0.4394393,0.0,0.0,4.509989,1300,0,0,0,0,0,0,0,0,1,3,0,0,1,0,0,0
9108579436,11.582285,-0.0,14.5132885,0.0,0.4387704,1.0872383,141.62816,nan,0.0,0.0,0.0,0.0,0.0,0.0,0.0,0.0,0.0,0.0,0.0,0.0,0.0,0.0,0.0,0.0,0.0,0.0,0.005,11.582285,11.59099,0.4394393,0.0,0.0,4.509989,1300,0,0,0,0,0,0,0,0,1,3,0,0,1,0,0,0
9108779548,11.587259,-0.0,14.455438,0.0,0.43873972,1.0872446,142.18588,nan,0.0,0.0,0.0,0.0,0.0,0.0,0.0,0.0,0.0,0.0,0.0,0.0,0.0,0.0,0.0,0.0,0.0,0.0,0.005,11.587259,11.59099,0.4394393,0.0,0.0,4.509989,1300,0,0,0,0,0,0,0,0,1,3,0,0,1,0,0,0
9108979446,11.582285,-0.0,14.397742,0.0,0.43871045,1.0872474,142.74568,nan,0.0,0.0,0.0,0.0,0.0,0.0,0.0,0.0,0.0,0.0,0.0,0.0,0.0,0.0,0.0,0.0,0.0,0.0,0.005,11.582285,11.59099,0.4394393,0.0,0.0,4.509989,1300,0,0,0,0,0,0,0,0,1,3,0,0,1,0,0,0
9109179448,11.587259,-0.0,14.340311,0.0,0.43868232,1.0872511,143.30832,nan,0.0,0.0,0.0,0.0,0.0,0.0,0.0,0.0,0.0,0.0,0.0,0.0,0.0,0.0,0.0,0.0,0.0,0.0,0.005,11.587259,11.59099,0.4394393,0.0,0.0,4.509989,1300,0,0,0,0,0,0,0,0,1,3,0,0,1,0,0,0
9109379532,11.594721,-0.0,14.283091,0.0,0.43865213,1.0872545,143.87276,nan,0.0,0.0,0.0,0.0,0.0,0.0,0.0,0.0,0.0,0.0,0.0,0.0,0.0,0.0,0.0,0.0,0.0,0.0,0.005,11.594721,11.59099,0.4394393,0.0,0.0,4.509989,1300,0,0,0,0,0,0,0,0,1,3,0,0,1,0,0,0
9109579451,11.584772,-0.0,14.226081,0.0,0.43862656,1.0872524,144.44048,nan,0.0,0.0,0.0,0.0,0.0,0.0,0.0,0.0,0.0,0.0,0.0,0.0,0.0,0.0,0.0,0.0,0.0,0.0,0.005,11.584772,11.59099,0.4394393,0.0,0.0,4.509989,1300,0,0,0,0,0,0,0,0,1,3,0,0,1,0,0,0
9109779454,11.584772,-0.0,14.169347,0.0,0.4385994,1.0872627,145.01012,nan,0.0,0.0,0.0,0.0,0.0,0.0,0.0,0.0,0.0,0.0,0.0,0.0,0.0,0.0,0.0,0.0,0.0,0.0,0.005,11.584772,11.59099,0.4394393,0.0,0.0,4.509989,1300,0,0,0,0,0,0,0,0,1,3,0,0,1,0,0,0
9109979510,11.587259,-0.0,14.112766,0.0,0.4385704,1.0872693,145.58154,nan,0.0,0.0,0.0,0.0,0.0,0.0,0.0,0.0,0.0,0.0,0.0,0.0,0.0,0.0,0.0,0.0,0.0,0.0,0.005,11.587259,11.59099,0.4394393,0.0,0.0,4.509989,1300,0,0,0,0,0,0,0,0,1,3,0,0,1,0,0,0
9110179526,11.589747,-0.0,14.056483,0.0,0.4385386,1.0872847,146.15422,nan,0.0,0.0,0.0,0.0,0.0,0.0,0.0,0.0,0.0,0.0,0.0,0.0,0.0,0.0,0.0,0.0,0.0,0.0,0.005,11.589747,11.59099,0.4394393,0.0,0.0,4.509989,1300,0,0,0,0,0,0,0,0,1,3,0,0,1,0,0,0
9110379515,11.592234,-0.0,14.0004015,0.0,0.43850586,1.0872858,146.72871,nan,0.0,0.0,0.0,0.0,0.0,0.0,0.0,0.0,0.0,0.0,0.0,0.0,0.0,0.0,0.0,0.0,0.0,0.0,0.005,11.592234,11.59099,0.4394393,0.0,0.0,4.509989,1300,0,0,0,0,0,0,0,0,1,3,0,0,1,0,0,0
9110579453,11.584772,-0.0,13.944528,0.0,0.43847165,1.0873039,147.30482,nan,0.0,0.0,0.0,0.0,0.0,0.0,0.0,0.0,0.0,0.0,0.0,0.0,0.0,0.0,0.0,0.0,0.0,0.0,0.005,11.584772,11.59099,0.4394393,0.0,0.0,4.509989,1300,0,0,0,0,0,0,0,0,1,3,0,0,1,0,0,0
9110779503,11.586016,-0.0,13.888892,0.0,0.43844005,1.0872941,147.88443,nan,0.0,0.0,0.0,0.0,0.0,0.0,0.0,0.0,0.0,0.0,0.0,0.0,0.0,0.0,0.0,0.0,0.0,0.0,0.005,11.586016,11.59099,0.4394393,0.0,0.0,4.509989,1300,0,0,0,0,0,0,0,0,1,3,0,0,1,0,0,0
9110979453,11.584772,-0.0,13.833471,0.0,0.4384089,1.0872992,148.46614,nan,0.0,0.0,0.0,0.0,0.0,0.0,0.0,0.0,0.0,0.0,0.0,0.0,0.0,0.0,0.0,0.0,0.0,0.0,0.005,11.584772,11.59099,0.4394393,0.0,0.0,4.509989,1300,0,0,0,0,0,0,0,0,1,3,0,0,1,0,0,0
9111179468,11.59099,-0.0,13.7782345,0.0,0.43837807,1.0873044,149.05045,nan,0.0,0.0,0.0,0.0,0.0,0.0,0.0,0.0,0.0,0.0,0.0,0.0,0.0,0.0,0.0,0.0,0.0,0.0,0.005,11.59099,11.59099,0.4394393,0.0,0.0,4.509989,1300,0,0,0,0,0,0,0,0,1,3,0,0,1,0,0,0
9111379533,11.587259,-0.0,13.72327,0.0,0.43834764,1.0873127,149.63736,nan,0.0,0.0,0.0,0.0,0.0,0.0,0.0,0.0,0.0,0.0,0.0,0.0,0.0,0.0,0.0,0.0,0.0,0.0,0.005,11.587259,11.59099,0.4394393,0.0,0.0,4.509989,1300,0,0,0,0,0,0,0,0,1,3,0,0,1,0,0,0
9111579549,11.598452,-0.0,13.668534,0.0,0.43831977,1.087299,150.2273,nan,0.0,0.0,0.0,0.0,0.0,0.0,0.0,0.0,0.0,0.0,0.0,0.0,0.0,0.0,0.0,0.0,0.0,0.0,0.005,11.598452,11.59099,0.4394393,0.0,0.0,4.509989,1300,0,0,0,0,0,0,0,0,1,3,0,0,1,0,0,0
9111779589,11.588503,-0.0,13.61402,0.0,0.43829712,1.0872984,150.82144,nan,0.0,0.0,0.0,0.0,0.0,0.0,0.0,0.0,0.0,0.0,0.0,0.0,0.0,0.0,0.0,0.0,0.0,0.0,0.005,11.588503,11.59099,0.4394393,0.0,0.0,4.509989,1300,0,0,0,0,0,0,0,0,1,3,0,0,1,0,0,0
9111979527,11.592234,-0.0,13.559693,0.0,0.43827632,1.0872955,151.41827,nan,0.0,0.0,0.0,0.0,0.0,0.0,0.0,0.0,0.0,0.0,0.0,0.0,0.0,0.0,0.0,0.0,0.0,0.0,0.005,11.592234,11.59099,0.4394393,0.0,0.0,4.509989,1300,0,0,0,0,0,0,0,0,1,3,0,0,1,0,0,0
9112179444,11.584772,-0.0,13.505585,0.0,0.4382548,1.0873065,152.01714,nan,0.0,0.0,0.0,0.0,0.0,0.0,0.0,0.0,0.0,0.0,0.0,0.0,0.0,0.0,0.0,0.0,0.0,0.0,0.005,11.584772,11.59099,0.4394393,0.0,0.0,4.509989,1300,0,0,0,0,0,0,0,0,1,3,0,0,1,0,0,0
9112379443,11.586016,-0.0,13.451721,0.0,0.4382376,1.087291,152.62012,nan,0.0,0.0,0.0,0.0,0.0,0.0,0.0,0.0,0.0,0.0,0.0,0.0,0.0,0.0,0.0,0.0,0.0,0.0,0.005,11.586016,11.59099,0.4394393,0.0,0.0,4.509989,1300,0,0,0,0,0,0,0,0,1,3,0,0,1,0,0,0
9112579427,11.594721,-0.0,13.398021,0.0,0.4382231,1.0872883,153.2264,nan,0.0,0.0,0.0,0.0,0.0,0.0,0.0,0.0,0.0,0.0,0.0,0.0,0.0,0.0,0.0,0.0,0.0,0.0,0.005,11.594721,11.59099,0.4394393,0.0,0.0,4.509989,1300,0,0,0,0,0,0,0,0,1,3,0,0,1,0,0,0
9112779461,11.582285,-0.0,13.344587,0.0,0.43820918,1.0872973,153.83545,nan,0.0,0.0,0.0,0.0,0.0,0.0,0.0,0.0,0.0,0.0,0.0,0.0,0.0,0.0,0.0,0.0,0.0,0.0,0.005,11.582285,11.59099,0.4394393,0.0,0.0,4.509989,1300,0,0,0,0,0,0,0,0,1,3,0,0,1,0,0,0
9112979451,11.588503,-0.0,13.29134,0.0,0.43819442,1.0872979,154.4465,nan,0.0,0.0,0.0,0.0,0.0,0.0,0.0,0.0,0.0,0.0,0.0,0.0,0.0,0.0,0.0,0.0,0.0,0.0,0.005,11.588503,11.59099,0.4394393,0.0,0.0,4.509989,1300,0,0,0,0,0,0,0,0,1,3,0,0,1,0,0,0
9113179443,11.59099,-0.0,13.238309,0.0,0.43818095,1.087295,155.06042,nan,0.0,0.0,0.0,0.0,0.0,0.0,0.0,0.0,0.0,0.0,0.0,0.0,0.0,0.0,0.0,0.0,0.0,0.0,0.005,11.59099,11.59099,0.4394393,0.0,0.0,4.509989,1300,0,0,0,0,0,0,0,0,1,3,0,0,1,0,0,0
9113379444,11.589747,-0.0,13.185488,0.0,0.43816656,1.0873027,155.67647,nan,0.0,0.0,0.0,0.0,0.0,0.0,0.0,0.0,0.0,0.0,0.0,0.0,0.0,0.0,0.0,0.0,0.0,0.0,0.005,11.589747,11.59099,0.4394393,0.0,0.0,4.509989,1300,0,0,0,0,0,0,0,0,1,3,0,0,1,0,0,0
9113579456,11.595964,-0.0,13.132852,0.0,0.43815604,1.0872836,156.2964,nan,0.0,0.0,0.0,0.0,0.0,0.0,0.0,0.0,0.0,0.0,0.0,0.0,0.0,0.0,0.0,0.0,0.0,0.0,0.005,11.595964,11.59099,0.4394393,0.0,0.0,4.509989,1300,0,0,0,0,0,0,0,0,1,3,0,0,1,0,0,0
9113779445,11.586016,-0.0,13.080472,0.0,0.43814895,1.0872847,156.91997,nan,0.0,0.0,0.0,0.0,0.0,0.0,0.0,0.0,0.0,0.0,0.0,0.0,0.0,0.0,0.0,0.0,0.0,0.0,0.005,11.586016,11.59099,0.4394393,0.0,0.0,4.509989,1300,0,0,0,0,0,0,0,0,1,3,0,0,1,0,0,0
9113979440,11.587259,-0.0,13.028282,0.0,0.4381433,1.0872824,157.54655,nan,0.0,0.0,0.0,0.0,0.0,0.0,0.0,0.0,0.0,0.0,0.0,0.0,0.0,0.0,0.0,0.0,0.0,0.0,0.005,11.587259,11.59099,0.4394393,0.0,0.0,4.509989,1300,0,0,0,0,0,0,0,0,1,3,0,0,1,0,0,0
9114179445,11.59099,-0.0,12.976288,0.0,0.43813747,1.0872824,158.1756,nan,0.0,0.0,0.0,0.0,0.0,0.0,0.0,0.0,0.0,0.0,0.0,0.0,0.0,0.0,0.0,0.0,0.0,0.0,0.005,11.59099,11.59099,0.4394393,0.0,0.0,4.509989,1300,0,0,0,0,0,0,0,0,1,3,0,0,1,0,0,0
9114379534,11.593477,-0.0,12.924526,0.0,0.4381376,1.0872654,158.80956,nan,0.0,0.0,0.0,0.0,0.0,0.0,0.0,0.0,0.0,0.0,0.0,0.0,0.0,0.0,0.0,0.0,0.0,0.0,0.005,11.593477,11.59099,0.4394393,0.0,0.0,4.509989,1300,0,0,0,0,0,0,0,0,1,3,0,0,1,0,0,0
9114579442,11.587259,-0.0,12.872931,0.0,0.4381419,1.0872606,159.44705,nan,0.0,0.0,0.0,0.0,0.0,0.0,0.0,0.0,0.0,0.0,0.0,0.0,0.0,0.0,0.0,0.0,0.0,0.0,0.005,11.587259,11.59099,0.4394393,0.0,0.0,4.509989,1300,0,0,0,0,0,0,0,0,1,3,0,0,1,0,0,0
9114779441,11.584772,-0.0,12.82159,0.0,0.43814567,1.0872626,160.08716,nan,0.0,0.0,0.0,0.0,0.0,0.0,0.0,0.0,0.0,0.0,0.0,0.0,0.0,0.0,0.0,0.0,0.0,0.0,0.005,11.584772,11.59099,0.4394393,0.0,0.0,4.509989,1300,0,0,0,0,0,0,0,0,1,3,0,0,1,0,0,0
9114979446,11.587259,-0.0,12.7704315,0.0,0.43814594,1.0872725,160.72859,nan,0.0,0.0,0.0,0.0,0.0,0.0,0.0,0.0,0.0,0.0,0.0,0.0,0.0,0.0,0.0,0.0,0.0,0.0,0.005,11.587259,11.59099,0.4394393,0.0,0.0,4.509989,1300,0,0,0,0,0,0,0,0,1,3,0,0,1,0,0,0
9115179445,11.598452,-0.0,12.719474,0.0,0.4381455,1.0872638,161.3723,nan,0.0,0.0,0.0,0.0,0.0,0.0,0.0,0.0,0.0,0.0,0.0,0.0,0.0,0.0,0.0,0.0,0.0,0.0,0.005,11.598452,11.59099,0.4394393,0.0,0.0,4.509989,1300,0,0,0,0,0,0,0,0,1,3,0,0,1,0,0,0
9115379441,11.589747,-0.0,12.668728,0.0,0.43814957,1.0872566,162.02026,nan,0.0,0.0,0.0,0.0,0.0,0.0,0.0,0.0,0.0,0.0,0.0,0.0,0.0,0.0,0.0,0.0,0.0,0.0,0.005,11.589747,11.59099,0.4394393,0.0,0.0,4.509989,1300,0,0,0,0,0,0,0,0,1,3,0,0,1,0,0,0
9115579475,11.589747,-0.0,12.618156,0.0,0.43815544,1.087252,162.67159,nan,0.0,0.0,0.0,0.0,0.0,0.0,0.0,0.0,0.0,0.0,0.0,0.0,0.0,0.0,0.0,0.0,0.0,0.0,0.005,11.589747,11.59099,0.4394393,0.0,0.0,4.509989,1300,0,0,0,0,0,0,0,0,1,3,0,0,1,0,0,0
9115779485,11.589747,-0.0,12.567828,0.0,0.43816176,1.0872521,163.32567,nan,0.0,0.0,0.0,0.0,0.0,0.0,0.0,0.0,0.0,0.0,0.0,0.0,0.0,0.0,0.0,0.0,0.0,0.0,0.005,11.589747,11.59099,0.4394393,0.0,0.0,4.509989,1300,0,0,0,0,0,0,0,0,1,3,0,0,1,0,0,0
9115979522,11.592234,-0.0,12.517669,0.0,0.43817052,1.0872386,163.98334,nan,0.0,0.0,0.0,0.0,0.0,0.0,0.0,0.0,0.0,0.0,0.0,0.0,0.0,0.0,0.0,0.0,0.0,0.0,0.005,11.592234,11.59099,0.4394393,0.0,0.0,4.509989,1300,0,0,0,0,0,0,0,0,1,3,0,0,1,0,0,0
9116179445,11.582285,-0.0,12.467725,0.0,0.43818343,1.0872347,164.64484,nan,0.0,0.0,0.0,0.0,0.0,0.0,0.0,0.0,0.0,0.0,0.0,0.0,0.0,0.0,0.0,0.0,0.0,0.0,0.005,11.582285,11.59099,0.4394393,0.0,0.0,4.509989,1300,0,0,0,0,0,0,0,0,1,3,0,0,1,0,0,0
9116379449,11.59099,-0.0,12.417977,0.0,0.4381948,1.0872297,165.30873,nan,0.0,0.0,0.0,0.0,0.0,0.0,0.0,0.0,0.0,0.0,0.0,0.0,0.0,0.0,0.0,0.0,0.0,0.0,0.005,11.59099,11.59099,0.4394393,0.0,0.0,4.509989,1300,0,0,0,0,0,0,0,0,1,3,0,0,1,0,0,0
9116579586,11.589747,-0.0,12.368416,0.0,0.43820822,1.0872251,165.97647,nan,0.0,0.0,0.0,0.0,0.0,0.0,0.0,0.0,0.0,0.0,0.0,0.0,0.0,0.0,0.0,0.0,0.0,0.0,0.005,11.589747,11.59099,0.4394393,0.0,0.0,4.509989,1300,0,0,0,0,0,0,0,0,1,3,0,0,1,0,0,0
9116779491,11.589747,-0.0,12.3190975,0.0,0.43822354,1.0872171,166.64688,nan,0.0,0.0,0.0,0.0,0.0,0.0,0.0,0.0,0.0,0.0,0.0,0.0,0.0,0.0,0.0,0.0,0.0,0.0,0.005,11.589747,11.59099,0.4394393,0.0,0.0,4.509989,1300,0,0,0,0,0,0,0,0,1,3,0,0,1,0,0,0
9116979529,11.587259,-0.0,12.269904,0.0,0.4382375,1.0872233,167.31993,nan,0.0,0.0,0.0,0.0,0.0,0.0,0.0,0.0,0.0,0.0,0.0,0.0,0.0,0.0,0.0,0.0,0.0,0.0,0.005,11.587259,11.59099,0.4394393,0.0,0.0,4.509989,1300,0,0,0,0,0,0,0,0,1,3,0,0,1,0,0,0
9117179477,11.5835285,-0.0,12.220984,0.0,0.43824735,1.0872313,167.99384,nan,0.0,0.0,0.0,0.0,0.0,0.0,0.0,0.0,0.0,0.0,0.0,0.0,0.0,0.0,0.0,0.0,0.0,0.0,0.005,11.5835285,11.59099,0.4394393,0.0,0.0,4.509989,1300,0,0,0,0,0,0,0,0,1,3,0,0,1,0,0,0
9117379635,11.59099,-0.0,12.172172,0.0,0.43825334,1.0872332,168.66968,nan,0.0,0.0,0.0,0.0,0.0,0.0,0.0,0.0,0.0,0.0,0.0,0.0,0.0,0.0,0.0,0.0,0.0,0.0,0.005,11.59099,11.59099,0.4394393,0.0,0.0,4.509989,1300,0,0,0,0,0,0,0,0,1,3,0,0,1,0,0,0
9117579501,11.588503,-0.0,12.1236315,0.0,0.43826216,1.0872295,169.34831,nan,0.0,0.0,0.0,0.0,0.0,0.0,0.0,0.0,0.0,0.0,0.0,0.0,0.0,0.0,0.0,0.0,0.0,0.0,0.005,11.588503,11.59099,0.4394393,0.0,0.0,4.509989,1300,0,0,0,0,0,0,0,0,1,3,0,0,1,0,0,0
9117779580,11.597208,-0.0,12.075256,0.0,0.4382716,1.087219,170.03067,nan,0.0,0.0,0.0,0.0,0.0,0.0,0.0,0.0,0.0,0.0,0.0,0.0,0.0,0.0,0.0,0.0,0.0,0.0,0.005,11.597208,11.59099,0.4394393,0.0,0.0,4.509989,1300,0,0,0,0,0,0,0,0,1,3,0,0,1,0,0,0
9117979452,11.592234,-0.0,12.027057,0.0,0.4382829,1.0872145,170.71577,nan,0.0,0.0,0.0,0.0,0.0,0.0,0.0,0.0,0.0,0.0,0.0,0.0,0.0,0.0,0.0,0.0,0.0,0.0,0.005,11.592234,11.59099,0.4394393,0.0,0.0,4.509989,1300,0,0,0,0,0,0,0,0,1,3,0,0,1,0,0,0
9118179628,11.588503,-0.0,11.979109,0.0,0.43829608,1.0872139,171.40541,nan,0.0,0.0,0.0,0.0,0.0,0.0,0.0,0.0,0.0,0.0,0.0,0.0,0.0,0.0,0.0,0.0,0.0,0.0,0.005,11.588503,11.59099,0.4394393,0.0,0.0,4.509989,1300,0,0,0,0,0,0,0,0,1,3,0,0,1,0,0,0
9118379433,11.588503,-0.0,11.931285,0.0,0.4383061,1.0872201,172.09535,nan,0.0,0.0,0.0,0.0,0.0,0.0,0.0,0.0,0.0,0.0,0.0,0.0,0.0,0.0,0.0,0.0,0.0,0.0,0.005,11.588503,11.59099,0.4394393,0.0,0.0,4.509989,1300,0,0,0,0,0,0,0,0,1,3,0,0,1,0,0,0
9118579436,11.592234,-0.0,11.883648,0.0,0.43831253,1.0872235,172.78731,nan,0.0,0.0,0.0,0.0,0.0,0.0,0.0,0.0,0.0,0.0,0.0,0.0,0.0,0.0,0.0,0.0,0.0,0.0,0.005,11.592234,11.59099,0.4394393,0.0,0.0,4.509989,1300,0,0,0,0,0,0,0,0,1,3,0,0,1,0,0,0
9118779442,11.594721,-0.0,11.836272,0.0,0.43832037,1.0872145,173.48262,nan,0.0,0.0,0.0,0.0,0.0,0.0,0.0,0.0,0.0,0.0,0.0,0.0,0.0,0.0,0.0,0.0,0.0,0.0,0.005,11.594721,11.59099,0.4394393,0.0,0.0,4.509989,1300,0,0,0,0,0,0,0,0,1,3,0,0,1,0,0,0
9118979537,11.588503,-0.0,11.789061,0.0,0.43833303,1.0872047,174.18297,nan,0.0,0.0,0.0,0.0,0.0,0.0,0.0,0.0,0.0,0.0,0.0,0.0,0.0,0.0,0.0,0.0,0.0,0.0,0.005,11.588503,11.59099,0.4394393,0.0,0.0,4.509989,1300,0,0,0,0,0,0,0,0,1,3,0,0,1,0,0,0
9119179444,11.589747,-0.0,11.742026,0.0,0.43834612,1.0872055,174.88565,nan,0.0,0.0,0.0,0.0,0.0,0.0,0.0,0.0,0.0,0.0,0.0,0.0,0.0,0.0,0.0,0.0,0.0,0.0,0.005,11.589747,11.59099,0.4394393,0.0,0.0,4.509989,1300,0,0,0,0,0,0,0,0,1,3,0,0,1,0,0,0
9119379438,11.592234,-0.0,11.695173,0.0,0.43835977,1.0871996,175.59167,nan,0.0,0.0,0.0,0.0,0.0,0.0,0.0,0.0,0.0,0.0,0.0,0.0,0.0,0.0,0.0,0.0,0.0,0.0,0.005,11.592234,11.59099,0.4394393,0.0,0.0,4.509989,1300,0,0,0,0,0,0,0,0,1,3,0,0,1,0,0,0
9119579436,11.593477,-0.0,11.648488,0.0,0.4383743,1.0871903,176.30093,nan,0.0,0.0,0.0,0.0,0.0,0.0,0.0,0.0,0.0,0.0,0.0,0.0,0.0,0.0,0.0,0.0,0.0,0.0,0.005,11.593477,11.59099,0.4394393,0.0,0.0,4.509989,1300,0,0,0,0,0,0,0,0,1,3,0,0,1,0,0,0
9119779465,11.584772,-0.0,11.602008,0.0,0.43839058,1.0871894,177.0139,nan,0.0,0.0,0.0,0.0,0.0,0.0,0.0,0.0,0.0,0.0,0.0,0.0,0.0,0.0,0.0,0.0,0.0,0.0,0.005,11.584772,11.59099,0.4394393,0.0,0.0,4.509989,1300,0,0,0,0,0,0,0,0,1,3,0,0,1,0,0,0
9119979505,11.584772,-0.0,11.555738,0.0,0.43840075,1.0872067,177.72726,nan,0.0,0.0,0.0,0.0,0.0,0.0,0.0,0.0,0.0,0.0,0.0,0.0,0.0,0.0,0.0,0.0,0.0,0.0,0.005,11.584772,11.59099,0.4394393,0.0,0.0,4.509989,1300,0,0,0,0,0,0,0,0,1,3,0,0,1,0,0,0
9120179450,11.592234,-0.0,11.509614,0.0,0.43840984,1.0872006,178.44275,nan,0.0,0.0,0.0,0.0,0.0,0.0,0.0,0.0,0.0,0.0,0.0,0.0,0.0,0.0,0.0,0.0,0.0,0.0,0.005,11.592234,11.59099,0.4394393,0.0,0.0,4.509989,1300,0,0,0,0,0,0,0,0,1,3,0,0,1,0,0,0
9120379449,11.588503,-0.0,11.463706,0.0,0.4384196,1.0871994,179.16159,nan,0.0,0.0,0.0,0.0,0.0,0.0,0.0,0.0,0.0,0.0,0.0,0.0,0.0,0.0,0.0,0.0,0.0,0.0,0.005,11.588503,11.59099,0.4394393,0.0,0.0,4.509989,1300,0,0,0,0,0,0,0,0,1,3,0,0,1,0,0,0
9120579435,11.597208,-0.0,11.417948,0.0,0.43843028,1.0871878,179.88362,nan,0.0,0.0,0.0,0.0,0.0,0.0,0.0,0.0,0.0,0.0,0.0,0.0,0.0,0.0,0.0,0.0,0.0,0.0,0.005,11.597208,11.59099,0.4394393,0.0,0.0,4.509989,1300,0,0,0,0,0,0,0,0,1,3,0,0,1,0,0,0
9120779447,11.594721,-0.0,11.372411,0.0,0.43844512,1.0871791,180.6104,nan,0.0,0.0,0.0,0.0,0.0,0.0,0.0,0.0,0.0,0.0,0.0,0.0,0.0,0.0,0.0,0.0,0.0,0.0,0.005,11.594721,11.59099,0.4394393,0.0,0.0,4.509989,1300,0,0,0,0,0,0,0,0,1,3,0,0,1,0,0,0
9120979446,11.59099,-0.0,11.327033,0.0,0.43846154,1.0871753,181.34068,nan,0.0,0.0,0.0,0.0,0.0,0.0,0.0,0.0,0.0,0.0,0.0,0.0,0.0,0.0,0.0,0.0,0.0,0.0,0.005,11.59099,11.59099,0.4394393,0.0,0.0,4.509989,1300,0,0,0,0,0,0,0,0,1,3,0,0,1,0,0,0
9121179444,11.587259,-0.0,11.281837,0.0,0.43847933,1.0871705,182.07452,nan,0.0,0.0,0.0,0.0,0.0,0.0,0.0,0.0,0.0,0.0,0.0,0.0,0.0,0.0,0.0,0.0,0.0,0.0,0.005,11.587259,11.59099,0.4394393,0.0,0.0,4.509989,1300,0,0,0,0,0,0,0,0,1,3,0,0,1,0,0,0
9121379447,11.598452,-0.0,11.236806,0.0,0.4384991,1.0871543,182.81216,nan,0.0,0.0,0.0,0.0,0.0,0.0,0.0,0.0,0.0,0.0,0.0,0.0,0.0,0.0,0.0,0.0,0.0,0.0,0.005,11.598452,11.59099,0.4394393,0.0,0.0,4.509989,1300,0,0,0,0,0,0,0,0,1,3,0,0,1,0,0,0
9121579438,11.592234,-0.0,11.191947,0.0,0.43852308,1.0871469,183.55453,nan,0.0,0.0,0.0,0.0,0.0,0.0,0.0,0.0,0.0,0.0,0.0,0.0,0.0,0.0,0.0,0.0,0.0,0.0,0.005,11.592234,11.59099,0.4394393,0.0,0.0,4.509989,1300,0,0,0,0,0,0,0,0,1,3,0,0,1,0,0,0
9121779466,11.594721,-0.0,11.147332,0.0,0.4385451,1.087143,184.2992,nan,0.0,0.0,0.0,0.0,0.0,0.0,0.0,0.0,0.0,0.0,0.0,0.0,0.0,0.0,0.0,0.0,0.0,0.0,0.005,11.594721,11.59099,0.4394393,0.0,0.0,4.509989,1300,0,0,0,0,0,0,0,0,1,3,0,0,1,0,0,0
9121979445,11.589747,-0.0,11.102842,0.0,0.43857032,1.0871371,185.04803,nan,0.0,0.0,0.0,0.0,0.0,0.0,0.0,0.0,0.0,0.0,0.0,0.0,0.0,0.0,0.0,0.0,0.0,0.0,0.005,11.589747,11.59099,0.4394393,0.0,0.0,4.509989,1300,0,0,0,0,0,0,0,0,1,3,0,0,1,0,0,0
9122179458,11.587259,-0.0,11.058557,0.0,0.43859187,1.0871452,185.79851,nan,0.0,0.0,0.0,0.0,0.0,0.0,0.0,0.0,0.0,0.0,0.0,0.0,0.0,0.0,0.0,0.0,0.0,0.0,0.005,11.587259,11.59099,0.4394393,0.0,0.0,4.509989,1300,0,0,0,0,0,0,0,0,1,3,0,0,1,0,0,0
9122379479,11.595964,-0.0,11.014414,0.0,0.43861237,1.087137,186.55164,nan,0.0,0.0,0.0,0.0,0.0,0.0,0.0,0.0,0.0,0.0,0.0,0.0,0.0,0.0,0.0,0.0,0.0,0.0,0.005,11.595964,11.59099,0.4394393,0.0,0.0,4.509989,1300,0,0,0,0,0,0,0,0,1,3,0,0,1,0,0,0
9122579468,11.59099,-0.0,10.970443,0.0,0.43862966,1.0871472,187.30629,nan,0.0,0.0,0.0,0.0,0.0,0.0,0.0,0.0,0.0,0.0,0.0,0.0,0.0,0.0,0.0,0.0,0.0,0.0,0.005,11.59099,11.59099,0.4394393,0.0,0.0,4.509989,1300,0,0,0,0,0,0,0,0,1,3,0,0,1,0,0,0
9122779501,11.587259,-0.0,10.926711,0.0,0.43864858,1.0871415,188.06487,nan,0.0,0.0,0.0,0.0,0.0,0.0,0.0,0.0,0.0,0.0,0.0,0.0,0.0,0.0,0.0,0.0,0.0,0.0,0.005,11.587259,11.59099,0.4394393,0.0,0.0,4.509989,1300,0,0,0,0,0,0,0,0,1,3,0,0,1,0,0,0
9122979574,11.592234,-0.0,10.883086,0.0,0.4386654,1.0871401,188.82578,nan,0.0,0.0,0.0,0.0,0.0,0.0,0.0,0.0,0.0,0.0,0.0,0.0,0.0,0.0,0.0,0.0,0.0,0.0,0.005,11.592234,11.59099,0.4394393,0.0,0.0,4.509989,1300,0,0,0,0,0,0,0,0,1,3,0,0,1,0,0,0
9123179532,11.587259,-0.0,10.839674,0.0,0.4386809,1.0871458,189.58876,nan,0.0,0.0,0.0,0.0,0.0,0.0,0.0,0.0,0.0,0.0,0.0,0.0,0.0,0.0,0.0,0.0,0.0,0.0,0.005,11.587259,11.59099,0.4394393,0.0,0.0,4.509989,1300,0,0,0,0,0,0,0,0,1,3,0,0,1,0,0,0
9123379510,11.586016,-0.0,10.796439,0.0,0.4386931,1.0871513,190.35345,nan,0.0,0.0,0.0,0.0,0.0,0.0,0.0,0.0,0.0,0.0,0.0,0.0,0.0,0.0,0.0,0.0,0.0,0.0,0.005,11.586016,11.59099,0.4394393,0.0,0.0,4.509989,1300,0,0,0,0,0,0,0,0,1,3,0,0,1,0,0,0
9123579473,11.59099,-0.0,10.753318,0.0,0.43870372,1.0871497,191.12047,nan,0.0,0.0,0.0,0.0,0.0,0.0,0.0,0.0,0.0,0.0,0.0,0.0,0.0,0.0,0.0,0.0,0.0,0.0,0.005,11.59099,11.59099,0.4394393,0.0,0.0,4.509989,1300,0,0,0,0,0,0,0,0,1,3,0,0,1,0,0,0
9123779531,11.592234,-0.0,10.710431,0.0,0.43871662,1.0871402,191.89198,nan,0.0,0.0,0.0,0.0,0.0,0.0,0.0,0.0,0.0,0.0,0.0,0.0,0.0,0.0,0.0,0.0,0.0,0.0,0.005,11.592234,11.59099,0.4394393,0.0,0.0,4.509989,1300,0,0,0,0,0,0,0,0,1,3,0,0,1,0,0,0
9123979447,11.588503,-0.0,10.6677065,0.0,0.43873042,1.0871379,192.66643,nan,0.0,0.0,0.0,0.0,0.0,0.0,0.0,0.0,0.0,0.0,0.0,0.0,0.0,0.0,0.0,0.0,0.0,0.0,0.005,11.588503,11.59099,0.4394393,0.0,0.0,4.509989,1300,0,0,0,0,0,0,0,0,1,3,0,0,1,0,0,0
9124179559,11.59099,-0.0,10.625159,0.0,0.43874872,1.0871221,193.44675,nan,0.0,0.0,0.0,0.0,0.0,0.0,0.0,0.0,0.0,0.0,0.0,0.0,0.0,0.0,0.0,0.0,0.0,0.0,0.005,11.59099,11.59099,0.4394393,0.0,0.0,4.509989,1300,0,0,0,0,0,0,0,0,1,3,0,0,1,0,0,0
9124379459,11.59099,-0.0,10.582737,0.0,0.43876675,1.0871193,194.22928,nan,0.0,0.0,0.0,0.0,0.0,0.0,0.0,0.0,0.0,0.0,0.0,0.0,0.0,0.0,0.0,0.0,0.0,0.0,0.005,11.59099,11.59099,0.4394393,0.0,0.0,4.509989,1300,0,0,0,0,0,0,0,0,1,3,0,0,1,0,0,0
9124579444,11.59099,-0.0,10.540499,0.0,0.438784,1.0871224,195.01494,nan,0.0,0.0,0.0,0.0,0.0,0.0,0.0,0.0,0.0,0.0,0.0,0.0,0.0,0.0,0.0,0.0,0.0,0.0,0.005,11.59099,11.59099,0.4394393,0.0,0.0,4.509989,1300,0,0,0,0,0,0,0,0,1,3,0,0,1,0,0,0
9124779575,11.588503,-0.0,10.498481,0.0,0.4388001,1.0871242,195.80386,nan,0.0,0.0,0.0,0.0,0.0,0.0,0.0,0.0,0.0,0.0,0.0,0.0,0.0,0.0,0.0,0.0,0.0,0.0,0.005,11.588503,11.59099,0.4394393,0.0,0.0,4.509989,1300,0,0,0,0,0,0,0,0,1,3,0,0,1,0,0,0
9124979447,11.587259,-0.0,10.456594,0.0,0.43881643,1.0871181,196.59508,nan,0.0,0.0,0.0,0.0,0.0,0.0,0.0,0.0,0.0,0.0,0.0,0.0,0.0,0.0,0.0,0.0,0.0,0.0,0.005,11.587259,11.59099,0.4394393,0.0,0.0,4.509989,1300,0,0,0,0,0,0,0,0,1,3,0,0,1,0,0,0
9125179449,11.589747,-0.0,10.414871,0.0,0.43883374,1.0871134,197.39046,nan,0.0,0.0,0.0,0.0,0.0,0.0,0.0,0.0,0.0,0.0,0.0,0.0,0.0,0.0,0.0,0.0,0.0,0.0,0.005,11.589747,11.59099,0.4394393,0.0,0.0,4.509989,1300,0,0,0,0,0,0,0,0,1,3,0,0,1,0,0,0
9125379444,11.587259,-0.0,10.373308,0.0,0.43885255,1.0871007,198.18967,nan,0.0,0.0,0.0,0.0,0.0,0.0,0.0,0.0,0.0,0.0,0.0,0.0,0.0,0.0,0.0,0.0,0.0,0.0,0.005,11.587259,11.59099,0.4394393,0.0,0.0,4.509989,1300,0,0,0,0,0,0,0,0,1,3,0,0,1,0,0,0
9125579431,11.589747,-0.0,10.331902,0.0,0.43887407,1.0870908,198.99335,nan,0.0,0.0,0.0,0.0,0.0,0.0,0.0,0.0,0.0,0.0,0.0,0.0,0.0,0.0,0.0,0.0,0.0,0.0,0.005,11.589747,11.59099,0.4394393,0.0,0.0,4.509989,1300,0,0,0,0,0,0,0,0,1,3,0,0,1,0,0,0
9125779452,11.59099,-0.0,10.2907,0.0,0.43889964,1.0870781,199.80223,nan,0.0,0.0,0.0,0.0,0.0,0.0,0.0,0.0,0.0,0.0,0.0,0.0,0.0,0.0,0.0,0.0,0.0,0.0,0.005,11.59099,11.59099,0.4394393,0.0,0.0,4.509989,1300,0,0,0,0,0,0,0,0,1,3,0,0,1,0,0,0
9125979456,11.598452,-0.0,10.249639,0.0,0.43892464,1.0870724,200.61409,nan,0.0,0.0,0.0,0.0,0.0,0.0,0.0,0.0,0.0,0.0,0.0,0.0,0.0,0.0,0.0,0.0,0.0,0.0,0.005,11.598452,11.59099,0.4394393,0.0,0.0,4.509989,1300,0,0,0,0,0,0,0,0,1,3,0,0,1,0,0,0
9126179450,11.587259,-0.0,10.208742,0.0,0.438947,1.0870852,201.42798,nan,0.0,0.0,0.0,0.0,0.0,0.0,0.0,0.0,0.0,0.0,0.0,0.0,0.0,0.0,0.0,0.0,0.0,0.0,0.005,11.587259,11.59099,0.4394393,0.0,0.0,4.509989,1300,0,0,0,0,0,0,0,0,1,3,0,0,1,0,0,0
9126379488,11.584772,-0.0,10.16801,0.0,0.43896556,1.0870908,202.2436,nan,0.0,0.0,0.0,0.0,0.0,0.0,0.0,0.0,0.0,0.0,0.0,0.0,0.0,0.0,0.0,0.0,0.0,0.0,0.005,11.584772,11.59099,0.4394393,0.0,0.0,4.509989,1300,0,0,0,0,0,0,0,0,1,3,0,0,1,0,0,0
9126579461,11.589747,-0.0,10.12742,0.0,0.43898067,1.0870928,203.06068,nan,0.0,0.0,0.0,0.0,0.0,0.0,0.0,0.0,0.0,0.0,0.0,0.0,0.0,0.0,0.0,0.0,0.0,0.0,0.005,11.589747,11.59099,0.4394393,0.0,0.0,4.509989,1300,0,0,0,0,0,0,0,0,1,3,0,0,1,0,0,0
9126779448,11.588503,-0.0,10.087029,0.0,0.438995,1.0870924,203.88074,nan,0.0,0.0,0.0,0.0,0.0,0.0,0.0,0.0,0.0,0.0,0.0,0.0,0.0,0.0,0.0,0.0,0.0,0.0,0.005,11.588503,11.59099,0.4394393,0.0,0.0,4.509989,1300,0,0,0,0,0,0,0,0,1,3,0,0,1,0,0,0
9126979534,11.594721,-0.0,10.046781,0.0,0.4390109,1.0870817,204.70526,nan,0.0,0.0,0.0,0.0,0.0,0.0,0.0,0.0,0.0,0.0,0.0,0.0,0.0,0.0,0.0,0.0,0.0,0.0,0.005,11.594721,11.59099,0.4394393,0.0,0.0,4.509989,1300,0,0,0,0,0,0,0,0,1,3,0,0,1,0,0,0
9127179441,11.588503,-0.0,10.006697,0.0,0.43902886,1.0870794,205.53333,nan,0.0,0.0,0.0,0.0,0.0,0.0,0.0,0.0,0.0,0.0,0.0,0.0,0.0,0.0,0.0,0.0,0.0,0.0,0.005,11.588503,11.59099,0.4394393,0.0,0.0,4.509989,1300,0,0,0,0,0,0,0,0,1,3,0,0,1,0,0,0
9127379448,11.588503,-0.0,9.966769,0.0,0.4390442,1.087084,206.36395,nan,0.0,0.0,0.0,0.0,0.0,0.0,0.0,0.0,0.0,0.0,0.0,0.0,0.0,0.0,0.0,0.0,0.0,0.0,0.005,11.588503,11.59099,0.4394393,0.0,0.0,4.509989,1300,0,0,0,0,0,0,0,0,1,3,0,0,1,0,0,0
9127579441,11.589747,-0.0,9.926984,0.0,0.43905964,1.0870782,207.19789,nan,0.0,0.0,0.0,0.0,0.0,0.0,0.0,0.0,0.0,0.0,0.0,0.0,0.0,0.0,0.0,0.0,0.0,0.0,0.005,11.589747,11.59099,0.4394393,0.0,0.0,4.509989,1300,0,0,0,0,0,0,0,0,1,3,0,0,1,0,0,0
9127779441,11.589747,-0.0,9.887393,0.0,0.43907717,1.0870681,208.03625,nan,0.0,0.0,0.0,0.0,0.0,0.0,0.0,0.0,0.0,0.0,0.0,0.0,0.0,0.0,0.0,0.0,0.0,0.0,0.005,11.589747,11.59099,0.4394393,0.0,0.0,4.509989,1300,0,0,0,0,0,0,0,0,1,3,0,0,1,0,0,0
9127979448,11.597208,-0.0,9.847943,0.0,0.43909654,1.0870559,208.87888,nan,0.0,0.0,0.0,0.0,0.0,0.0,0.0,0.0,0.0,0.0,0.0,0.0,0.0,0.0,0.0,0.0,0.0,0.0,0.005,11.597208,11.59099,0.4394393,0.0,0.0,4.509989,1300,0,0,0,0,0,0,0,0,1,3,0,0,1,0,0,0
9128179439,11.582285,-0.0,9.808639,0.0,0.43911487,1.0870695,209.72437,nan,0.0,0.0,0.0,0.0,0.0,0.0,0.0,0.0,0.0,0.0,0.0,0.0,0.0,0.0,0.0,0.0,0.0,0.0,0.005,11.582285,11.59099,0.4394393,0.0,0.0,4.509989,1300,0,0,0,0,0,0,0,0,1,3,0,0,1,0,0,0
9128379508,11.587259,-0.0,9.769512,0.0,0.43912473,1.0870824,210.56953,nan,0.0,0.0,0.0,0.0,0.0,0.0,0.0,0.0,0.0,0.0,0.0,0.0,0.0,0.0,0.0,0.0,0.0,0.0,0.005,11.587259,11.59099,0.4394393,0.0,0.0,4.509989,1300,0,0,0,0,0,0,0,0,1,3,0,0,1,0,0,0
9128579488,11.594721,-0.0,9.730498,0.0,0.43913305,1.08708,211.41699,nan,0.0,0.0,0.0,0.0,0.0,0.0,0.0,0.0,0.0,0.0,0.0,0.0,0.0,0.0,0.0,0.0,0.0,0.0,0.005,11.594721,11.59099,0.4394393,0.0,0.0,4.509989,1300,0,0,0,0,0,0,0,0,1,3,0,0,1,0,0,0
9128779461,11.586016,-0.0,9.691691,0.0,0.4391439,1.0870756,212.26907,nan,0.0,0.0,0.0,0.0,0.0,0.0,0.0,0.0,0.0,0.0,0.0,0.0,0.0,0.0,0.0,0.0,0.0,0.0,0.005,11.586016,11.59099,0.4394393,0.0,0.0,4.509989,1300,0,0,0,0,0,0,0,0,1,3,0,0,1,0,0,0
9128979526,11.598452,-0.0,9.653025,0.0,0.43915302,1.0870733,213.12413,nan,0.0,0.0,0.0,0.0,0.0,0.0,0.0,0.0,0.0,0.0,0.0,0.0,0.0,0.0,0.0,0.0,0.0,0.0,0.005,11.598452,11.59099,0.4394393,0.0,0.0,4.509989,1300,0,0,0,0,0,0,0,0,1,3,0,0,1,0,0,0
9129179481,11.588503,-0.0,9.614518,0.0,0.43916073,1.0870827,213.98145,nan,0.0,0.0,0.0,0.0,0.0,0.0,0.0,0.0,0.0,0.0,0.0,0.0,0.0,0.0,0.0,0.0,0.0,0.0,0.005,11.588503,11.59099,0.4394393,0.0,0.0,4.509989,1300,0,0,0,0,0,0,0,0,1,3,0,0,1,0,0,0
9129379447,11.587259,-0.0,9.576157,0.0,0.43916416,1.0870916,214.84021,nan,0.0,0.0,0.0,0.0,0.0,0.0,0.0,0.0,0.0,0.0,0.0,0.0,0.0,0.0,0.0,0.0,0.0,0.0,0.005,11.587259,11.59099,0.4394393,0.0,0.0,4.509989,1300,0,0,0,0,0,0,0,0,1,3,0,0,1,0,0,0
9129579574,11.59099,-0.0,9.537914,0.0,0.43916565,1.0870947,215.70213,nan,0.0,0.0,0.0,0.0,0.0,0.0,0.0,0.0,0.0,0.0,0.0,0.0,0.0,0.0,0.0,0.0,0.0,0.0,0.005,11.59099,11.59099,0.4394393,0.0,0.0,4.509989,1300,0,0,0,0,0,0,0,0,1,3,0,0,1,0,0,0
9129779458,11.589747,-0.0,9.499879,0.0,0.43916607,1.0870963,216.56593,nan,0.0,0.0,0.0,0.0,0.0,0.0,0.0,0.0,0.0,0.0,0.0,0.0,0.0,0.0,0.0,0.0,0.0,0.0,0.005,11.589747,11.59099,0.4394393,0.0,0.0,4.509989,1300,0,0,0,0,0,0,0,0,1,3,0,0,1,0,0,0
9129979526,11.594721,-0.0,9.461974,0.0,0.43916634,1.0870944,217.43391,nan,0.0,0.0,0.0,0.0,0.0,0.0,0.0,0.0,0.0,0.0,0.0,0.0,0.0,0.0,0.0,0.0,0.0,0.0,0.005,11.594721,11.59099,0.4394393,0.0,0.0,4.509989,1300,0,0,0,0,0,0,0,0,1,3,0,0,1,0,0,0
9130179453,11.587259,-0.0,9.424239,0.0,0.43916643,1.087102,218.3047,nan,0.0,0.0,0.0,0.0,0.0,0.0,0.0,0.0,0.0,0.0,0.0,0.0,0.0,0.0,0.0,0.0,0.0,0.0,0.005,11.587259,11.59099,0.4394393,0.0,0.0,4.509989,1300,0,0,0,0,0,0,0,0,1,3,0,0,1,0,0,0
9130379499,11.594721,-0.0,9.386633,0.0,0.4391654,1.0870942,219.17891,nan,0.0,0.0,0.0,0.0,0.0,0.0,0.0,0.0,0.0,0.0,0.0,0.0,0.0,0.0,0.0,0.0,0.0,0.0,0.005,11.594721,11.59099,0.4394393,0.0,0.0,4.509989,1300,0,0,0,0,0,0,0,0,1,3,0,0,1,0,0,0
9130579451,11.589747,-0.0,9.349155,0.0,0.43916515,1.0871017,220.05661,nan,0.0,0.0,0.0,0.0,0.0,0.0,0.0,0.0,0.0,0.0,0.0,0.0,0.0,0.0,0.0,0.0,0.0,0.0,0.005,11.589747,11.59099,0.4394393,0.0,0.0,4.509989,1300,0,0,0,0,0,0,0,0,1,3,0,0,1,0,0,0
9130779616,11.587259,-0.0,9.311853,0.0,0.43916312,1.0871043,220.93788,nan,0.0,0.0,0.0,0.0,0.0,0.0,0.0,0.0,0.0,0.0,0.0,0.0,0.0,0.0,0.0,0.0,0.0,0.0,0.005,11.587259,11.59099,0.4394393,0.0,0.0,4.509989,1300,0,0,0,0,0,0,0,0,1,3,0,0,1,0,0,0
9130979518,11.588503,-0.0,9.2746725,0.0,0.4391588,1.0871102,221.82033,nan,0.0,0.0,0.0,0.0,0.0,0.0,0.0,0.0,0.0,0.0,0.0,0.0,0.0,0.0,0.0,0.0,0.0,0.0,0.005,11.588503,11.59099,0.4394393,0.0,0.0,4.509989,1300,0,0,0,0,0,0,0,0,1,3,0,0,1,0,0,0
9131179454,11.586016,-0.0,9.237696,0.0,0.4391522,1.0871192,222.70534,nan,0.0,0.0,0.0,0.0,0.0,0.0,0.0,0.0,0.0,0.0,0.0,0.0,0.0,0.0,0.0,0.0,0.0,0.0,0.005,11.586016,11.59099,0.4394393,0.0,0.0,4.509989,1300,0,0,0,0,0,0,0,0,1,3,0,0,1,0,0,0
9131379434,11.592234,-0.0,9.200855,0.0,0.4391461,1.087113,223.59431,nan,0.0,0.0,0.0,0.0,0.0,0.0,0.0,0.0,0.0,0.0,0.0,0.0,0.0,0.0,0.0,0.0,0.0,0.0,0.005,11.592234,11.59099,0.4394393,0.0,0.0,4.509989,1300,0,0,0,0,0,0,0,0,1,3,0,0,1,0,0,0
9131579438,11.597208,-0.0,9.164127,0.0,0.4391424,1.0871072,224.48817,nan,0.0,0.0,0.0,0.0,0.0,0.0,0.0,0.0,0.0,0.0,0.0,0.0,0.0,0.0,0.0,0.0,0.0,0.0,0.005,11.597208,11.59099,0.4394393,0.0,0.0,4.509989,1300,0,0,0,0,0,0,0,0,1,3,0,0,1,0,0,0
9131779454,11.594721,-0.0,9.127574,0.0,0.43913925,1.0871061,225.38594,nan,0.0,0.0,0.0,0.0,0.0,0.0,0.0,0.0,0.0,0.0,0.0,0.0,0.0,0.0,0.0,0.0,0.0,0.0,0.005,11.594721,11.59099,0.4394393,0.0,0.0,4.509989,1300,0,0,0,0,0,0,0,0,1,3,0,0,1,0,0,0
9131979451,11.588503,-0.0,9.091159,0.0,0.4391331,1.0871221,226.28563,nan,0.0,0.0,0.0,0.0,0.0,0.0,0.0,0.0,0.0,0.0,0.0,0.0,0.0,0.0,0.0,0.0,0.0,0.0,0.005,11.588503,11.59099,0.4394393,0.0,0.0,4.509989,1300,0,0,0,0,0,0,0,0,1,3,0,0,1,0,0,0
9132179451,11.586016,-0.0,9.054884,0.0,0.43912292,1.0871317,227.18686,nan,0.0,0.0,0.0,0.0,0.0,0.0,0.0,0.0,0.0,0.0,0.0,0.0,0.0,0.0,0.0,0.0,0.0,0.0,0.005,11.586016,11.59099,0.4394393,0.0,0.0,4.509989,1300,0,0,0,0,0,0,0,0,1,3,0,0,1,0,0,0
9132379447,11.59099,-0.0,9.018743,0.0,0.43911192,1.0871296,228.09125,nan,0.0,0.0,0.0,0.0,0.0,0.0,0.0,0.0,0.0,0.0,0.0,0.0,0.0,0.0,0.0,0.0,0.0,0.0,0.005,11.59099,11.59099,0.4394393,0.0,0.0,4.509989,1300,0,0,0,0,0,0,0,0,1,3,0,0,1,0,0,0
9132579447,11.584772,-0.0,8.982753,0.0,0.43910414,1.0871301,229.00095,nan,0.0,0.0,0.0,0.0,0.0,0.0,0.0,0.0,0.0,0.0,0.0,0.0,0.0,0.0,0.0,0.0,0.0,0.0,0.005,11.584772,11.59099,0.4394393,0.0,0.0,4.509989,1300,0,0,0,0,0,0,0,0,1,3,0,0,1,0,0,0
9132779463,11.587259,-0.0,8.946929,0.0,0.43909568,1.0871294,229.91394,nan,0.0,0.0,0.0,0.0,0.0,0.0,0.0,0.0,0.0,0.0,0.0,0.0,0.0,0.0,0.0,0.0,0.0,0.0,0.005,11.587259,11.59099,0.4394393,0.0,0.0,4.509989,1300,0,0,0,0,0,0,0,0,1,3,0,0,1,0,0,0
9132979461,11.59099,-0.0,8.911229,0.0,0.43908814,1.0871285,230.83104,nan,0.0,0.0,0.0,0.0,0.0,0.0,0.0,0.0,0.0,0.0,0.0,0.0,0.0,0.0,0.0,0.0,0.0,0.0,0.005,11.59099,11.59099,0.4394393,0.0,0.0,4.509989,1300,0,0,0,0,0,0,0,0,1,3,0,0,1,0,0,0
9133179449,11.594721,-0.0,8.875673,0.0,0.4390787,1.0871334,231.75069,nan,0.0,0.0,0.0,0.0,0.0,0.0,0.0,0.0,0.0,0.0,0.0,0.0,0.0,0.0,0.0,0.0,0.0,0.0,0.005,11.594721,11.59099,0.4394393,0.0,0.0,4.509989,1300,0,0,0,0,0,0,0,0,1,3,0,0,1,0,0,0
9133379442,11.588503,-0.0,8.8402605,0.0,0.43906942,1.0871347,232.67412,nan,0.0,0.0,0.0,0.0,0.0,0.0,0.0,0.0,0.0,0.0,0.0,0.0,0.0,0.0,0.0,0.0,0.0,0.0,0.005,11.588503,11.59099,0.4394393,0.0,0.0,4.509989,1300,0,0,0,0,0,0,0,0,1,3,0,0,1,0,0,0
9133579435,11.598452,-0.0,8.804971,0.0,0.43906045,1.0871347,233.60141,nan,0.0,0.0,0.0,0.0,0.0,0.0,0.0,0.0,0.0,0.0,0.0,0.0,0.0,0.0,0.0,0.0,0.0,0.0,0.005,11.598452,11.59099,0.4394393,0.0,0.0,4.509989,1300,0,0,0,0,0,0,0,0,1,3,0,0,1,0,0,0
9133779447,11.587259,-0.0,8.769852,0.0,0.43905175,1.0871419,234.53268,nan,0.0,0.0,0.0,0.0,0.0,0.0,0.0,0.0,0.0,0.0,0.0,0.0,0.0,0.0,0.0,0.0,0.0,0.0,0.005,11.587259,11.59099,0.4394393,0.0,0.0,4.509989,1300,0,0,0,0,0,0,0,0,1,3,0,0,1,0,0,0
9133979481,11.582285,-0.0,8.73485,0.0,0.43904004,1.0871485,235.46606,nan,0.0,0.0,0.0,0.0,0.0,0.0,0.0,0.0,0.0,0.0,0.0,0.0,0.0,0.0,0.0,0.0,0.0,0.0,0.005,11.582285,11.59099,0.4394393,0.0,0.0,4.509989,1300,0,0,0,0,0,0,0,0,1,3,0,0,1,0,0,0
9134179461,11.597208,-0.0,8.7,0.0,0.43902588,1.0871526,236.40161,nan,0.0,0.0,0.0,0.0,0.0,0.0,0.0,0.0,0.0,0.0,0.0,0.0,0.0,0.0,0.0,0.0,0.0,0.0,0.005,11.597208,11.59099,0.4394393,0.0,0.0,4.509989,1300,0,0,0,0,0,0,0,0,1,3,0,0,1,0,0,0
9134379443,11.587259,-0.0,8.665294,0.0,0.43901268,1.0871577,237.34143,nan,0.0,0.0,0.0,0.0,0.0,0.0,0.0,0.0,0.0,0.0,0.0,0.0,0.0,0.0,0.0,0.0,0.0,0.0,0.005,11.587259,11.59099,0.4394393,0.0,0.0,4.509989,1300,0,0,0,0,0,0,0,0,1,3,0,0,1,0,0,0
9134579435,11.592234,-0.0,8.630706,0.0,0.4389986,1.0871582,238.28453,nan,0.0,0.0,0.0,0.0,0.0,0.0,0.0,0.0,0.0,0.0,0.0,0.0,0.0,0.0,0.0,0.0,0.0,0.0,0.005,11.592234,11.59099,0.4394393,0.0,0.0,4.509989,1300,0,0,0,0,0,0,0,0,1,3,0,0,1,0,0,0
9134779450,11.594721,-0.0,8.596286,0.0,0.43898508,1.0871584,239.2318,nan,0.0,0.0,0.0,0.0,0.0,0.0,0.0,0.0,0.0,0.0,0.0,0.0,0.0,0.0,0.0,0.0,0.0,0.0,0.005,11.594721,11.59099,0.4394393,0.0,0.0,4.509989,1300,0,0,0,0,0,0,0,0,1,3,0,0,1,0,0,0
9134979451,11.589747,-0.0,8.561987,0.0,0.43897253,1.0871611,240.18332,nan,0.0,0.0,0.0,0.0,0.0,0.0,0.0,0.0,0.0,0.0,0.0,0.0,0.0,0.0,0.0,0.0,0.0,0.0,0.005,11.589747,11.59099,0.4394393,0.0,0.0,4.509989,1300,0,0,0,0,0,0,0,0,1,3,0,0,1,0,0,0
9135179499,11.592234,-0.0,8.527813,0.0,0.4389586,1.0871648,241.13802,nan,0.0,0.0,0.0,0.0,0.0,0.0,0.0,0.0,0.0,0.0,0.0,0.0,0.0,0.0,0.0,0.0,0.0,0.0,0.005,11.592234,11.59099,0.4394393,0.0,0.0,4.509989,1300,0,0,0,0,0,0,0,0,1,3,0,0,1,0,0,0
9135379434,11.598452,-0.0,8.49379,0.0,0.43894583,1.0871602,242.09673,nan,0.0,0.0,0.0,0.0,0.0,0.0,0.0,0.0,0.0,0.0,0.0,0.0,0.0,0.0,0.0,0.0,0.0,0.0,0.005,11.598452,11.59099,0.4394393,0.0,0.0,4.509989,1300,0,0,0,0,0,0,0,0,1,3,0,0,1,0,0,0
9135579534,11.588503,-0.0,8.459883,0.0,0.43893427,1.0871638,243.06065,nan,0.0,0.0,0.0,0.0,0.0,0.0,0.0,0.0,0.0,0.0,0.0,0.0,0.0,0.0,0.0,0.0,0.0,0.0,0.005,11.588503,11.59099,0.4394393,0.0,0.0,4.509989,1300,0,0,0,0,0,0,0,0,1,3,0,0,1,0,0,0
9135779458,11.59099,-0.0,8.426147,0.0,0.43892333,1.0871605,244.0279,nan,0.0,0.0,0.0,0.0,0.0,0.0,0.0,0.0,0.0,0.0,0.0,0.0,0.0,0.0,0.0,0.0,0.0,0.0,0.005,11.59099,11.59099,0.4394393,0.0,0.0,4.509989,1300,0,0,0,0,0,0,0,0,1,3,0,0,1,0,0,0
9135979487,11.594721,-0.0,8.392519,0.0,0.43891698,1.0871528,245.00209,nan,0.0,0.0,0.0,0.0,0.0,0.0,0.0,0.0,0.0,0.0,0.0,0.0,0.0,0.0,0.0,0.0,0.0,0.0,0.005,11.594721,11.59099,0.4394393,0.0,0.0,4.509989,1300,0,0,0,0,0,0,0,0,1,3,0,0,1,0,0,0
9136179489,11.589747,-0.0,8.359034,0.0,0.43891376,1.0871478,245.98174,nan,0.0,0.0,0.0,0.0,0.0,0.0,0.0,0.0,0.0,0.0,0.0,0.0,0.0,0.0,0.0,0.0,0.0,0.0,0.005,11.589747,11.59099,0.4394393,0.0,0.0,4.509989,1300,0,0,0,0,0,0,0,0,1,3,0,0,1,0,0,0
9136379528,11.587259,-0.0,8.325689,0.0,0.4389108,1.0871475,246.96568,nan,0.0,0.0,0.0,0.0,0.0,0.0,0.0,0.0,0.0,0.0,0.0,0.0,0.0,0.0,0.0,0.0,0.0,0.0,0.005,11.587259,11.59099,0.4394393,0.0,0.0,4.509989,1300,0,0,0,0,0,0,0,0,1,3,0,0,1,0,0,0
9136579450,11.589747,-0.0,8.292457,0.0,0.4389076,1.0871494,247.95285,nan,0.0,0.0,0.0,0.0,0.0,0.0,0.0,0.0,0.0,0.0,0.0,0.0,0.0,0.0,0.0,0.0,0.0,0.0,0.005,11.589747,11.59099,0.4394393,0.0,0.0,4.509989,1300,0,0,0,0,0,0,0,0,1,3,0,0,1,0,0,0
9136779566,11.594721,-0.0,8.259384,0.0,0.43890506,1.0871444,248.94528,nan,0.0,0.0,0.0,0.0,0.0,0.0,0.0,0.0,0.0,0.0,0.0,0.0,0.0,0.0,0.0,0.0,0.0,0.0,0.005,11.594721,11.59099,0.4394393,0.0,0.0,4.509989,1300,0,0,0,0,0,0,0,0,1,3,0,0,1,0,0,0
9136979597,11.582285,-0.0,8.226421,0.0,0.43890473,1.0871477,249.9425,nan,0.0,0.0,0.0,0.0,0.0,0.0,0.0,0.0,0.0,0.0,0.0,0.0,0.0,0.0,0.0,0.0,0.0,0.0,0.005,11.582285,11.59099,0.4394393,0.0,0.0,4.509989,1300,0,0,0,0,0,0,0,0,1,3,0,0,1,0,0,0
9137179521,11.589747,-0.0,8.193575,0.0,0.43890274,1.0871462,250.94225,nan,0.0,0.0,0.0,0.0,0.0,0.0,0.0,0.0,0.0,0.0,0.0,0.0,0.0,0.0,0.0,0.0,0.0,0.0,0.005,11.589747,11.59099,0.4394393,0.0,0.0,4.509989,1300,0,0,0,0,0,0,0,0,1,3,0,0,1,0,0,0
9137379548,11.586016,-0.0,8.160894,0.0,0.43889675,1.0871618,251.94426,nan,0.0,0.0,0.0,0.0,0.0,0.0,0.0,0.0,0.0,0.0,0.0,0.0,0.0,0.0,0.0,0.0,0.0,0.0,0.005,11.586016,11.59099,0.4394393,0.0,0.0,4.509989,1300,0,0,0,0,0,0,0,0,1,3,0,0,1,0,0,0
9137579567,11.587259,-0.0,8.128302,0.0,0.43888626,1.0871745,252.94754,nan,0.0,0.0,0.0,0.0,0.0,0.0,0.0,0.0,0.0,0.0,0.0,0.0,0.0,0.0,0.0,0.0,0.0,0.0,0.005,11.587259,11.59099,0.4394393,0.0,0.0,4.509989,1300,0,0,0,0,0,0,0,0,1,3,0,0,1,0,0,0
9137779441,11.59099,-0.0,8.09592,0.0,0.43887222,1.0871845,253.95209,nan,0.0,0.0,0.0,0.0,0.0,0.0,0.0,0.0,0.0,0.0,0.0,0.0,0.0,0.0,0.0,0.0,0.0,0.0,0.005,11.59099,11.59099,0.4394393,0.0,0.0,4.509989,1300,0,0,0,0,0,0,0,0,1,3,0,0,1,0,0,0
9137979444,11.589747,-0.0,8.063612,0.0,0.43885556,1.0871894,254.95976,nan,0.0,0.0,0.0,0.0,0.0,0.0,0.0,0.0,0.0,0.0,0.0,0.0,0.0,0.0,0.0,0.0,0.0,0.0,0.005,11.589747,11.59099,0.4394393,0.0,0.0,4.509989,1300,0,0,0,0,0,0,0,0,1,3,0,0,1,0,0,0
9138179445,11.594721,-0.0,8.031435,0.0,0.43883952,1.0871874,255.97179,nan,0.0,0.0,0.0,0.0,0.0,0.0,0.0,0.0,0.0,0.0,0.0,0.0,0.0,0.0,0.0,0.0,0.0,0.0,0.005,11.594721,11.59099,0.4394393,0.0,0.0,4.509989,1300,0,0,0,0,0,0,0,0,1,3,0,0,1,0,0,0
9138379450,11.586016,-0.0,7.9993973,0.0,0.4388217,1.0872025,256.9868,nan,0.0,0.0,0.0,0.0,0.0,0.0,0.0,0.0,0.0,0.0,0.0,0.0,0.0,0.0,0.0,0.0,0.0,0.0,0.005,11.586016,11.59099,0.4394393,0.0,0.0,4.509989,1300,0,0,0,0,0,0,0,0,1,3,0,0,1,0,0,0
9138579449,11.587259,-0.0,7.9674664,0.0,0.43880224,1.087208,258.0048,nan,0.0,0.0,0.0,0.0,0.0,0.0,0.0,0.0,0.0,0.0,0.0,0.0,0.0,0.0,0.0,0.0,0.0,0.0,0.005,11.587259,11.59099,0.4394393,0.0,0.0,4.509989,1300,0,0,0,0,0,0,0,0,1,3,0,0,1,0,0,0
9138779450,11.588503,-0.0,7.93569,0.0,0.43877918,1.087219,259.02475,nan,0.0,0.0,0.0,0.0,0.0,0.0,0.0,0.0,0.0,0.0,0.0,0.0,0.0,0.0,0.0,0.0,0.0,0.0,0.005,11.588503,11.59099,0.4394393,0.0,0.0,4.509989,1300,0,0,0,0,0,0,0,0,1,3,0,0,1,0,0,0
9138979461,11.582285,-0.0,7.904027,0.0,0.4387535,1.0872363,260.04724,nan,0.0,0.0,0.0,0.0,0.0,0.0,0.0,0.0,0.0,0.0,0.0,0.0,0.0,0.0,0.0,0.0,0.0,0.0,0.005,11.582285,11.59099,0.4394393,0.0,0.0,4.509989,1300,0,0,0,0,0,0,0,0,1,3,0,0,1,0,0,0
9139179448,11.581042,-0.0,7.8724885,0.0,0.43872273,1.0872566,261.07065,nan,0.0,0.0,0.0,0.0,0.0,0.0,0.0,0.0,0.0,0.0,0.0,0.0,0.0,0.0,0.0,0.0,0.0,0.0,0.005,11.581042,11.59099,0.4394393,0.0,0.0,4.509989,1300,0,0,0,0,0,0,0,0,1,3,0,0,1,0,0,0
9139379454,11.586016,-0.0,7.8410664,0.0,0.4386861,1.0872713,262.09467,nan,0.0,0.0,0.0,0.0,0.0,0.0,0.0,0.0,0.0,0.0,0.0,0.0,0.0,0.0,0.0,0.0,0.0,0.0,0.005,11.586016,11.59099,0.4394393,0.0,0.0,4.509989,1300,0,0,0,0,0,0,0,0,1,3,0,0,1,0,0,0
9139579470,11.584772,-0.0,7.809777,0.0,0.43864778,1.0872822,263.1217,nan,0.0,0.0,0.0,0.0,0.0,0.0,0.0,0.0,0.0,0.0,0.0,0.0,0.0,0.0,0.0,0.0,0.0,0.0,0.005,11.584772,11.59099,0.4394393,0.0,0.0,4.509989,1300,0,0,0,0,0,0,0,0,1,3,0,0,1,0,0,0
9139779444,11.582285,-0.0,7.7786307,0.0,0.43860564,1.0872982,264.15024,nan,0.0,0.0,0.0,0.0,0.0,0.0,0.0,0.0,0.0,0.0,0.0,0.0,0.0,0.0,0.0,0.0,0.0,0.0,0.005,11.582285,11.59099,0.4394393,0.0,0.0,4.509989,1300,0,0,0,0,0,0,0,0,1,3,0,0,1,0,0,0
9139979442,11.589747,-0.0,7.7475934,0.0,0.43856087,1.0873077,265.18134,nan,0.0,0.0,0.0,0.0,0.0,0.0,0.0,0.0,0.0,0.0,0.0,0.0,0.0,0.0,0.0,0.0,0.0,0.0,0.005,11.589747,11.59099,0.4394393,0.0,0.0,4.509989,1300,0,0,0,0,0,0,0,0,1,3,0,0,1,0,0,0
9140179462,11.589747,-0.0,7.7166805,0.0,0.43851918,1.0873022,266.21848,nan,0.0,0.0,0.0,0.0,0.0,0.0,0.0,0.0,0.0,0.0,0.0,0.0,0.0,0.0,0.0,0.0,0.0,0.0,0.005,11.589747,11.59099,0.4394393,0.0,0.0,4.509989,1300,0,0,0,0,0,0,0,0,1,3,0,0,1,0,0,0
9140379452,11.582285,-0.0,7.6858816,0.0,0.43848228,1.0873061,267.26236,nan,0.0,0.0,0.0,0.0,0.0,0.0,0.0,0.0,0.0,0.0,0.0,0.0,0.0,0.0,0.0,0.0,0.0,0.0,0.005,11.582285,11.59099,0.4394393,0.0,0.0,4.509989,1300,0,0,0,0,0,0,0,0,1,3,0,0,1,0,0,0
9140579510,11.588503,-0.0,7.6551943,0.0,0.43844494,1.0873098,268.3105,nan,0.0,0.0,0.0,0.0,0.0,0.0,0.0,0.0,0.0,0.0,0.0,0.0,0.0,0.0,0.0,0.0,0.0,0.0,0.005,11.588503,11.59099,0.4394393,0.0,0.0,4.509989,1300,0,0,0,0,0,0,0,0,1,3,0,0,1,0,0,0
9140779444,11.579799,-0.0,7.62467,0.0,0.43840685,1.0873249,269.36157,nan,0.0,0.0,0.0,0.0,0.0,0.0,0.0,0.0,0.0,0.0,0.0,0.0,0.0,0.0,0.0,0.0,0.0,0.0,0.005,11.579799,11.59099,0.4394393,0.0,0.0,4.509989,1300,0,0,0,0,0,0,0,0,1,3,0,0,1,0,0,0
9140979534,11.592234,-0.0,7.594246,0.0,0.43836883,1.0873221,270.41766,nan,0.0,0.0,0.0,0.0,0.0,0.0,0.0,0.0,0.0,0.0,0.0,0.0,0.0,0.0,0.0,0.0,0.0,0.0,0.005,11.592234,11.59099,0.4394393,0.0,0.0,4.509989,1300,0,0,0,0,0,0,0,0,1,3,0,0,1,0,0,0
9141179512,11.588503,-0.0,7.563945,0.0,0.43833014,1.087332,271.4769,nan,0.0,0.0,0.0,0.0,0.0,0.0,0.0,0.0,0.0,0.0,0.0,0.0,0.0,0.0,0.0,0.0,0.0,0.0,0.005,11.588503,11.59099,0.4394393,0.0,0.0,4.509989,1300,0,0,0,0,0,0,0,0,1,3,0,0,1,0,0,0
9141379454,11.586016,-0.0,7.5337763,0.0,0.4382941,1.0873326,272.5417,nan,0.0,0.0,0.0,0.0,0.0,0.0,0.0,0.0,0.0,0.0,0.0,0.0,0.0,0.0,0.0,0.0,0.0,0.0,0.005,11.586016,11.59099,0.4394393,0.0,0.0,4.509989,1300,0,0,0,0,0,0,0,0,1,3,0,0,1,0,0,0
9141579430,11.582285,-0.0,7.5036926,0.0,0.43825778,1.0873432,273.61066,nan,0.0,0.0,0.0,0.0,0.0,0.0,0.0,0.0,0.0,0.0,0.0,0.0,0.0,0.0,0.0,0.0,0.0,0.0,0.005,11.582285,11.59099,0.4394393,0.0,0.0,4.509989,1300,0,0,0,0,0,0,0,0,1,3,0,0,1,0,0,0
9141779455,11.584772,-0.0,7.4737644,0.0,0.43822128,1.0873443,274.68402,nan,0.0,0.0,0.0,0.0,0.0,0.0,0.0,0.0,0.0,0.0,0.0,0.0,0.0,0.0,0.0,0.0,0.0,0.0,0.005,11.584772,11.59099,0.4394393,0.0,0.0,4.509989,1300,0,0,0,0,0,0,0,0,1,3,0,0,1,0,0,0
9141979537,11.586016,-0.0,7.443954,0.0,0.4381874,1.0873467,275.76352,nan,0.0,0.0,0.0,0.0,0.0,0.0,0.0,0.0,0.0,0.0,0.0,0.0,0.0,0.0,0.0,0.0,0.0,0.0,0.005,11.586016,11.59099,0.4394393,0.0,0.0,4.509989,1300,0,0,0,0,0,0,0,0,1,3,0,0,1,0,0,0
9142179445,11.587259,-0.0,7.414255,0.0,0.43815294,1.0873533,276.84595,nan,0.0,0.0,0.0,0.0,0.0,0.0,0.0,0.0,0.0,0.0,0.0,0.0,0.0,0.0,0.0,0.0,0.0,0.0,0.005,11.587259,11.59099,0.4394393,0.0,0.0,4.509989,1300,0,0,0,0,0,0,0,0,1,3,0,0,1,0,0,0
9142379448,11.584772,-0.0,7.384665,0.0,0.4381194,1.0873562,277.93375,nan,0.0,0.0,0.0,0.0,0.0,0.0,0.0,0.0,0.0,0.0,0.0,0.0,0.0,0.0,0.0,0.0,0.0,0.0,0.005,11.584772,11.59099,0.4394393,0.0,0.0,4.509989,1300,0,0,0,0,0,0,0,0,1,3,0,0,1,0,0,0
9142579584,11.588503,-0.0,7.3551917,0.0,0.43808237,1.0873727,279.0243,nan,0.0,0.0,0.0,0.0,0.0,0.0,0.0,0.0,0.0,0.0,0.0,0.0,0.0,0.0,0.0,0.0,0.0,0.0,0.005,11.588503,11.59099,0.4394393,0.0,0.0,4.509989,1300,0,0,0,0,0,0,0,0,1,3,0,0,1,0,0,0
9142779457,11.584772,-0.0,7.325849,0.0,0.4380437,1.087384,280.11667,nan,0.0,0.0,0.0,0.0,0.0,0.0,0.0,0.0,0.0,0.0,0.0,0.0,0.0,0.0,0.0,0.0,0.0,0.0,0.005,11.584772,11.59099,0.4394393,0.0,0.0,4.509989,1300,0,0,0,0,0,0,0,0,1,3,0,0,1,0,0,0
9142979467,11.59099,-0.0,7.2966194,0.0,0.43800625,1.087379,281.2148,nan,0.0,0.0,0.0,0.0,0.0,0.0,0.0,0.0,0.0,0.0,0.0,0.0,0.0,0.0,0.0,0.0,0.0,0.0,0.005,11.59099,11.59099,0.4394393,0.0,0.0,4.509989,1300,0,0,0,0,0,0,0,0,1,3,0,0,1,0,0,0
9143179499,11.586016,-0.0,7.2675066,0.0,0.43797144,1.0873843,282.31906,nan,0.0,0.0,0.0,0.0,0.0,0.0,0.0,0.0,0.0,0.0,0.0,0.0,0.0,0.0,0.0,0.0,0.0,0.0,0.005,11.586016,11.59099,0.4394393,0.0,0.0,4.509989,1300,0,0,0,0,0,0,0,0,1,3,0,0,1,0,0,0
9143379548,11.587259,-0.0,7.2385073,0.0,0.4379368,1.0873907,283.42792,nan,0.0,0.0,0.0,0.0,0.0,0.0,0.0,0.0,0.0,0.0,0.0,0.0,0.0,0.0,0.0,0.0,0.0,0.0,0.005,11.587259,11.59099,0.4394393,0.0,0.0,4.509989,1300,0,0,0,0,0,0,0,0,1,3,0,0,1,0,0,0
9143579440,11.584772,-0.0,7.2095985,0.0,0.43789974,1.0874025,284.53864,nan,0.0,0.0,0.0,0.0,0.0,0.0,0.0,0.0,0.0,0.0,0.0,0.0,0.0,0.0,0.0,0.0,0.0,0.0,0.005,11.584772,11.59099,0.4394393,0.0,0.0,4.509989,1300,0,0,0,0,0,0,0,0,1,3,0,0,1,0,0,0
9143779487,11.59099,-0.0,7.1808357,0.0,0.43786356,1.0874046,285.6552,nan,0.0,0.0,0.0,0.0,0.0,0.0,0.0,0.0,0.0,0.0,0.0,0.0,0.0,0.0,0.0,0.0,0.0,0.0,0.005,11.59099,11.59099,0.4394393,0.0,0.0,4.509989,1300,0,0,0,0,0,0,0,0,1,3,0,0,1,0,0,0
9143979604,11.587259,-0.0,7.152206,0.0,0.4378293,1.0874056,286.77774,nan,0.0,0.0,0.0,0.0,0.0,0.0,0.0,0.0,0.0,0.0,0.0,0.0,0.0,0.0,0.0,0.0,0.0,0.0,0.005,11.587259,11.59099,0.4394393,0.0,0.0,4.509989,1300,0,0,0,0,0,0,0,0,1,3,0,0,1,0,0,0
9144179437,11.582285,-0.0,7.12367,0.0,0.437792,1.0874236,287.90106,nan,0.0,0.0,0.0,0.0,0.0,0.0,0.0,0.0,0.0,0.0,0.0,0.0,0.0,0.0,0.0,0.0,0.0,0.0,0.005,11.582285,11.59099,0.4394393,0.0,0.0,4.509989,1300,0,0,0,0,0,0,0,0,1,3,0,0,1,0,0,0
9144379436,11.582285,-0.0,7.0952463,0.0,0.43775377,1.0874307,289.02917,nan,0.0,0.0,0.0,0.0,0.0,0.0,0.0,0.0,0.0,0.0,0.0,0.0,0.0,0.0,0.0,0.0,0.0,0.0,0.005,11.582285,11.59099,0.4394393,0.0,0.0,4.509989,1300,0,0,0,0,0,0,0,0,1,3,0,0,1,0,0,0
9144579465,11.584772,-0.0,7.0669136,0.0,0.43771255,1.0874478,290.15988,nan,0.0,0.0,0.0,0.0,0.0,0.0,0.0,0.0,0.0,0.0,0.0,0.0,0.0,0.0,0.0,0.0,0.0,0.0,0.005,11.584772,11.59099,0.4394393,0.0,0.0,4.509989,1300,0,0,0,0,0,0,0,0,1,3,0,0,1,0,0,0
9144779479,11.584772,-0.0,7.0387483,0.0,0.43766797,1.0874597,291.2927,nan,0.0,0.0,0.0,0.0,0.0,0.0,0.0,0.0,0.0,0.0,0.0,0.0,0.0,0.0,0.0,0.0,0.0,0.0,0.005,11.584772,11.59099,0.4394393,0.0,0.0,4.509989,1300,0,0,0,0,0,0,0,0,1,3,0,0,1,0,0,0
9144979453,11.584772,-0.0,7.010663,0.0,0.43762428,1.0874608,292.43024,nan,0.0,0.0,0.0,0.0,0.0,0.0,0.0,0.0,0.0,0.0,0.0,0.0,0.0,0.0,0.0,0.0,0.0,0.0,0.005,11.584772,11.59099,0.4394393,0.0,0.0,4.509989,1300,0,0,0,0,0,0,0,0,1,3,0,0,1,0,0,0
9145179457,11.579799,-0.0,6.9826903,0.0,0.43758032,1.0874778,293.5723,nan,0.0,0.0,0.0,0.0,0.0,0.0,0.0,0.0,0.0,0.0,0.0,0.0,0.0,0.0,0.0,0.0,0.0,0.0,0.005,11.579799,11.59099,0.4394393,0.0,0.0,4.509989,1300,0,0,0,0,0,0,0,0,1,3,0,0,1,0,0,0
9145379432,11.588503,-0.0,6.954829,0.0,0.43753484,1.087485,294.71753,nan,0.0,0.0,0.0,0.0,0.0,0.0,0.0,0.0,0.0,0.0,0.0,0.0,0.0,0.0,0.0,0.0,0.0,0.0,0.005,11.588503,11.59099,0.4394393,0.0,0.0,4.509989,1300,0,0,0,0,0,0,0,0,1,3,0,0,1,0,0,0
9145579438,11.588503,-0.0,6.927069,0.0,0.43749055,1.0874863,295.8683,nan,0.0,0.0,0.0,0.0,0.0,0.0,0.0,0.0,0.0,0.0,0.0,0.0,0.0,0.0,0.0,0.0,0.0,0.0,0.005,11.588503,11.59099,0.4394393,0.0,0.0,4.509989,1300,0,0,0,0,0,0,0,0,1,3,0,0,1,0,0,0
9145779445,11.582285,-0.0,6.89944,0.0,0.43744326,1.0875068,297.02142,nan,0.0,0.0,0.0,0.0,0.0,0.0,0.0,0.0,0.0,0.0,0.0,0.0,0.0,0.0,0.0,0.0,0.0,0.0,0.005,11.582285,11.59099,0.4394393,0.0,0.0,4.509989,1300,0,0,0,0,0,0,0,0,1,3,0,0,1,0,0,0
9145979441,11.586016,-0.0,6.871902,0.0,0.43739057,1.0875276,298.17535,nan,0.0,0.0,0.0,0.0,0.0,0.0,0.0,0.0,0.0,0.0,0.0,0.0,0.0,0.0,0.0,0.0,0.0,0.0,0.005,11.586016,11.59099,0.4394393,0.0,0.0,4.509989,1300,0,0,0,0,0,0,0,0,1,3,0,0,1,0,0,0
9146179497,11.588503,-0.0,6.8444934,0.0,0.4373417,1.0875216,299.33673,nan,0.0,0.0,0.0,0.0,0.0,0.0,0.0,0.0,0.0,0.0,0.0,0.0,0.0,0.0,0.0,0.0,0.0,0.0,0.005,11.588503,11.59099,0.4394393,0.0,0.0,4.509989,1300,0,0,0,0,0,0,0,0,1,3,0,0,1,0,0,0
9146379445,11.5835285,-0.0,6.817183,0.0,0.43729436,1.0875294,300.50302,nan,0.0,0.0,0.0,0.0,0.0,0.0,0.0,0.0,0.0,0.0,0.0,0.0,0.0,0.0,0.0,0.0,0.0,0.0,0.005,11.5835285,11.59099,0.4394393,0.0,0.0,4.509989,1300,0,0,0,0,0,0,0,0,1,3,0,0,1,0,0,0
9146579435,11.578555,-0.0,6.789969,0.0,0.43724743,1.0875393,301.67444,nan,0.0,0.0,0.0,0.0,0.0,0.0,0.0,0.0,0.0,0.0,0.0,0.0,0.0,0.0,0.0,0.0,0.0,0.0,0.005,11.578555,11.59099,0.4394393,0.0,0.0,4.509989,1300,0,0,0,0,0,0,0,0,1,3,0,0,1,0,0,0
9146779436,11.59099,-0.0,6.7628894,0.0,0.4371978,1.087545,302.84857,nan,0.0,0.0,0.0,0.0,0.0,0.0,0.0,0.0,0.0,0.0,0.0,0.0,0.0,0.0,0.0,0.0,0.0,0.0,0.005,11.59099,11.59099,0.4394393,0.0,0.0,4.509989,1300,0,0,0,0,0,0,0,0,1,3,0,0,1,0,0,0
9146979456,11.589747,-0.0,6.7358904,0.0,0.43715233,1.087544,304.0303,nan,0.0,0.0,0.0,0.0,0.0,0.0,0.0,0.0,0.0,0.0,0.0,0.0,0.0,0.0,0.0,0.0,0.0,0.0,0.005,11.589747,11.59099,0.4394393,0.0,0.0,4.509989,1300,0,0,0,0,0,0,0,0,1,3,0,0,1,0,0,0
9147179449,11.578555,-0.0,6.7090225,0.0,0.43710926,1.087557,305.21814,nan,0.0,0.0,0.0,0.0,0.0,0.0,0.0,0.0,0.0,0.0,0.0,0.0,0.0,0.0,0.0,0.0,0.0,0.0,0.005,11.578555,11.59099,0.4394393,0.0,0.0,4.509989,1300,0,0,0,0,0,0,0,0,1,3,0,0,1,0,0,0
9147379454,11.581042,-0.0,6.682261,0.0,0.43706587,1.0875577,306.4104,nan,0.0,0.0,0.0,0.0,0.0,0.0,0.0,0.0,0.0,0.0,0.0,0.0,0.0,0.0,0.0,0.0,0.0,0.0,0.005,11.581042,11.59099,0.4394393,0.0,0.0,4.509989,1300,0,0,0,0,0,0,0,0,1,3,0,0,1,0,0,0
9147579441,11.584772,-0.0,6.655581,0.0,0.4370202,1.0875744,307.60568,nan,0.0,0.0,0.0,0.0,0.0,0.0,0.0,0.0,0.0,0.0,0.0,0.0,0.0,0.0,0.0,0.0,0.0,0.0,0.005,11.584772,11.59099,0.4394393,0.0,0.0,4.509989,1300,0,0,0,0,0,0,0,0,1,3,0,0,1,0,0,0
9147779448,11.578555,-0.0,6.6290417,0.0,0.43697602,1.0875791,308.80676,nan,0.0,0.0,0.0,0.0,0.0,0.0,0.0,0.0,0.0,0.0,0.0,0.0,0.0,0.0,0.0,0.0,0.0,0.0,0.005,11.578555,11.59099,0.4394393,0.0,0.0,4.509989,1300,0,0,0,0,0,0,0,0,1,3,0,0,1,0,0,0
9147979510,11.578555,-0.0,6.602583,0.0,0.43693087,1.087587,310.01215,nan,0.0,0.0,0.0,0.0,0.0,0.0,0.0,0.0,0.0,0.0,0.0,0.0,0.0,0.0,0.0,0.0,0.0,0.0,0.005,11.578555,11.59099,0.4394393,0.0,0.0,4.509989,1300,0,0,0,0,0,0,0,0,1,3,0,0,1,0,0,0
9148179462,11.576068,-0.0,6.5762386,0.0,0.43688488,1.0876005,311.221,nan,0.0,0.0,0.0,0.0,0.0,0.0,0.0,0.0,0.0,0.0,0.0,0.0,0.0,0.0,0.0,0.0,0.0,0.0,0.005,11.576068,11.59099,0.4394393,0.0,0.0,4.509989,1300,0,0,0,0,0,0,0,0,1,3,0,0,1,0,0,0
9148379450,11.582285,-0.0,6.550007,0.0,0.43683454,1.0876154,312.43167,nan,0.0,0.0,0.0,0.0,0.0,0.0,0.0,0.0,0.0,0.0,0.0,0.0,0.0,0.0,0.0,0.0,0.0,0.0,0.005,11.582285,11.59099,0.4394393,0.0,0.0,4.509989,1300,0,0,0,0,0,0,0,0,1,3,0,0,1,0,0,0
9148579455,11.582285,-0.0,6.5238605,0.0,0.43678108,1.0876343,313.64493,nan,0.0,0.0,0.0,0.0,0.0,0.0,0.0,0.0,0.0,0.0,0.0,0.0,0.0,0.0,0.0,0.0,0.0,0.0,0.005,11.582285,11.59099,0.4394393,0.0,0.0,4.509989,1300,0,0,0,0,0,0,0,0,1,3,0,0,1,0,0,0
9148779457,11.584772,-0.0,6.497838,0.0,0.43672338,1.087649,314.85983,nan,0.0,0.0,0.0,0.0,0.0,0.0,0.0,0.0,0.0,0.0,0.0,0.0,0.0,0.0,0.0,0.0,0.0,0.0,0.005,11.584772,11.59099,0.4394393,0.0,0.0,4.509989,1300,0,0,0,0,0,0,0,0,1,3,0,0,1,0,0,0
9148979510,11.5773115,-0.0,6.471908,0.0,0.43666536,1.0876657,316.07947,nan,0.0,0.0,0.0,0.0,0.0,0.0,0.0,0.0,0.0,0.0,0.0,0.0,0.0,0.0,0.0,0.0,0.0,0.0,0.005,11.5773115,11.59099,0.4394393,0.0,0.0,4.509989,1300,0,0,0,0,0,0,0,0,1,3,0,0,1,0,0,0
9149179520,11.588503,-0.0,6.4460926,0.0,0.4366091,1.0876633,317.3048,nan,0.0,0.0,0.0,0.0,0.0,0.0,0.0,0.0,0.0,0.0,0.0,0.0,0.0,0.0,0.0,0.0,0.0,0.0,0.005,11.588503,11.59099,0.4394393,0.0,0.0,4.509989,1300,0,0,0,0,0,0,0,0,1,3,0,0,1,0,0,0
9149379586,11.584772,-0.0,6.4203734,0.0,0.43655494,1.0876701,318.5369,nan,0.0,0.0,0.0,0.0,0.0,0.0,0.0,0.0,0.0,0.0,0.0,0.0,0.0,0.0,0.0,0.0,0.0,0.0,0.005,11.584772,11.59099,0.4394393,0.0,0.0,4.509989,1300,0,0,0,0,0,0,0,0,1,3,0,0,1,0,0,0
9149579459,11.5835285,-0.0,6.394723,0.0,0.4365019,1.0876733,319.7733,nan,0.0,0.0,0.0,0.0,0.0,0.0,0.0,0.0,0.0,0.0,0.0,0.0,0.0,0.0,0.0,0.0,0.0,0.0,0.005,11.5835285,11.59099,0.4394393,0.0,0.0,4.509989,1300,0,0,0,0,0,0,0,0,1,3,0,0,1,0,0,0
9149779482,11.586016,-0.0,6.3692136,0.0,0.4364539,1.0876719,321.01913,nan,0.0,0.0,0.0,0.0,0.0,0.0,0.0,0.0,0.0,0.0,0.0,0.0,0.0,0.0,0.0,0.0,0.0,0.0,0.005,11.586016,11.59099,0.4394393,0.0,0.0,4.509989,1300,0,0,0,0,0,0,0,0,1,3,0,0,1,0,0,0
9149979583,11.576068,-0.0,6.3438134,0.0,0.43640113,1.0877024,322.26678,nan,0.0,0.0,0.0,0.0,0.0,0.0,0.0,0.0,0.0,0.0,0.0,0.0,0.0,0.0,0.0,0.0,0.0,0.0,0.005,11.576068,11.59099,0.4394393,0.0,0.0,4.509989,1300,0,0,0,0,0,0,0,0,1,3,0,0,1,0,0,0
9150179450,11.582285,-0.0,6.3185086,0.0,0.43634623,1.08771,323.51624,nan,0.0,0.0,0.0,0.0,0.0,0.0,0.0,0.0,0.0,0.0,0.0,0.0,0.0,0.0,0.0,0.0,0.0,0.0,0.005,11.582285,11.59099,0.4394393,0.0,0.0,4.509989,1300,0,0,0,0,0,0,0,0,1,3,0,0,1,0,0,0
9150379462,11.578555,-0.0,6.293276,0.0,0.43628797,1.0877322,324.76898,nan,0.0,0.0,0.0,0.0,0.0,0.0,0.0,0.0,0.0,0.0,0.0,0.0,0.0,0.0,0.0,0.0,0.0,0.0,0.005,11.578555,11.59099,0.4394393,0.0,0.0,4.509989,1300,0,0,0,0,0,0,0,0,1,3,0,0,1,0,0,0
9150579427,11.581042,-0.0,6.2681804,0.0,0.43622854,1.0877362,326.0254,nan,0.0,0.0,0.0,0.0,0.0,0.0,0.0,0.0,0.0,0.0,0.0,0.0,0.0,0.0,0.0,0.0,0.0,0.0,0.005,11.581042,11.59099,0.4394393,0.0,0.0,4.509989,1300,0,0,0,0,0,0,0,0,1,3,0,0,1,0,0,0
9150779447,11.582285,-0.0,6.2431836,0.0,0.43617257,1.0877379,327.28955,nan,0.0,0.0,0.0,0.0,0.0,0.0,0.0,0.0,0.0,0.0,0.0,0.0,0.0,0.0,0.0,0.0,0.0,0.0,0.005,11.582285,11.59099,0.4394393,0.0,0.0,4.509989,1300,0,0,0,0,0,0,0,0,1,3,0,0,1,0,0,0
9150979453,11.579799,-0.0,6.2182746,0.0,0.43611753,1.0877488,328.55923,nan,0.0,0.0,0.0,0.0,0.0,0.0,0.0,0.0,0.0,0.0,0.0,0.0,0.0,0.0,0.0,0.0,0.0,0.0,0.005,11.579799,11.59099,0.4394393,0.0,0.0,4.509989,1300,0,0,0,0,0,0,0,0,1,3,0,0,1,0,0,0
9151179443,11.5773115,-0.0,6.193454,0.0,0.43606263,1.0877581,329.83386,nan,0.0,0.0,0.0,0.0,0.0,0.0,0.0,0.0,0.0,0.0,0.0,0.0,0.0,0.0,0.0,0.0,0.0,0.0,0.005,11.5773115,11.59099,0.4394393,0.0,0.0,4.509989,1300,0,0,0,0,0,0,0,0,1,3,0,0,1,0,0,0
9151379442,11.587259,-0.0,6.168751,0.0,0.43600923,1.0877554,331.1147,nan,0.0,0.0,0.0,0.0,0.0,0.0,0.0,0.0,0.0,0.0,0.0,0.0,0.0,0.0,0.0,0.0,0.0,0.0,0.005,11.587259,11.59099,0.4394393,0.0,0.0,4.509989,1300,0,0,0,0,0,0,0,0,1,3,0,0,1,0,0,0
9151579454,11.578555,-0.0,6.1441264,0.0,0.43595788,1.0877644,332.40204,nan,0.0,0.0,0.0,0.0,0.0,0.0,0.0,0.0,0.0,0.0,0.0,0.0,0.0,0.0,0.0,0.0,0.0,0.0,0.005,11.578555,11.59099,0.4394393,0.0,0.0,4.509989,1300,0,0,0,0,0,0,0,0,1,3,0,0,1,0,0,0
9151779452,11.582285,-0.0,6.119621,0.0,0.4359081,1.0877696,333.6955,nan,0.0,0.0,0.0,0.0,0.0,0.0,0.0,0.0,0.0,0.0,0.0,0.0,0.0,0.0,0.0,0.0,0.0,0.0,0.005,11.582285,11.59099,0.4394393,0.0,0.0,4.509989,1300,0,0,0,0,0,0,0,0,1,3,0,0,1,0,0,0
9151979439,11.587259,-0.0,6.095203,0.0,0.43585753,1.0877769,334.99338,nan,0.0,0.0,0.0,0.0,0.0,0.0,0.0,0.0,0.0,0.0,0.0,0.0,0.0,0.0,0.0,0.0,0.0,0.0,0.005,11.587259,11.59099,0.4394393,0.0,0.0,4.509989,1300,0,0,0,0,0,0,0,0,1,3,0,0,1,0,0,0
9152179440,11.588503,-0.0,6.070871,0.0,0.43580943,1.0877781,336.29822,nan,0.0,0.0,0.0,0.0,0.0,0.0,0.0,0.0,0.0,0.0,0.0,0.0,0.0,0.0,0.0,0.0,0.0,0.0,0.005,11.588503,11.59099,0.4394393,0.0,0.0,4.509989,1300,0,0,0,0,0,0,0,0,1,3,0,0,1,0,0,0
9152379442,11.584772,-0.0,6.0466623,0.0,0.4357621,1.0877897,337.6088,nan,0.0,0.0,0.0,0.0,0.0,0.0,0.0,0.0,0.0,0.0,0.0,0.0,0.0,0.0,0.0,0.0,0.0,0.0,0.005,11.584772,11.59099,0.4394393,0.0,0.0,4.509989,1300,0,0,0,0,0,0,0,0,1,3,0,0,1,0,0,0
9152579433,11.5773115,-0.0,6.02252,0.0,0.43571344,1.0877995,338.9233,nan,0.0,0.0,0.0,0.0,0.0,0.0,0.0,0.0,0.0,0.0,0.0,0.0,0.0,0.0,0.0,0.0,0.0,0.0,0.005,11.5773115,11.59099,0.4394393,0.0,0.0,4.509989,1300,0,0,0,0,0,0,0,0,1,3,0,0,1,0,0,0
9152779456,11.584772,-0.0,5.9985,0.0,0.435667,1.0877964,340.24493,nan,0.0,0.0,0.0,0.0,0.0,0.0,0.0,0.0,0.0,0.0,0.0,0.0,0.0,0.0,0.0,0.0,0.0,0.0,0.005,11.584772,11.59099,0.4394393,0.0,0.0,4.509989,1300,0,0,0,0,0,0,0,0,1,3,0,0,1,0,0,0
9152979451,11.582285,-0.0,5.9745703,0.0,0.43562222,1.0878049,341.5728,nan,0.0,0.0,0.0,0.0,0.0,0.0,0.0,0.0,0.0,0.0,0.0,0.0,0.0,0.0,0.0,0.0,0.0,0.0,0.005,11.582285,11.59099,0.4394393,0.0,0.0,4.509989,1300,0,0,0,0,0,0,0,0,1,3,0,0,1,0,0,0
9153179447,11.582285,-0.0,5.9507313,0.0,0.43557692,1.0878142,342.90546,nan,0.0,0.0,0.0,0.0,0.0,0.0,0.0,0.0,0.0,0.0,0.0,0.0,0.0,0.0,0.0,0.0,0.0,0.0,0.005,11.582285,11.59099,0.4394393,0.0,0.0,4.509989,1300,0,0,0,0,0,0,0,0,1,3,0,0,1,0,0,0
9153379446,11.584772,-0.0,5.9269905,0.0,0.4355315,1.0878196,344.2432,nan,0.0,0.0,0.0,0.0,0.0,0.0,0.0,0.0,0.0,0.0,0.0,0.0,0.0,0.0,0.0,0.0,0.0,0.0,0.005,11.584772,11.59099,0.4394393,0.0,0.0,4.509989,1300,0,0,0,0,0,0,0,0,1,3,0,0,1,0,0,0
9153579447,11.579799,-0.0,5.9033155,0.0,0.43548736,1.0878248,345.58722,nan,0.0,0.0,0.0,0.0,0.0,0.0,0.0,0.0,0.0,0.0,0.0,0.0,0.0,0.0,0.0,0.0,0.0,0.0,0.005,11.579799,11.59099,0.4394393,0.0,0.0,4.509989,1300,0,0,0,0,0,0,0,0,1,3,0,0,1,0,0,0
9153779454,11.586016,-0.0,5.8797755,0.0,0.43544304,1.0878357,346.9364,nan,0.0,0.0,0.0,0.0,0.0,0.0,0.0,0.0,0.0,0.0,0.0,0.0,0.0,0.0,0.0,0.0,0.0,0.0,0.005,11.586016,11.59099,0.4394393,0.0,0.0,4.509989,1300,0,0,0,0,0,0,0,0,1,3,0,0,1,0,0,0
9153979493,11.582285,-0.0,5.8563166,0.0,0.4353977,1.0878438,348.29025,nan,0.0,0.0,0.0,0.0,0.0,0.0,0.0,0.0,0.0,0.0,0.0,0.0,0.0,0.0,0.0,0.0,0.0,0.0,0.005,11.582285,11.59099,0.4394393,0.0,0.0,4.509989,1300,0,0,0,0,0,0,0,0,1,3,0,0,1,0,0,0
9154179466,11.581042,-0.0,5.832948,0.0,0.43535253,1.0878505,349.64905,nan,0.0,0.0,0.0,0.0,0.0,0.0,0.0,0.0,0.0,0.0,0.0,0.0,0.0,0.0,0.0,0.0,0.0,0.0,0.005,11.581042,11.59099,0.4394393,0.0,0.0,4.509989,1300,0,0,0,0,0,0,0,0,1,3,0,0,1,0,0,0
9154379439,11.581042,-0.0,5.8096824,0.0,0.4353103,1.0878512,351.0155,nan,0.0,0.0,0.0,0.0,0.0,0.0,0.0,0.0,0.0,0.0,0.0,0.0,0.0,0.0,0.0,0.0,0.0,0.0,0.005,11.581042,11.59099,0.4394393,0.0,0.0,4.509989,1300,0,0,0,0,0,0,0,0,1,3,0,0,1,0,0,0
9154579440,11.582285,-0.0,5.786492,0.0,0.4352694,1.0878541,352.38858,nan,0.0,0.0,0.0,0.0,0.0,0.0,0.0,0.0,0.0,0.0,0.0,0.0,0.0,0.0,0.0,0.0,0.0,0.0,0.005,11.582285,11.59099,0.4394393,0.0,0.0,4.509989,1300,0,0,0,0,0,0,0,0,1,3,0,0,1,0,0,0
9154779446,11.579799,-0.0,5.7634068,0.0,0.43522984,1.0878617,353.7681,nan,0.0,0.0,0.0,0.0,0.0,0.0,0.0,0.0,0.0,0.0,0.0,0.0,0.0,0.0,0.0,0.0,0.0,0.0,0.005,11.579799,11.59099,0.4394393,0.0,0.0,4.509989,1300,0,0,0,0,0,0,0,0,1,3,0,0,1,0,0,0
9154979583,11.572337,-0.0,5.740411,0.0,0.4351902,1.08787,355.154,nan,0.0,0.0,0.0,0.0,0.0,0.0,0.0,0.0,0.0,0.0,0.0,0.0,0.0,0.0,0.0,0.0,0.0,0.0,0.005,11.572337,11.59099,0.4394393,0.0,0.0,4.509989,1300,0,0,0,0,0,0,0,0,1,3,0,0,1,0,0,0
9155179492,11.581042,-0.0,5.7289376,0.0,0.43514723,1.0878812,355.47412,nan,0.0,0.0,0.0,0.0,0.0,0.0,0.0,0.0,0.0,0.0,0.0,0.0,0.0,0.0,0.0,0.0,0.0,0.0,0.005,11.581042,11.59099,0.4394393,0.0,0.0,4.509989,1300,0,0,0,0,0,0,0,0,1,3,0,0,1,0,0,0
9155379527,11.5773115,-0.0,5.7289376,0.0,0.43510535,1.0878899,355.43994,nan,0.0,0.0,0.0,0.0,0.0,0.0,0.0,0.0,0.0,0.0,0.0,0.0,0.0,0.0,0.0,0.0,0.0,0.0,0.005,11.5773115,11.59099,0.4394393,0.0,0.0,4.509989,1300,0,0,0,0,0,0,0,0,1,3,0,0,1,0,0,0
9155579502,11.579799,-0.0,5.7289376,0.0,0.43506247,1.0878971,355.4049,nan,0.0,0.0,0.0,0.0,0.0,0.0,0.0,0.0,0.0,0.0,0.0,0.0,0.0,0.0,0.0,0.0,0.0,0.0,0.005,11.579799,11.59099,0.4394393,0.0,0.0,4.509989,1300,0,0,0,0,0,0,0,0,1,3,0,0,1,0,0,0
9155779508,11.582285,-0.0,5.7289376,0.0,0.43501645,1.0879107,355.36728,nan,0.0,0.0,0.0,0.0,0.0,0.0,0.0,0.0,0.0,0.0,0.0,0.0,0.0,0.0,0.0,0.0,0.0,0.0,0.005,11.582285,11.59099,0.4394393,0.0,0.0,4.509989,1300,0,0,0,0,0,0,0,0,1,3,0,0,1,0,0,0
9155979635,11.586016,-0.0,5.7289376,0.0,0.43497238,1.0879078,355.3313,nan,0.0,0.0,0.0,0.0,0.0,0.0,0.0,0.0,0.0,0.0,0.0,0.0,0.0,0.0,0.0,0.0,0.0,0.0,0.005,11.586016,11.59099,0.4394393,0.0,0.0,4.509989,1300,0,0,0,0,0,0,0,0,1,3,0,0,1,0,0,0
9156179476,11.581042,-0.0,5.7289376,0.0,0.43493173,1.0879096,355.2981,nan,0.0,0.0,0.0,0.0,0.0,0.0,0.0,0.0,0.0,0.0,0.0,0.0,0.0,0.0,0.0,0.0,0.0,0.0,0.005,11.581042,11.59099,0.4394393,0.0,0.0,4.509989,1300,0,0,0,0,0,0,0,0,1,3,0,0,1,0,0,0
9156379564,11.584772,-0.0,5.7289376,0.0,0.4348952,1.0879023,355.26825,nan,0.0,0.0,0.0,0.0,0.0,0.0,0.0,0.0,0.0,0.0,0.0,0.0,0.0,0.0,0.0,0.0,0.0,0.0,0.005,11.584772,11.59099,0.4394393,0.0,0.0,4.509989,1300,0,0,0,0,0,0,0,0,1,3,0,0,1,0,0,0
9156579467,11.581042,-0.0,5.7289376,0.0,0.43485665,1.087919,355.23676,nan,0.0,0.0,0.0,0.0,0.0,0.0,0.0,0.0,0.0,0.0,0.0,0.0,0.0,0.0,0.0,0.0,0.0,0.0,0.005,11.581042,11.59099,0.4394393,0.0,0.0,4.509989,1300,0,0,0,0,0,0,0,0,1,3,0,0,1,0,0,0
9156779598,11.582285,-0.0,5.7289376,0.0,0.43481913,1.0879203,355.20612,nan,0.0,0.0,0.0,0.0,0.0,0.0,0.0,0.0,0.0,0.0,0.0,0.0,0.0,0.0,0.0,0.0,0.0,0.0,0.005,11.582285,11.59099,0.4394393,0.0,0.0,4.509989,1300,0,0,0,0,0,0,0,0,1,3,0,0,1,0,0,0
9156979546,11.579799,-0.0,5.7289376,0.0,0.43478298,1.0879287,355.17657,nan,0.0,0.0,0.0,0.0,0.0,0.0,0.0,0.0,0.0,0.0,0.0,0.0,0.0,0.0,0.0,0.0,0.0,0.0,0.005,11.579799,11.59099,0.4394393,0.0,0.0,4.509989,1300,0,0,0,0,0,0,0,0,1,3,0,0,1,0,0,0
9157179443,11.588503,-0.0,5.7289376,0.0,0.4347496,1.0879172,355.14932,nan,0.0,0.0,0.0,0.0,0.0,0.0,0.0,0.0,0.0,0.0,0.0,0.0,0.0,0.0,0.0,0.0,0.0,0.0,0.005,11.588503,11.59099,0.4394393,0.0,0.0,4.509989,1300,0,0,0,0,0,0,0,0,1,3,0,0,1,0,0,0
9157379428,11.582285,-0.0,5.7289376,0.0,0.43472472,1.087905,355.12897,nan,0.0,0.0,0.0,0.0,0.0,0.0,0.0,0.0,0.0,0.0,0.0,0.0,0.0,0.0,0.0,0.0,0.0,0.0,0.005,11.582285,11.59099,0.4394393,0.0,0.0,4.509989,1300,0,0,0,0,0,0,0,0,1,3,0,0,1,0,0,0
9157579432,11.582285,-0.0,5.7289376,0.0,0.4347012,1.0879047,355.10977,nan,0.0,0.0,0.0,0.0,0.0,0.0,0.0,0.0,0.0,0.0,0.0,0.0,0.0,0.0,0.0,0.0,0.0,0.0,0.005,11.582285,11.59099,0.4394393,0.0,0.0,4.509989,1300,0,0,0,0,0,0,0,0,1,3,0,0,1,0,0,0
9157779441,11.5835285,-0.0,5.7289376,0.0,0.4346785,1.0879112,355.09122,nan,0.0,0.0,0.0,0.0,0.0,0.0,0.0,0.0,0.0,0.0,0.0,0.0,0.0,0.0,0.0,0.0,0.0,0.0,0.005,11.5835285,11.59099,0.4394393,0.0,0.0,4.509989,1300,0,0,0,0,0,0,0,0,1,3,0,0,1,0,0,0
9157979434,11.582285,-0.0,5.7289376,0.0,0.43465462,1.0879163,355.07172,nan,0.0,0.0,0.0,0.0,0.0,0.0,0.0,0.0,0.0,0.0,0.0,0.0,0.0,0.0,0.0,0.0,0.0,0.0,0.005,11.582285,11.59099,0.4394393,0.0,0.0,4.509989,1300,0,0,0,0,0,0,0,0,1,3,0,0,1,0,0,0
9158179443,11.584772,-0.0,5.7289376,0.0,0.4346357,1.087903,355.05627,nan,0.0,0.0,0.0,0.0,0.0,0.0,0.0,0.0,0.0,0.0,0.0,0.0,0.0,0.0,0.0,0.0,0.0,0.0,0.005,11.584772,11.59099,0.4394393,0.0,0.0,4.509989,1300,0,0,0,0,0,0,0,0,1,3,0,0,1,0,0,0
9158379479,11.587259,-0.0,5.7289376,0.0,0.43461624,1.0879095,355.04034,nan,0.0,0.0,0.0,0.0,0.0,0.0,0.0,0.0,0.0,0.0,0.0,0.0,0.0,0.0,0.0,0.0,0.0,0.0,0.005,11.587259,11.59099,0.4394393,0.0,0.0,4.509989,1300,0,0,0,0,0,0,0,0,1,3,0,0,1,0,0,0
9158579428,11.5773115,-0.0,5.7289376,0.0,0.43459558,1.0879238,355.02347,nan,0.0,0.0,0.0,0.0,0.0,0.0,0.0,0.0,0.0,0.0,0.0,0.0,0.0,0.0,0.0,0.0,0.0,0.0,0.005,11.5773115,11.59099,0.4394393,0.0,0.0,4.509989,1300,0,0,0,0,0,0,0,0,1,3,0,0,1,0,0,0
9158779438,11.5835285,-0.0,5.7289376,0.0,0.4345781,1.0879114,355.0092,nan,0.0,0.0,0.0,0.0,0.0,0.0,0.0,0.0,0.0,0.0,0.0,0.0,0.0,0.0,0.0,0.0,0.0,0.0,0.005,11.5835285,11.59099,0.4394393,0.0,0.0,4.509989,1300,0,0,0,0,0,0,0,0,1,3,0,0,1,0,0,0
9158979445,11.587259,-0.0,5.7289376,0.0,0.43456635,1.087896,354.9996,nan,0.0,0.0,0.0,0.0,0.0,0.0,0.0,0.0,0.0,0.0,0.0,0.0,0.0,0.0,0.0,0.0,0.0,0.0,0.005,11.587259,11.59099,0.4394393,0.0,0.0,4.509989,1300,0,0,0,0,0,0,0,0,1,3,0,0,1,0,0,0
9159179446,11.588503,-0.0,5.7289376,0.0,0.43455902,1.0878867,354.9936,nan,0.0,0.0,0.0,0.0,0.0,0.0,0.0,0.0,0.0,0.0,0.0,0.0,0.0,0.0,0.0,0.0,0.0,0.0,0.005,11.588503,11.59099,0.4394393,0.0,0.0,4.509989,1300,0,0,0,0,0,0,0,0,1,3,0,0,1,0,0,0
9159379506,11.581042,-0.0,5.7289376,0.0,0.4345554,1.0878837,354.9907,nan,0.0,0.0,0.0,0.0,0.0,0.0,0.0,0.0,0.0,0.0,0.0,0.0,0.0,0.0,0.0,0.0,0.0,0.0,0.005,11.581042,11.59099,0.4394393,0.0,0.0,4.509989,1300,0,0,0,0,0,0,0,0,1,3,0,0,1,0,0,0
9159579437,11.588503,-0.0,5.7289376,0.0,0.43455386,1.0878775,354.9894,nan,0.0,0.0,0.0,0.0,0.0,0.0,0.0,0.0,0.0,0.0,0.0,0.0,0.0,0.0,0.0,0.0,0.0,0.0,0.005,11.588503,11.59099,0.4394393,0.0,0.0,4.509989,1300,0,0,0,0,0,0,0,0,1,3,0,0,1,0,0,0
9159779441,11.586016,-0.0,5.7289376,0.0,0.43455032,1.0878873,354.9865,nan,0.0,0.0,0.0,0.0,0.0,0.0,0.0,0.0,0.0,0.0,0.0,0.0,0.0,0.0,0.0,0.0,0.0,0.0,0.005,11.586016,11.59099,0.4394393,0.0,0.0,4.509989,1300,0,0,0,0,0,0,0,0,1,3,0,0,1,0,0,0
9159979480,11.5773115,-0.0,5.7289376,0.0,0.4345472,1.0878867,354.98392,nan,0.0,0.0,0.0,0.0,0.0,0.0,0.0,0.0,0.0,0.0,0.0,0.0,0.0,0.0,0.0,0.0,0.0,0.0,0.005,11.5773115,11.59099,0.4394393,0.0,0.0,4.509989,1300,0,0,0,0,0,0,0,0,1,3,0,0,1,0,0,0
9160179451,11.5835285,-0.0,5.7289376,0.0,0.43454432,1.0878801,354.9816,nan,0.0,0.0,0.0,0.0,0.0,0.0,0.0,0.0,0.0,0.0,0.0,0.0,0.0,0.0,0.0,0.0,0.0,0.0,0.005,11.5835285,11.59099,0.4394393,0.0,0.0,4.509989,1300,0,0,0,0,0,0,0,0,1,3,0,0,1,0,0,0
9160379442,11.578555,-0.0,5.7289376,0.0,0.43454263,1.0878866,354.9802,nan,0.0,0.0,0.0,0.0,0.0,0.0,0.0,0.0,0.0,0.0,0.0,0.0,0.0,0.0,0.0,0.0,0.0,0.0,0.005,11.578555,11.59099,0.4394393,0.0,0.0,4.509989,1300,0,0,0,0,0,0,0,0,1,3,0,0,1,0,0,0
9160579438,11.578555,-0.0,5.7289376,0.0,0.43453902,1.0878893,354.97723,nan,0.0,0.0,0.0,0.0,0.0,0.0,0.0,0.0,0.0,0.0,0.0,0.0,0.0,0.0,0.0,0.0,0.0,0.0,0.005,11.578555,11.59099,0.4394393,0.0,0.0,4.509989,1300,0,0,0,0,0,0,0,0,1,3,0,0,1,0,0,0
9160779519,11.579799,-0.0,5.7289376,0.0,0.43453205,1.0878975,354.9716,nan,0.0,0.0,0.0,0.0,0.0,0.0,0.0,0.0,0.0,0.0,0.0,0.0,0.0,0.0,0.0,0.0,0.0,0.0,0.005,11.579799,11.59099,0.4394393,0.0,0.0,4.509989,1300,0,0,0,0,0,0,0,0,1,3,0,0,1,0,0,0
9160979489,11.587259,-0.0,5.7289376,0.0,0.43452585,1.0878906,354.96652,nan,0.0,0.0,0.0,0.0,0.0,0.0,0.0,0.0,0.0,0.0,0.0,0.0,0.0,0.0,0.0,0.0,0.0,0.0,0.005,11.587259,11.59099,0.4394393,0.0,0.0,4.509989,1300,0,0,0,0,0,0,0,0,1,3,0,0,1,0,0,0
9161179514,11.584772,-0.0,5.7289376,0.0,0.43452454,1.0878853,354.96545,nan,0.0,0.0,0.0,0.0,0.0,0.0,0.0,0.0,0.0,0.0,0.0,0.0,0.0,0.0,0.0,0.0,0.0,0.0,0.005,11.584772,11.59099,0.4394393,0.0,0.0,4.509989,1300,0,0,0,0,0,0,0,0,1,3,0,0,1,0,0,0
9161379478,11.579799,-0.0,5.7289376,0.0,0.4345245,1.0878812,354.9654,nan,0.0,0.0,0.0,0.0,0.0,0.0,0.0,0.0,0.0,0.0,0.0,0.0,0.0,0.0,0.0,0.0,0.0,0.0,0.005,11.579799,11.59099,0.4394393,0.0,0.0,4.509989,1300,0,0,0,0,0,0,0,0,1,3,0,0,1,0,0,0
9161579520,11.581042,-0.0,5.7289376,0.0,0.43452558,1.0878808,354.96628,nan,0.0,0.0,0.0,0.0,0.0,0.0,0.0,0.0,0.0,0.0,0.0,0.0,0.0,0.0,0.0,0.0,0.0,0.0,0.005,11.581042,11.59099,0.4394393,0.0,0.0,4.509989,1300,0,0,0,0,0,0,0,0,1,3,0,0,1,0,0,0
9161779450,11.584772,-0.0,5.7289376,0.0,0.43452474,1.0878849,354.9656,nan,0.0,0.0,0.0,0.0,0.0,0.0,0.0,0.0,0.0,0.0,0.0,0.0,0.0,0.0,0.0,0.0,0.0,0.0,0.005,11.584772,11.59099,0.4394393,0.0,0.0,4.509989,1300,0,0,0,0,0,0,0,0,1,3,0,0,1,0,0,0
9161979631,11.572337,-0.0,5.7289376,0.0,0.43452197,1.0878946,354.96332,nan,0.0,0.0,0.0,0.0,0.0,0.0,0.0,0.0,0.0,0.0,0.0,0.0,0.0,0.0,0.0,0.0,0.0,0.0,0.005,11.572337,11.59099,0.4394393,0.0,0.0,4.509989,1300,0,0,0,0,0,0,0,0,1,3,0,0,1,0,0,0
